0.000000E0,1.980529E-2,1.545650E-4
3.333333E-2,2.008804E-2,1.622977E-4
6.684444E-2,2.046593E-2,1.716502E-4
1.001667E-1,2.075800E-2,1.865934E-4
1.335000E-1,2.104883E-2,1.956831E-4
1.668222E-1,2.132567E-2,1.939707E-4
2.003444E-1,2.165707E-2,1.963571E-4
2.336778E-1,2.197718E-2,1.940428E-4
2.670000E-1,2.232162E-2,1.950370E-4
3.003333E-1,2.265638E-2,1.993588E-4
3.338556E-1,2.292379E-2,1.969082E-4
3.671778E-1,2.320727E-2,1.931569E-4
4.005111E-1,2.354509E-2,2.007342E-4
4.338333E-1,2.384243E-2,1.905138E-4
4.673111E-1,2.416804E-2,1.975492E-4
5.006333E-1,2.440819E-2,1.974287E-4
5.339667E-1,2.469148E-2,1.904387E-4
5.672889E-1,2.494231E-2,1.920116E-4
6.008111E-1,2.518090E-2,2.012484E-4
6.341444E-1,2.542284E-2,2.088385E-4
6.674667E-1,2.570418E-2,2.128888E-4
7.008000E-1,2.587344E-2,2.031493E-4
7.343111E-1,2.613336E-2,2.099806E-4
7.676333E-1,2.637292E-2,2.149876E-4
8.009667E-1,2.658719E-2,2.088253E-4
8.342889E-1,2.682001E-2,2.132934E-4
8.678333E-1,2.700843E-2,2.126239E-4
9.011667E-1,2.719878E-2,2.135557E-4
9.344889E-1,2.738842E-2,2.136267E-4
9.678222E-1,2.761510E-2,2.149149E-4
1.001311E0,2.778716E-2,2.108903E-4
1.034633E0,2.800324E-2,2.084626E-4
1.067967E0,2.817996E-2,2.071201E-4
1.101289E0,2.838636E-2,2.025875E-4
1.134811E0,2.853572E-2,1.962032E-4
1.168144E0,2.869722E-2,2.015018E-4
1.201467E0,2.886134E-2,2.025880E-4
1.234800E0,2.904060E-2,2.035372E-4
1.268311E0,2.919976E-2,1.907647E-4
1.301644E0,2.936748E-2,1.971782E-4
1.334967E0,2.950354E-2,1.966359E-4
1.368300E0,2.960916E-2,2.026743E-4
1.401822E0,2.976396E-2,2.136426E-4
1.435156E0,2.985154E-2,2.118326E-4
1.468478E0,2.993697E-2,2.076631E-4
1.501811E0,3.007729E-2,2.148333E-4
1.535289E0,3.015516E-2,2.198772E-4
1.568622E0,3.026282E-2,2.200546E-4
1.601944E0,3.031411E-2,2.074792E-4
1.635278E0,3.044587E-2,2.038653E-4
1.668800E0,3.055317E-2,2.168644E-4
1.702133E0,3.059192E-2,2.063151E-4
1.735456E0,3.063062E-2,2.037779E-4
1.768789E0,3.068392E-2,2.030783E-4
1.802278E0,3.070892E-2,1.979514E-4
1.835611E0,3.081990E-2,1.943775E-4
1.868944E0,3.089108E-2,1.961278E-4
1.902267E0,3.094943E-2,1.866882E-4
1.935800E0,3.096982E-2,1.866827E-4
1.969122E0,3.096384E-2,1.857898E-4
2.002456E0,3.096735E-2,1.837337E-4
2.035778E0,3.095513E-2,1.836753E-4
2.069289E0,3.095292E-2,1.857639E-4
2.102622E0,3.094214E-2,1.863642E-4
2.135944E0,3.093500E-2,1.866176E-4
2.169278E0,3.092722E-2,1.883394E-4
2.202811E0,3.090530E-2,1.804166E-4
2.236144E0,3.089674E-2,1.776451E-4
2.269467E0,3.085735E-2,1.803629E-4
2.302800E0,3.084435E-2,1.795318E-4
2.336267E0,3.082975E-2,1.752807E-4
2.369600E0,3.078323E-2,1.700079E-4
2.402922E0,3.076194E-2,1.688635E-4
2.436256E0,3.073137E-2,1.674460E-4
2.469789E0,3.069795E-2,1.597324E-4
2.503111E0,3.069937E-2,1.549984E-4
2.536444E0,3.066512E-2,1.684023E-4
2.569767E0,3.054243E-2,1.623438E-4
2.603267E0,3.047973E-2,1.511111E-4
2.636600E0,3.035859E-2,1.475819E-4
2.669922E0,3.027266E-2,1.586528E-4
2.703256E0,3.014199E-2,1.591323E-4
2.736744E0,3.001182E-2,1.473267E-4
2.770078E0,2.993072E-2,1.444850E-4
2.803400E0,2.982463E-2,1.519504E-4
2.836733E0,2.967426E-2,1.487103E-4
2.870267E0,2.952164E-2,1.545338E-4
2.903600E0,2.934102E-2,1.542323E-4
2.936922E0,2.919619E-2,1.458508E-4
2.970256E0,2.904982E-2,1.531696E-4
3.003767E0,2.887168E-2,1.406432E-4
3.037089E0,2.874213E-2,1.555317E-4
3.070422E0,2.854544E-2,1.421328E-4
3.103744E0,2.839277E-2,1.474321E-4
3.137256E0,2.814970E-2,1.242110E-4
3.170578E0,2.797888E-2,1.391413E-4
3.203911E0,2.776738E-2,1.320753E-4
3.237233E0,2.758628E-2,1.350618E-4
3.270756E0,2.735080E-2,1.258926E-4
3.304078E0,2.718924E-2,1.207422E-4
3.337411E0,2.694507E-2,1.078001E-4
3.370744E0,2.674746E-2,1.189135E-4
3.404278E0,2.652540E-2,1.017274E-4
3.437600E0,2.630720E-2,1.162930E-4
3.470933E0,2.605463E-2,1.206124E-4
3.504256E0,2.580036E-2,1.113683E-4
3.537822E0,2.555144E-2,1.094110E-4
3.571144E0,2.531638E-2,1.081570E-4
3.604478E0,2.501544E-2,9.350893E-5
3.637800E0,2.479506E-2,9.718333E-5
3.671256E0,2.453643E-2,1.023012E-4
3.704589E0,2.421134E-2,8.843335E-5
3.737911E0,2.398141E-2,1.020965E-4
3.771244E0,2.371923E-2,9.722105E-5
3.804733E0,2.340857E-2,8.922579E-5
3.838056E0,2.310445E-2,7.673498E-5
3.871389E0,2.284446E-2,7.261513E-5
3.904711E0,2.256290E-2,7.760533E-5
3.938222E0,2.224168E-2,7.742977E-5
3.971544E0,2.192500E-2,5.796032E-5
4.004878E0,2.164628E-2,6.221198E-5
4.038200E0,2.136703E-2,6.869381E-5
4.071744E0,2.103289E-2,6.546348E-5
4.105067E0,2.069639E-2,6.385317E-5
4.138400E0,2.036264E-2,6.758982E-5
4.171722E0,2.000807E-2,4.608502E-5
4.205211E0,1.969601E-2,5.026172E-5
4.238544E0,1.938275E-2,5.771212E-5
4.271867E0,1.904830E-2,6.568301E-5
4.305200E0,1.869836E-2,6.251400E-5
4.338711E0,1.833921E-2,6.245173E-5
4.372044E0,1.798905E-2,5.637462E-5
4.405367E0,1.760466E-2,5.794392E-5
4.438700E0,1.725332E-2,6.449224E-5
4.472211E0,1.685197E-2,5.884572E-5
4.505544E0,1.647100E-2,6.841832E-5
4.538867E0,1.609617E-2,6.721581E-5
4.572200E0,1.570736E-2,6.398896E-5
4.605711E0,1.531533E-2,6.028988E-5
4.639033E0,1.494110E-2,5.633422E-5
4.672367E0,1.454107E-2,5.678286E-5
4.705689E0,1.416412E-2,5.856914E-5
4.739178E0,1.377849E-2,5.618609E-5
4.772511E0,1.336519E-2,6.108032E-5
4.805833E0,1.298749E-2,6.195635E-5
4.839167E0,1.256221E-2,4.704924E-5
4.872722E0,1.219078E-2,4.637671E-5
4.906056E0,1.179384E-2,4.637785E-5
4.939378E0,1.141305E-2,5.639613E-5
4.972711E0,1.101270E-2,4.873036E-5
5.006222E0,1.061442E-2,5.063505E-5
5.039556E0,1.021607E-2,4.829351E-5
5.072878E0,9.821925E-3,5.152071E-5
5.106211E0,9.441228E-3,5.017466E-5
5.139722E0,9.050453E-3,4.673880E-5
5.173056E0,8.659775E-3,4.495422E-5
5.206378E0,8.287848E-3,5.069348E-5
5.239711E0,7.899506E-3,5.333352E-5
5.273189E0,7.508794E-3,4.753211E-5
5.306511E0,7.117522E-3,4.555345E-5
5.339844E0,6.730591E-3,4.969070E-5
5.373167E0,6.353027E-3,5.242554E-5
5.406678E0,5.954991E-3,4.349852E-5
5.440000E0,5.577639E-3,4.055453E-5
5.473333E0,5.175473E-3,4.642890E-5
5.506656E0,4.800933E-3,4.773439E-5
5.540178E0,4.401181E-3,3.740827E-5
5.573511E0,3.999405E-3,4.398125E-5
5.606833E0,3.620565E-3,4.645438E-5
5.640167E0,3.222245E-3,4.282719E-5
5.673767E0,2.843083E-3,4.348360E-5
5.707100E0,2.449988E-3,4.639516E-5
5.740422E0,2.079909E-3,5.226077E-5
5.773756E0,1.670685E-3,4.421908E-5
5.807167E0,1.322633E-3,6.301188E-5
5.840500E0,9.001369E-4,5.813469E-5
5.873822E0,5.279082E-4,5.225850E-5
5.907156E0,1.337902E-4,6.194589E-5
5.940678E0,-2.472042E-4,3.928557E-5
5.974000E0,-6.165201E-4,4.695340E-5
6.007333E0,-9.870451E-4,5.108268E-5
6.040656E0,-1.370855E-3,5.712859E-5
6.074200E0,-1.749023E-3,4.652197E-5
6.107522E0,-2.139967E-3,5.084472E-5
6.140856E0,-2.518670E-3,5.986213E-5
6.174178E0,-2.902285E-3,6.366335E-5
6.207678E0,-3.278785E-3,6.426348E-5
6.241000E0,-3.672095E-3,6.228551E-5
6.274333E0,-4.041937E-3,6.203059E-5
6.307656E0,-4.435273E-3,7.303759E-5
6.341156E0,-4.808813E-3,7.495058E-5
6.374478E0,-5.207182E-3,6.925092E-5
6.407811E0,-5.593068E-3,8.153951E-5
6.441144E0,-5.973276E-3,7.033555E-5
6.474644E0,-6.342167E-3,7.632653E-5
6.507967E0,-6.710073E-3,7.535544E-5
6.541300E0,-7.079484E-3,8.022031E-5
6.574622E0,-7.458066E-3,8.263726E-5
6.608144E0,-7.839702E-3,8.785355E-5
6.641467E0,-8.207803E-3,8.212275E-5
6.674800E0,-8.573474E-3,8.465266E-5
6.708122E0,-8.947606E-3,8.427551E-5
6.741656E0,-9.318145E-3,8.907925E-5
6.774978E0,-9.691850E-3,8.783177E-5
6.808311E0,-1.006577E-2,8.633307E-5
6.841633E0,-1.043951E-2,8.902571E-5
6.875111E0,-1.081973E-2,8.930989E-5
6.908444E0,-1.119387E-2,9.504585E-5
6.941767E0,-1.155959E-2,9.800296E-5
6.975100E0,-1.195220E-2,1.002940E-4
7.008622E0,-1.232572E-2,9.642322E-5
7.041944E0,-1.269166E-2,9.584887E-5
7.075278E0,-1.306199E-2,9.321196E-5
7.108600E0,-1.343658E-2,9.822606E-5
7.142133E0,-1.379502E-2,9.704930E-5
7.175456E0,-1.417672E-2,9.629166E-5
7.208789E0,-1.454316E-2,9.587447E-5
7.242111E0,-1.489908E-2,9.714425E-5
7.275656E0,-1.527510E-2,1.007002E-4
7.308989E0,-1.563540E-2,9.759735E-5
7.342311E0,-1.600363E-2,9.331022E-5
7.375644E0,-1.635751E-2,1.021965E-4
7.409111E0,-1.674137E-2,9.595625E-5
7.442444E0,-1.707628E-2,9.666787E-5
7.475767E0,-1.747950E-2,1.035390E-4
7.509100E0,-1.780464E-2,9.999189E-5
7.542622E0,-1.811587E-2,9.699669E-5
7.575956E0,-1.839464E-2,9.484660E-5
7.609278E0,-1.872671E-2,1.015422E-4
7.642611E0,-1.903315E-2,9.974604E-5
7.676111E0,-1.937573E-2,1.049411E-4
7.709444E0,-1.970406E-2,9.333242E-5
7.742767E0,-1.997810E-2,1.035557E-4
7.776100E0,-2.025984E-2,1.051949E-4
7.809622E0,-2.057071E-2,1.101985E-4
7.842956E0,-2.085558E-2,9.484103E-5
7.876278E0,-2.111761E-2,1.054965E-4
7.909611E0,-2.136691E-2,1.094121E-4
7.943133E0,-2.164379E-2,9.563440E-5
7.976456E0,-2.188787E-2,1.017054E-4
8.009789E0,-2.214982E-2,1.093491E-4
8.043111E0,-2.240459E-2,1.014056E-4
8.076622E0,-2.262947E-2,1.059212E-4
8.109956E0,-2.284943E-2,1.081877E-4
8.143278E0,-2.312915E-2,9.494242E-5
8.176611E0,-2.333948E-2,1.064646E-4
8.210122E0,-2.357781E-2,1.115702E-4
8.243456E0,-2.383549E-2,1.063261E-4
8.276778E0,-2.406975E-2,1.137022E-4
8.310111E0,-2.427723E-2,1.033233E-4
8.343611E0,-2.446706E-2,1.211229E-4
8.376944E0,-2.466238E-2,1.044544E-4
8.410267E0,-2.485669E-2,1.066380E-4
8.443600E0,-2.505116E-2,1.042858E-4
8.477078E0,-2.522926E-2,1.091644E-4
8.510400E0,-2.542618E-2,1.049984E-4
8.543733E0,-2.560065E-2,1.217796E-4
8.577056E0,-2.577153E-2,1.085767E-4
8.610600E0,-2.592975E-2,1.203663E-4
8.643933E0,-2.612050E-2,1.142166E-4
8.677256E0,-2.624453E-2,1.217886E-4
8.710589E0,-2.644995E-2,1.139365E-4
8.744078E0,-2.658166E-2,1.047915E-4
8.777411E0,-2.670142E-2,1.195462E-4
8.810744E0,-2.686473E-2,1.152642E-4
8.844067E0,-2.698471E-2,1.129194E-4
8.877622E0,-2.708520E-2,1.286894E-4
8.910956E0,-2.721651E-2,1.160997E-4
8.944278E0,-2.730018E-2,1.200498E-4
8.977611E0,-2.738619E-2,1.232402E-4
9.011067E0,-2.757666E-2,1.211346E-4
9.044400E0,-2.767721E-2,1.223529E-4
9.077722E0,-2.774477E-2,1.096616E-4
9.111056E0,-2.780571E-2,1.189948E-4
9.144567E0,-2.794057E-2,1.122725E-4
9.177889E0,-2.800611E-2,1.187690E-4
9.211222E0,-2.802523E-2,1.150616E-4
9.244544E0,-2.808211E-2,1.092356E-4
9.278200E0,-2.810301E-2,1.120811E-4
9.311533E0,-2.814614E-2,1.233521E-4
9.344856E0,-2.826253E-2,1.233104E-4
9.378189E0,-2.832203E-2,1.248278E-4
9.411633E0,-2.837822E-2,1.202009E-4
9.444967E0,-2.838095E-2,1.188552E-4
9.478289E0,-2.838782E-2,1.194788E-4
9.511622E0,-2.838486E-2,1.157755E-4
9.545100E0,-2.839911E-2,1.128820E-4
9.578422E0,-2.839298E-2,1.123690E-4
9.611756E0,-2.838438E-2,1.111189E-4
9.645078E0,-2.838058E-2,1.117992E-4
9.678556E0,-2.837252E-2,1.169956E-4
9.711878E0,-2.836822E-2,1.164680E-4
9.745211E0,-2.836088E-2,1.185643E-4
9.778544E0,-2.835426E-2,1.182559E-4
9.812056E0,-2.832376E-2,1.250889E-4
9.845378E0,-2.830755E-2,1.308205E-4
9.878711E0,-2.827633E-2,1.228016E-4
9.912033E0,-2.824714E-2,1.365319E-4
9.945544E0,-2.820570E-2,1.370917E-4
9.978878E0,-2.818546E-2,1.339580E-4
1.001220E1,-2.817336E-2,1.373515E-4
1.004553E1,-2.812898E-2,1.192013E-4
1.007901E1,-2.803217E-2,1.247494E-4
1.011234E1,-2.789980E-2,1.214330E-4
1.014567E1,-2.782448E-2,1.235274E-4
1.017900E1,-2.774765E-2,1.064480E-4
1.021253E1,-2.759049E-2,1.310653E-4
1.024586E1,-2.750386E-2,1.323866E-4
1.027919E1,-2.741451E-2,1.355284E-4
1.031251E1,-2.733475E-2,1.209408E-4
1.034609E1,-2.715896E-2,1.221386E-4
1.037942E1,-2.703352E-2,1.352701E-4
1.041274E1,-2.693266E-2,1.160565E-4
1.044608E1,-2.676716E-2,1.271242E-4
1.047953E1,-2.663475E-2,1.269054E-4
1.051286E1,-2.654353E-2,1.086563E-4
1.054619E1,-2.636162E-2,1.266679E-4
1.057951E1,-2.618650E-2,1.147903E-4
1.061301E1,-2.599633E-2,1.173242E-4
1.064634E1,-2.582232E-2,1.079759E-4
1.067967E1,-2.561649E-2,1.218210E-4
1.071300E1,-2.543440E-2,1.143296E-4
1.074653E1,-2.520685E-2,1.191787E-4
1.077986E1,-2.504715E-2,1.113651E-4
1.081319E1,-2.481437E-2,1.249277E-4
1.084651E1,-2.462706E-2,1.156317E-4
1.088002E1,-2.439322E-2,1.289201E-4
1.091336E1,-2.419800E-2,1.102905E-4
1.094668E1,-2.393843E-2,9.866743E-5
1.098001E1,-2.370790E-2,1.174697E-4
1.101352E1,-2.346949E-2,1.118577E-4
1.104686E1,-2.322965E-2,1.218886E-4
1.108018E1,-2.301935E-2,1.163539E-4
1.111351E1,-2.275564E-2,1.075105E-4
1.114702E1,-2.249796E-2,1.192127E-4
1.118034E1,-2.225404E-2,1.207975E-4
1.121368E1,-2.196878E-2,1.111465E-4
1.124700E1,-2.170752E-2,1.171792E-4
1.128051E1,-2.144702E-2,1.132708E-4
1.131384E1,-2.119561E-2,1.121320E-4
1.134717E1,-2.087582E-2,1.069897E-4
1.138050E1,-2.057189E-2,1.154869E-4
1.141451E1,-2.032351E-2,1.116752E-4
1.144784E1,-2.002406E-2,1.073907E-4
1.148117E1,-1.969628E-2,1.082547E-4
1.151450E1,-1.938848E-2,1.152614E-4
1.154750E1,-1.912243E-2,1.144867E-4
1.158082E1,-1.882602E-2,1.158964E-4
1.161416E1,-1.848993E-2,1.121597E-4
1.164748E1,-1.818403E-2,1.068128E-4
1.168099E1,-1.778905E-2,1.009582E-4
1.171431E1,-1.745800E-2,1.165138E-4
1.174764E1,-1.716691E-2,1.127059E-4
1.178097E1,-1.688499E-2,1.149631E-4
1.181448E1,-1.653396E-2,1.093569E-4
1.184780E1,-1.619809E-2,1.137792E-4
1.188113E1,-1.583556E-2,1.088325E-4
1.191446E1,-1.548188E-2,1.122326E-4
1.194800E1,-1.511137E-2,1.048190E-4
1.198132E1,-1.472686E-2,1.078130E-4
1.201466E1,-1.434775E-2,1.030086E-4
1.204798E1,-1.395912E-2,1.033868E-4
1.208151E1,-1.357798E-2,1.075573E-4
1.211484E1,-1.321139E-2,1.088800E-4
1.214817E1,-1.280632E-2,1.075181E-4
1.218150E1,-1.243298E-2,1.115415E-4
1.221498E1,-1.203909E-2,1.047033E-4
1.224831E1,-1.161911E-2,1.036108E-4
1.228163E1,-1.124805E-2,1.026542E-4
1.231497E1,-1.082162E-2,1.117131E-4
1.234847E1,-1.045638E-2,1.044698E-4
1.238180E1,-1.007417E-2,1.120948E-4
1.241512E1,-9.686115E-3,1.079438E-4
1.244846E1,-9.295776E-3,1.128636E-4
1.248196E1,-8.905388E-3,1.130107E-4
1.251528E1,-8.508528E-3,1.120399E-4
1.254861E1,-8.118208E-3,1.073279E-4
1.258194E1,-7.727362E-3,1.097516E-4
1.261547E1,-7.340294E-3,1.169815E-4
1.264880E1,-6.961022E-3,1.177388E-4
1.268212E1,-6.571052E-3,1.190779E-4
1.271546E1,-6.170520E-3,1.193231E-4
1.274896E1,-5.781284E-3,1.154780E-4
1.278228E1,-5.387896E-3,1.220192E-4
1.281561E1,-4.990656E-3,1.244913E-4
1.284894E1,-4.611011E-3,1.108812E-4
1.288248E1,-4.224295E-3,1.146224E-4
1.291581E1,-3.831448E-3,1.177263E-4
1.294914E1,-3.439422E-3,1.211118E-4
1.298247E1,-3.051179E-3,1.158445E-4
1.301597E1,-2.669094E-3,1.253676E-4
1.304929E1,-2.267498E-3,1.151613E-4
1.308262E1,-1.883094E-3,1.221355E-4
1.311594E1,-1.504183E-3,1.186046E-4
1.314944E1,-1.115877E-3,1.315539E-4
1.318277E1,-7.268665E-4,1.288873E-4
1.321610E1,-3.361822E-4,1.297984E-4
1.324942E1,5.722328E-5,1.293292E-4
1.328292E1,4.190309E-4,1.405733E-4
1.331626E1,8.431909E-4,1.271055E-4
1.334958E1,1.212198E-3,1.248106E-4
1.338291E1,1.629167E-3,1.213732E-4
1.341643E1,1.999019E-3,1.326435E-4
1.344977E1,2.384940E-3,1.295914E-4
1.348309E1,2.773309E-3,1.320157E-4
1.351642E1,3.155094E-3,1.279786E-4
1.354996E1,3.533604E-3,1.277071E-4
1.358328E1,3.929793E-3,1.341356E-4
1.361661E1,4.313977E-3,1.382391E-4
1.364994E1,4.708464E-3,1.308017E-4
1.368344E1,5.090977E-3,1.394530E-4
1.371677E1,5.448422E-3,1.380821E-4
1.375010E1,5.828271E-3,1.395117E-4
1.378342E1,6.234384E-3,1.488845E-4
1.381691E1,6.609045E-3,1.301241E-4
1.385024E1,6.997004E-3,1.472490E-4
1.388357E1,7.364205E-3,1.453297E-4
1.391690E1,7.763809E-3,1.505481E-4
1.395046E1,8.124869E-3,1.508023E-4
1.398379E1,8.484309E-3,1.488480E-4
1.401711E1,8.873016E-3,1.550944E-4
1.405044E1,9.260485E-3,1.557946E-4
1.408393E1,9.634087E-3,1.537896E-4
1.411726E1,1.001845E-2,1.533467E-4
1.415059E1,1.039247E-2,1.543246E-4
1.418391E1,1.077567E-2,1.535286E-4
1.421742E1,1.113862E-2,1.562943E-4
1.425074E1,1.152024E-2,1.566197E-4
1.428408E1,1.187874E-2,1.602564E-4
1.431740E1,1.224531E-2,1.562024E-4
1.435091E1,1.262555E-2,1.573055E-4
1.438424E1,1.300166E-2,1.508710E-4
1.441757E1,1.335639E-2,1.402755E-4
1.445090E1,1.373690E-2,1.518216E-4
1.448441E1,1.411502E-2,1.538763E-4
1.451774E1,1.446621E-2,1.536665E-4
1.455107E1,1.483639E-2,1.578785E-4
1.458440E1,1.520505E-2,1.562320E-4
1.461791E1,1.557649E-2,1.523263E-4
1.465124E1,1.594106E-2,1.507910E-4
1.468457E1,1.631569E-2,1.525403E-4
1.471790E1,1.667711E-2,1.430250E-4
1.475143E1,1.705766E-2,1.507164E-4
1.478477E1,1.739573E-2,1.501636E-4
1.481809E1,1.776114E-2,1.476478E-4
1.485142E1,1.811201E-2,1.455171E-4
1.488490E1,1.848258E-2,1.459362E-4
1.491822E1,1.883742E-2,1.524115E-4
1.495156E1,1.912115E-2,1.559381E-4
1.498488E1,1.940208E-2,1.445124E-4
1.501840E1,1.973969E-2,1.553638E-4
1.505172E1,2.003882E-2,1.496577E-4
1.508506E1,2.039293E-2,1.438642E-4
1.511838E1,2.070337E-2,1.613402E-4
1.515191E1,2.098338E-2,1.584590E-4
1.518523E1,2.126492E-2,1.518173E-4
1.521857E1,2.156885E-2,1.492997E-4
1.525189E1,2.186483E-2,1.601851E-4
1.528561E1,2.210469E-2,1.613625E-4
1.531894E1,2.237072E-2,1.520483E-4
1.535227E1,2.267090E-2,1.534678E-4
1.538560E1,2.293161E-2,1.574708E-4
1.541888E1,2.317601E-2,1.474361E-4
1.545221E1,2.344867E-2,1.493442E-4
1.548554E1,2.372243E-2,1.725809E-4
1.551887E1,2.393394E-2,1.475190E-4
1.555237E1,2.420395E-2,1.460551E-4
1.558569E1,2.443712E-2,1.541231E-4
1.561902E1,2.465754E-2,1.533254E-4
1.565234E1,2.488232E-2,1.633721E-4
1.568588E1,2.508484E-2,1.579949E-4
1.571921E1,2.529907E-2,1.660275E-4
1.575254E1,2.548052E-2,1.519272E-4
1.578587E1,2.567798E-2,1.620177E-4
1.581938E1,2.584605E-2,1.534381E-4
1.585271E1,2.603035E-2,1.638921E-4
1.588603E1,2.620619E-2,1.587836E-4
1.591937E1,2.638666E-2,1.609853E-4
1.595288E1,2.653617E-2,1.463973E-4
1.598621E1,2.673752E-2,1.603324E-4
1.601954E1,2.688223E-2,1.375307E-4
1.605287E1,2.708682E-2,1.523819E-4
1.608638E1,2.722817E-2,1.616538E-4
1.611971E1,2.731120E-2,1.487870E-4
1.615303E1,2.747222E-2,1.535548E-4
1.618637E1,2.760060E-2,1.644704E-4
1.621986E1,2.771271E-2,1.469596E-4
1.625319E1,2.785308E-2,1.518782E-4
1.628651E1,2.795510E-2,1.531333E-4
1.631984E1,2.804946E-2,1.408139E-4
1.635337E1,2.819889E-2,1.457100E-4
1.638670E1,2.827807E-2,1.541584E-4
1.642002E1,2.835162E-2,1.587209E-4
1.645336E1,2.839996E-2,1.603176E-4
1.648686E1,2.845200E-2,1.389587E-4
1.652019E1,2.857838E-2,1.493770E-4
1.655351E1,2.865337E-2,1.460727E-4
1.658684E1,2.871480E-2,1.506805E-4
1.662034E1,2.873896E-2,1.489987E-4
1.665367E1,2.872802E-2,1.509864E-4
1.668700E1,2.876036E-2,1.539086E-4
1.672032E1,2.876815E-2,1.551600E-4
1.675384E1,2.876198E-2,1.505837E-4
1.678717E1,2.876832E-2,1.523964E-4
1.682050E1,2.875692E-2,1.428969E-4
1.685382E1,2.874521E-2,1.405704E-4
1.688734E1,2.875377E-2,1.420024E-4
1.692067E1,2.873553E-2,1.429218E-4
1.695400E1,2.872240E-2,1.413240E-4
1.698732E1,2.870461E-2,1.429871E-4
1.702087E1,2.869272E-2,1.420896E-4
1.705420E1,2.868417E-2,1.431394E-4
1.708752E1,2.867218E-2,1.447297E-4
1.712086E1,2.864718E-2,1.355208E-4
1.715434E1,2.861546E-2,1.263150E-4
1.718767E1,2.860334E-2,1.294090E-4
1.722100E1,2.857022E-2,1.204983E-4
1.725432E1,2.856058E-2,1.232441E-4
1.728784E1,2.852081E-2,1.117995E-4
1.732117E1,2.849367E-2,1.081826E-4
1.735450E1,2.846665E-2,1.123469E-4
1.738782E1,2.842247E-2,9.968685E-5
1.742134E1,2.838351E-2,1.284799E-4
1.745467E1,2.827348E-2,1.163271E-4
1.748800E1,2.819192E-2,1.084303E-4
1.752132E1,2.811997E-2,1.033409E-4
1.755482E1,2.806108E-2,8.118614E-5
1.758816E1,2.796607E-2,1.138950E-4
1.762148E1,2.783513E-2,1.158352E-4
1.765481E1,2.772918E-2,1.057913E-4
1.768831E1,2.761976E-2,1.123149E-4
1.772164E1,2.747521E-2,1.023138E-4
1.775497E1,2.736398E-2,8.240778E-5
1.778830E1,2.725029E-2,1.016045E-4
1.782182E1,2.705026E-2,9.344608E-5
1.785516E1,2.691966E-2,8.749457E-5
1.788848E1,2.679756E-2,1.026783E-4
1.792181E1,2.661583E-2,9.078327E-5
1.795531E1,2.647059E-2,1.045483E-4
1.798863E1,2.628996E-2,8.581781E-5
1.802197E1,2.613999E-2,8.245683E-5
1.805529E1,2.599510E-2,9.140928E-5
1.808880E1,2.578833E-2,6.321551E-5
1.812213E1,2.562891E-2,9.138013E-5
1.815546E1,2.543034E-2,7.739638E-5
1.818879E1,2.525294E-2,9.503059E-5
1.822229E1,2.503238E-2,6.815899E-5
1.825562E1,2.486300E-2,8.316594E-5
1.828894E1,2.463576E-2,7.682142E-5
1.832228E1,2.445738E-2,8.001933E-5
1.835580E1,2.422040E-2,6.555424E-5
1.838912E1,2.403195E-2,7.932329E-5
1.842246E1,2.377257E-2,8.953924E-5
1.845578E1,2.353447E-2,6.566499E-5
1.848931E1,2.329652E-2,8.395908E-5
1.852264E1,2.306021E-2,5.652254E-5
1.855597E1,2.285384E-2,7.256545E-5
1.858930E1,2.260062E-2,7.503887E-5
1.862277E1,2.233704E-2,5.070088E-5
1.865610E1,2.208572E-2,6.844503E-5
1.868942E1,2.180931E-2,7.125744E-5
1.872276E1,2.156706E-2,6.507024E-5
1.875628E1,2.128829E-2,6.552303E-5
1.878961E1,2.102891E-2,6.910461E-5
1.882294E1,2.073107E-2,7.536981E-5
1.885627E1,2.043105E-2,5.412169E-5
1.888997E1,2.016835E-2,6.188886E-5
1.892330E1,1.985982E-2,7.318240E-5
1.895662E1,1.954842E-2,7.454930E-5
1.898996E1,1.923927E-2,5.372352E-5
1.902329E1,1.896214E-2,6.156447E-5
1.905662E1,1.869355E-2,6.949525E-5
1.908994E1,1.836298E-2,6.819500E-5
1.912328E1,1.804344E-2,7.255329E-5
1.915678E1,1.767564E-2,7.184354E-5
1.919011E1,1.734712E-2,5.558660E-5
1.922343E1,1.704208E-2,5.847620E-5
1.925677E1,1.673964E-2,5.978225E-5
1.929027E1,1.641021E-2,6.755089E-5
1.932360E1,1.607009E-2,6.302336E-5
1.935692E1,1.572787E-2,7.443064E-5
1.939026E1,1.535769E-2,7.242554E-5
1.942377E1,1.497909E-2,7.332732E-5
1.945710E1,1.460911E-2,8.430915E-5
1.949042E1,1.423607E-2,7.762676E-5
1.952376E1,1.385780E-2,8.183149E-5
1.955746E1,1.345695E-2,7.213192E-5
1.959079E1,1.309907E-2,8.385571E-5
1.962411E1,1.270579E-2,8.212907E-5
1.965744E1,1.231203E-2,7.525382E-5
1.969073E1,1.190513E-2,9.124260E-5
1.972406E1,1.153389E-2,8.363730E-5
1.975739E1,1.114418E-2,7.796842E-5
1.979071E1,1.079518E-2,9.124999E-5
1.982428E1,1.037003E-2,8.337826E-5
1.985761E1,9.986249E-3,8.302939E-5
1.989094E1,9.582819E-3,8.503141E-5
1.992427E1,9.197512E-3,8.580946E-5
1.995794E1,8.805235E-3,9.248630E-5
1.999127E1,8.408131E-3,8.909385E-5
2.002460E1,8.035629E-3,7.703057E-5
2.005792E1,7.639796E-3,8.168631E-5
2.009126E1,7.270044E-3,9.277291E-5
2.012459E1,6.865231E-3,8.662960E-5
2.015791E1,6.493721E-3,9.014061E-5
2.019124E1,6.104421E-3,9.398433E-5
2.022472E1,5.713857E-3,8.546349E-5
2.025806E1,5.310006E-3,8.454089E-5
2.029138E1,4.941258E-3,9.120412E-5
2.032471E1,4.527217E-3,8.165510E-5
2.035826E1,4.164452E-3,8.788144E-5
2.039158E1,3.770742E-3,8.613958E-5
2.042491E1,3.392226E-3,8.557853E-5
2.045823E1,3.003019E-3,8.967163E-5
2.049173E1,2.619631E-3,7.651733E-5
2.052506E1,2.228704E-3,8.310346E-5
2.055839E1,1.845243E-3,8.250077E-5
2.059171E1,1.460699E-3,8.312605E-5
2.062526E1,1.081322E-3,8.546708E-5
2.065859E1,7.133480E-4,8.168997E-5
2.069191E1,3.058229E-4,8.154536E-5
2.072524E1,-6.047033E-5,8.317893E-5
2.075872E1,-4.745742E-4,7.483525E-5
2.079206E1,-8.413600E-4,8.235878E-5
2.082538E1,-1.221844E-3,8.972498E-5
2.085871E1,-1.625760E-3,8.926695E-5
2.089222E1,-1.990813E-3,7.862787E-5
2.092556E1,-2.355986E-3,8.063941E-5
2.095888E1,-2.736888E-3,8.423439E-5
2.099221E1,-3.128495E-3,8.832552E-5
2.102571E1,-3.505874E-3,9.237439E-5
2.105904E1,-3.904478E-3,9.336731E-5
2.109237E1,-4.271721E-3,9.136794E-5
2.112570E1,-4.651951E-3,8.404647E-5
2.115928E1,-5.034629E-3,1.013306E-4
2.119260E1,-5.403803E-3,9.158187E-5
2.122593E1,-5.776339E-3,1.033906E-4
2.125926E1,-6.157492E-3,9.370930E-5
2.129270E1,-6.540452E-3,9.869179E-5
2.132602E1,-6.929854E-3,9.478269E-5
2.135936E1,-7.301168E-3,1.092380E-4
2.139268E1,-7.686716E-3,1.021242E-4
2.142619E1,-8.047980E-3,1.083182E-4
2.145951E1,-8.431060E-3,1.004625E-4
2.149284E1,-8.793405E-3,1.041315E-4
2.152617E1,-9.169986E-3,1.061700E-4
2.155971E1,-9.550198E-3,1.072559E-4
2.159303E1,-9.917987E-3,1.125782E-4
2.162637E1,-1.030504E-2,1.124108E-4
2.165969E1,-1.066436E-2,1.187113E-4
2.169320E1,-1.104838E-2,1.215771E-4
2.172652E1,-1.139583E-2,1.225798E-4
2.175986E1,-1.177968E-2,1.242846E-4
2.179318E1,-1.215375E-2,1.267416E-4
2.182672E1,-1.253574E-2,1.223815E-4
2.186006E1,-1.287980E-2,1.357733E-4
2.189338E1,-1.325048E-2,1.319751E-4
2.192671E1,-1.360650E-2,8.306225E-5
2.196020E1,-1.392094E-2,1.060355E-4
2.199352E1,-1.421169E-2,1.082022E-4
2.202686E1,-1.453641E-2,1.233460E-4
2.206018E1,-1.486535E-2,1.304794E-4
2.209372E1,-1.522312E-2,1.282418E-4
2.212706E1,-1.555737E-2,1.383753E-4
2.216038E1,-1.589790E-2,1.059320E-4
2.219371E1,-1.615911E-2,1.150861E-4
2.222719E1,-1.645745E-2,1.248522E-4
2.226051E1,-1.676122E-2,1.310536E-4
2.229384E1,-1.710157E-2,1.318009E-4
2.232717E1,-1.739405E-2,9.951123E-5
2.236071E1,-1.768878E-2,1.177933E-4
2.239403E1,-1.795112E-2,1.301479E-4
2.242737E1,-1.826106E-2,1.449397E-4
2.246069E1,-1.856248E-2,1.043457E-4
2.249416E1,-1.881004E-2,1.154417E-4
2.252748E1,-1.907752E-2,1.272671E-4
2.256081E1,-1.935870E-2,1.391017E-4
2.259414E1,-1.966331E-2,1.125421E-4
2.262766E1,-1.991345E-2,1.229453E-4
2.266098E1,-2.017194E-2,1.396093E-4
2.269431E1,-2.047852E-2,1.086674E-4
2.272763E1,-2.066082E-2,1.299750E-4
2.276118E1,-2.092506E-2,1.447493E-4
2.279451E1,-2.119169E-2,1.088690E-4
2.282783E1,-2.140539E-2,1.233439E-4
2.286117E1,-2.163915E-2,1.058211E-4
2.289466E1,-2.182954E-2,1.192679E-4
2.292799E1,-2.208025E-2,1.339252E-4
2.296131E1,-2.233461E-2,1.215226E-4
2.299464E1,-2.252848E-2,1.352333E-4
2.302827E1,-2.275888E-2,1.101901E-4
2.306160E1,-2.291131E-2,1.260634E-4
2.309492E1,-2.314870E-2,1.113836E-4
2.312826E1,-2.330284E-2,1.307568E-4
2.316167E1,-2.352783E-2,1.071327E-4
2.319500E1,-2.368246E-2,1.319294E-4
2.322832E1,-2.388329E-2,1.174608E-4
2.326166E1,-2.404316E-2,1.372040E-4
2.329516E1,-2.423635E-2,1.231275E-4
2.332848E1,-2.437042E-2,1.413189E-4
2.336181E1,-2.457789E-2,1.254332E-4
2.339514E1,-2.472530E-2,1.379562E-4
2.342866E1,-2.492952E-2,1.280985E-4
2.346199E1,-2.505977E-2,1.205082E-4
2.349531E1,-2.518336E-2,1.394847E-4
2.352864E1,-2.536035E-2,1.232670E-4
2.356217E1,-2.548618E-2,1.494318E-4
2.359549E1,-2.563526E-2,1.354516E-4
2.362882E1,-2.575533E-2,1.208011E-4
2.366214E1,-2.584692E-2,1.117090E-4
2.369563E1,-2.596025E-2,1.412003E-4
2.372897E1,-2.610621E-2,1.316100E-4
2.376229E1,-2.618562E-2,1.287083E-4
2.379562E1,-2.625904E-2,1.486803E-4
2.382914E1,-2.640525E-2,1.433516E-4
2.386247E1,-2.647966E-2,1.370559E-4
2.389580E1,-2.653476E-2,1.315617E-4
2.392912E1,-2.659238E-2,1.217744E-4
2.396263E1,-2.660314E-2,1.201919E-4
2.399597E1,-2.667553E-2,1.342072E-4
2.402929E1,-2.678208E-2,1.398827E-4
2.406262E1,-2.686527E-2,1.285640E-4
2.409611E1,-2.690677E-2,1.337536E-4
2.412943E1,-2.690436E-2,1.276753E-4
2.416277E1,-2.693065E-2,1.286044E-4
2.419609E1,-2.691737E-2,1.276361E-4
2.422962E1,-2.692638E-2,1.309554E-4
2.426296E1,-2.693987E-2,1.340115E-4
2.429628E1,-2.694071E-2,1.251986E-4
2.432961E1,-2.693296E-2,1.260192E-4
2.436310E1,-2.691859E-2,1.323699E-4
2.439642E1,-2.690784E-2,1.297862E-4
2.442976E1,-2.689744E-2,1.273940E-4
2.446308E1,-2.688421E-2,1.290818E-4
2.449660E1,-2.688109E-2,1.318388E-4
2.452992E1,-2.687065E-2,1.300169E-4
2.456326E1,-2.686049E-2,1.285414E-4
2.459658E1,-2.684364E-2,1.373489E-4
2.463011E1,-2.682196E-2,1.349163E-4
2.466344E1,-2.681180E-2,1.334891E-4
2.469677E1,-2.677276E-2,1.355479E-4
2.473010E1,-2.675986E-2,1.348106E-4
2.476363E1,-2.673005E-2,1.391409E-4
2.479697E1,-2.669809E-2,1.396259E-4
2.483029E1,-2.666673E-2,1.438109E-4
2.486362E1,-2.661944E-2,1.467654E-4
2.489737E1,-2.657541E-2,1.231300E-4
2.493069E1,-2.647848E-2,1.353905E-4
2.496402E1,-2.639921E-2,1.371425E-4
2.499734E1,-2.632176E-2,1.390082E-4
2.503059E1,-2.626031E-2,1.345170E-4
2.506391E1,-2.615246E-2,1.249665E-4
2.509724E1,-2.605054E-2,1.362331E-4
2.513057E1,-2.592186E-2,1.344497E-4
2.516408E1,-2.581350E-2,1.247040E-4
2.519740E1,-2.568255E-2,1.263616E-4
2.523073E1,-2.557314E-2,1.333882E-4
2.526406E1,-2.546639E-2,1.192628E-4
2.529757E1,-2.526686E-2,1.270419E-4
2.533090E1,-2.513028E-2,1.327265E-4
2.536422E1,-2.500687E-2,1.156770E-4
2.539756E1,-2.483602E-2,1.284594E-4
2.543108E1,-2.468125E-2,1.119989E-4
2.546441E1,-2.450027E-2,1.215504E-4
2.549774E1,-2.434597E-2,1.226679E-4
2.553107E1,-2.419662E-2,1.216969E-4
2.556457E1,-2.400949E-2,1.262683E-4
2.559790E1,-2.384935E-2,1.135270E-4
2.563122E1,-2.362304E-2,1.208871E-4
2.566456E1,-2.346154E-2,1.128361E-4
2.569806E1,-2.325135E-2,1.205537E-4
2.573138E1,-2.308379E-2,1.146613E-4
2.576471E1,-2.285015E-2,1.278698E-4
2.579803E1,-2.267311E-2,1.127291E-4
2.583158E1,-2.243128E-2,1.194829E-4
2.586491E1,-2.225162E-2,1.160770E-4
2.589823E1,-2.199834E-2,1.036319E-4
2.593157E1,-2.175051E-2,1.098405E-4
2.596512E1,-2.153897E-2,1.117044E-4
2.599846E1,-2.128519E-2,1.154663E-4
2.603178E1,-2.107721E-2,1.117698E-4
2.606511E1,-2.082852E-2,1.020491E-4
2.609854E1,-2.055460E-2,1.172897E-4
2.613188E1,-2.032225E-2,1.101618E-4
2.616520E1,-2.003258E-2,1.033944E-4
2.619853E1,-1.975732E-2,1.166780E-4
2.623206E1,-1.952573E-2,1.091186E-4
2.626538E1,-1.926695E-2,9.554823E-5
2.629871E1,-1.895566E-2,9.326533E-5
2.633203E1,-1.864798E-2,1.123020E-4
2.636558E1,-1.838724E-2,1.018601E-4
2.639891E1,-1.809751E-2,9.973583E-5
2.643223E1,-1.777103E-2,9.280109E-5
2.646557E1,-1.745642E-2,1.071103E-4
2.649906E1,-1.720738E-2,1.091756E-4
2.653239E1,-1.691529E-2,9.397304E-5
2.656571E1,-1.659540E-2,1.009974E-4
2.659904E1,-1.626803E-2,9.438781E-5
2.663254E1,-1.591053E-2,9.059453E-5
2.666588E1,-1.557217E-2,1.071698E-4
2.669920E1,-1.528514E-2,9.660063E-5
2.673253E1,-1.498473E-2,9.115168E-5
2.676607E1,-1.464863E-2,9.356684E-5
2.679940E1,-1.430023E-2,9.057082E-5
2.683272E1,-1.395101E-2,8.986875E-5
2.686606E1,-1.359338E-2,8.037504E-5
2.689954E1,-1.322022E-2,8.742328E-5
2.693288E1,-1.284524E-2,8.252611E-5
2.696620E1,-1.247591E-2,7.870063E-5
2.699953E1,-1.210686E-2,9.716621E-5
2.703306E1,-1.179318E-2,8.799845E-5
2.706638E1,-1.150091E-2,9.062444E-5
2.709971E1,-1.114258E-2,8.245665E-5
2.713303E1,-1.080482E-2,8.734798E-5
2.716656E1,-1.041232E-2,8.565778E-5
2.719988E1,-1.006988E-2,7.829760E-5
2.723321E1,-9.699866E-3,8.177258E-5
2.726654E1,-9.325580E-3,8.575410E-5
2.730002E1,-8.944980E-3,7.872483E-5
2.733334E1,-8.561271E-3,8.634613E-5
2.736668E1,-8.192744E-3,8.393766E-5
2.740000E1,-7.802541E-3,8.277476E-5
2.743354E1,-7.422232E-3,8.990314E-5
2.746688E1,-7.023998E-3,8.293081E-5
2.750020E1,-6.647737E-3,8.490018E-5
2.753353E1,-6.250856E-3,9.209701E-5
2.756702E1,-5.884402E-3,8.264383E-5
2.760036E1,-5.480902E-3,8.220803E-5
2.763368E1,-5.096023E-3,8.422250E-5
2.766701E1,-4.713061E-3,8.246899E-5
2.770051E1,-4.328723E-3,8.619038E-5
2.773384E1,-3.933177E-3,8.824432E-5
2.776717E1,-3.561384E-3,8.796671E-5
2.780050E1,-3.181672E-3,8.941964E-5
2.783402E1,-2.791746E-3,7.948727E-5
2.786736E1,-2.407729E-3,8.915352E-5
2.790068E1,-2.033972E-3,8.556567E-5
2.793401E1,-1.645922E-3,8.946008E-5
2.796751E1,-1.260697E-3,8.994055E-5
2.800084E1,-8.590175E-4,8.670917E-5
2.803417E1,-4.940507E-4,9.104918E-5
2.806750E1,-9.918420E-5,9.152815E-5
2.810101E1,2.788588E-4,9.277919E-5
2.813434E1,6.578729E-4,9.051414E-5
2.816767E1,1.048197E-3,8.939120E-5
2.820100E1,1.426774E-3,8.848248E-5
2.823491E1,1.791024E-3,8.562046E-5
2.826824E1,2.196281E-3,8.345422E-5
2.830157E1,2.580324E-3,8.566293E-5
2.833490E1,2.989521E-3,9.405954E-5
2.836799E1,3.329078E-3,9.129323E-5
2.840131E1,3.702502E-3,9.008558E-5
2.843464E1,4.081302E-3,9.493136E-5
2.846797E1,4.466037E-3,9.240353E-5
2.850148E1,4.845955E-3,9.623037E-5
2.853481E1,5.234998E-3,9.685534E-5
2.856814E1,5.602195E-3,9.407542E-5
2.860147E1,5.979858E-3,9.610671E-5
2.863500E1,6.357747E-3,9.696090E-5
2.866832E1,6.733103E-3,9.760082E-5
2.870166E1,7.110992E-3,9.806013E-5
2.873498E1,7.482057E-3,9.458315E-5
2.876853E1,7.861201E-3,1.033835E-4
2.880186E1,8.242508E-3,9.667816E-5
2.883519E1,8.621366E-3,9.804906E-5
2.886851E1,8.997042E-3,9.950506E-5
2.890197E1,9.366436E-3,9.174669E-5
2.893529E1,9.723149E-3,1.027977E-4
2.896862E1,1.009961E-2,1.054442E-4
2.900194E1,1.047677E-2,1.047663E-4
2.903550E1,1.085776E-2,1.040688E-4
2.906882E1,1.123715E-2,9.857357E-5
2.910216E1,1.159878E-2,1.055507E-4
2.913548E1,1.196307E-2,1.082551E-4
2.916926E1,1.226617E-2,1.071251E-4
2.920259E1,1.255030E-2,1.112338E-4
2.923591E1,1.287857E-2,1.135682E-4
2.926924E1,1.321507E-2,1.051264E-4
2.930247E1,1.356999E-2,1.016863E-4
2.933580E1,1.391013E-2,1.031949E-4
2.936912E1,1.426037E-2,1.035254E-4
2.940246E1,1.450221E-2,1.009293E-4
2.943597E1,1.481765E-2,1.060257E-4
2.946930E1,1.510792E-2,1.134543E-4
2.950262E1,1.546043E-2,1.035400E-4
2.953596E1,1.577107E-2,1.108781E-4
2.956946E1,1.605459E-2,1.066184E-4
2.960278E1,1.632266E-2,1.065705E-4
2.963611E1,1.663973E-2,1.050063E-4
2.966943E1,1.694212E-2,1.112338E-4
2.970297E1,1.726434E-2,1.162476E-4
2.973629E1,1.751391E-2,1.161964E-4
2.976962E1,1.780075E-2,1.090665E-4
2.980294E1,1.809781E-2,1.060785E-4
2.983647E1,1.839965E-2,1.203418E-4
2.986980E1,1.863482E-2,1.148625E-4
2.990312E1,1.892951E-2,1.120513E-4
2.993646E1,1.918806E-2,1.171846E-4
2.996994E1,1.943077E-2,1.110636E-4
3.000328E1,1.968031E-2,1.169472E-4
3.003660E1,1.994914E-2,1.204421E-4
3.006993E1,2.016125E-2,1.163354E-4
3.010346E1,2.042543E-2,1.135630E-4
3.013678E1,2.068739E-2,1.214625E-4
3.017011E1,2.092030E-2,1.112679E-4
3.020343E1,2.114603E-2,1.042634E-4
3.023696E1,2.141240E-2,1.164003E-4
3.027028E1,2.160530E-2,1.136015E-4
3.030361E1,2.187785E-2,1.232366E-4
3.033694E1,2.204020E-2,1.135935E-4
3.037051E1,2.225954E-2,1.217436E-4
3.040384E1,2.245858E-2,1.146445E-4
3.043717E1,2.267953E-2,1.068477E-4
3.047050E1,2.289194E-2,1.114487E-4
3.050393E1,2.310129E-2,1.119063E-4
3.053726E1,2.329913E-2,1.225548E-4
3.057059E1,2.348822E-2,1.141016E-4
3.060391E1,2.369072E-2,1.252195E-4
3.063743E1,2.385376E-2,1.156498E-4
3.067077E1,2.405929E-2,1.270086E-4
3.070409E1,2.422485E-2,1.084980E-4
3.073742E1,2.441516E-2,1.250306E-4
3.077094E1,2.457780E-2,1.278387E-4
3.080428E1,2.467155E-2,1.143366E-4
3.083760E1,2.482917E-2,1.231534E-4
3.087093E1,2.495815E-2,1.323838E-4
3.090442E1,2.508873E-2,1.212995E-4
3.093774E1,2.522612E-2,1.227915E-4
3.097108E1,2.536549E-2,1.141490E-4
3.100440E1,2.551562E-2,1.177527E-4
3.103791E1,2.564505E-2,1.299205E-4
3.107124E1,2.571086E-2,1.318142E-4
3.110457E1,2.578924E-2,1.172480E-4
3.113790E1,2.592387E-2,1.249134E-4
3.117142E1,2.603602E-2,1.329428E-4
3.120476E1,2.611157E-2,1.146005E-4
3.123808E1,2.624175E-2,1.134412E-4
3.127141E1,2.633680E-2,1.213975E-4
3.130511E1,2.642125E-2,1.274533E-4
3.133843E1,2.644245E-2,1.295081E-4
3.137177E1,2.647116E-2,1.336461E-4
3.140509E1,2.650161E-2,1.062998E-4
3.143841E1,2.659805E-2,1.219721E-4
3.147174E1,2.669777E-2,1.192772E-4
3.150507E1,2.674593E-2,1.240219E-4
3.153840E1,2.681585E-2,1.248382E-4
3.157189E1,2.681013E-2,1.275316E-4
3.160522E1,2.679576E-2,1.299428E-4
3.163854E1,2.680661E-2,1.297563E-4
3.167188E1,2.678837E-2,1.276237E-4
3.170539E1,2.680325E-2,1.303514E-4
3.173871E1,2.678166E-2,1.365617E-4
3.177204E1,2.677407E-2,1.276076E-4
3.180537E1,2.676107E-2,1.276032E-4
3.183890E1,2.676107E-2,1.296407E-4
3.187222E1,2.674962E-2,1.288591E-4
3.190556E1,2.674678E-2,1.295061E-4
3.193888E1,2.674208E-2,1.277738E-4
3.197240E1,2.673900E-2,1.264283E-4
3.200572E1,2.673223E-2,1.257192E-4
3.203906E1,2.670878E-2,1.231030E-4
3.207238E1,2.669745E-2,1.178334E-4
3.210591E1,2.665332E-2,1.153516E-4
3.213924E1,2.663503E-2,1.078803E-4
3.217257E1,2.661082E-2,1.074047E-4
3.220590E1,2.658169E-2,9.873273E-5
3.223936E1,2.656689E-2,1.065843E-4
3.227268E1,2.650967E-2,9.313631E-5
3.230601E1,2.647093E-2,1.130323E-4
3.233934E1,2.633017E-2,1.124873E-4
3.237291E1,2.624978E-2,1.042176E-4
3.240624E1,2.620307E-2,9.537372E-5
3.243957E1,2.614398E-2,9.606115E-5
3.247290E1,2.608113E-2,1.189626E-4
3.250636E1,2.597291E-2,1.098326E-4
3.253968E1,2.582594E-2,9.849423E-5
3.257301E1,2.573343E-2,9.798639E-5
3.260634E1,2.566439E-2,1.152703E-4
3.263984E1,2.550124E-2,9.823186E-5
3.267317E1,2.541932E-2,9.183992E-5
3.270650E1,2.530724E-2,1.079779E-4
3.273982E1,2.513969E-2,9.440877E-5
3.277342E1,2.499008E-2,8.056351E-5
3.280676E1,2.487214E-2,1.063690E-4
3.284008E1,2.470942E-2,9.610303E-5
3.287341E1,2.456891E-2,1.076454E-4
3.290687E1,2.437365E-2,9.182548E-5
3.294020E1,2.422596E-2,8.122669E-5
3.297352E1,2.409994E-2,9.922252E-5
3.300686E1,2.390192E-2,8.934463E-5
3.304034E1,2.373384E-2,9.445432E-5
3.307367E1,2.353808E-2,8.449068E-5
3.310700E1,2.335239E-2,1.047890E-4
3.314032E1,2.314410E-2,9.038960E-5
3.317382E1,2.296467E-2,1.016356E-4
3.320716E1,2.276661E-2,8.890007E-5
3.324048E1,2.257288E-2,9.210641E-5
3.327381E1,2.235449E-2,7.183540E-5
3.330737E1,2.215211E-2,9.471764E-5
3.334069E1,2.193181E-2,7.863885E-5
3.337402E1,2.173651E-2,9.179031E-5
3.340734E1,2.151102E-2,1.003026E-4
3.344086E1,2.123871E-2,8.517627E-5
3.347418E1,2.103439E-2,9.123650E-5
3.350751E1,2.076246E-2,7.334246E-5
3.354083E1,2.058562E-2,8.587279E-5
3.357431E1,2.030317E-2,9.833234E-5
3.360763E1,2.004183E-2,7.278503E-5
3.364097E1,1.979816E-2,8.408840E-5
3.367429E1,1.956926E-2,8.628462E-5
3.370782E1,1.927129E-2,6.807181E-5
3.374116E1,1.905539E-2,7.892001E-5
3.377448E1,1.876476E-2,9.395708E-5
3.380781E1,1.849263E-2,7.040808E-5
3.384131E1,1.825069E-2,7.245189E-5
3.387464E1,1.796433E-2,8.387189E-5
3.390797E1,1.765681E-2,9.213589E-5
3.394130E1,1.736897E-2,7.277195E-5
3.397483E1,1.708834E-2,7.575190E-5
3.400817E1,1.680921E-2,8.589326E-5
3.404149E1,1.649498E-2,8.988976E-5
3.407482E1,1.618986E-2,6.153290E-5
3.410832E1,1.591710E-2,7.234613E-5
3.414166E1,1.563608E-2,8.101156E-5
3.417498E1,1.531455E-2,8.880346E-5
3.420831E1,1.498108E-2,9.243544E-5
3.424180E1,1.463231E-2,8.828552E-5
3.427513E1,1.431082E-2,6.784503E-5
3.430846E1,1.400170E-2,6.723670E-5
3.434179E1,1.371213E-2,7.801928E-5
3.437546E1,1.336876E-2,8.129008E-5
3.440879E1,1.304020E-2,8.510723E-5
3.444211E1,1.266847E-2,8.833036E-5
3.447544E1,1.233103E-2,9.498074E-5
3.450882E1,1.196483E-2,8.853573E-5
3.454214E1,1.160211E-2,6.158690E-5
3.457548E1,1.130312E-2,6.890618E-5
3.460880E1,1.099748E-2,6.992654E-5
3.464230E1,1.065932E-2,8.207379E-5
3.467562E1,1.030481E-2,8.145590E-5
3.470896E1,9.958101E-3,8.777457E-5
3.474228E1,9.586554E-3,9.365212E-5
3.477590E1,9.210903E-3,8.511057E-5
3.480922E1,8.867239E-3,9.056922E-5
3.484256E1,8.468607E-3,9.481142E-5
3.487588E1,8.104475E-3,9.277006E-5
3.490930E1,7.712089E-3,1.041834E-4
3.494262E1,7.347246E-3,1.021427E-4
3.497596E1,6.954745E-3,1.039800E-4
3.500928E1,6.580932E-3,1.037501E-4
3.504286E1,6.188511E-3,1.052803E-4
3.507618E1,5.834129E-3,1.016208E-4
3.510951E1,5.428294E-3,1.026838E-4
3.514283E1,5.048661E-3,1.114570E-4
3.517628E1,4.659926E-3,1.090142E-4
3.520961E1,4.292174E-3,1.146294E-4
3.524294E1,3.893519E-3,1.152716E-4
3.527627E1,3.504795E-3,1.107544E-4
3.530980E1,3.120400E-3,1.095045E-4
3.534312E1,2.763333E-3,1.150831E-4
3.537646E1,2.362533E-3,1.157446E-4
3.540978E1,1.992619E-3,1.146716E-4
3.544330E1,1.591920E-3,1.108508E-4
3.547662E1,1.235345E-3,1.242706E-4
3.550996E1,8.249958E-4,1.100437E-4
3.554328E1,4.643920E-4,1.226816E-4
3.557679E1,7.210998E-5,1.152313E-4
3.561011E1,-3.011334E-4,1.197275E-4
3.564344E1,-6.861340E-4,1.184751E-4
3.567677E1,-1.060490E-3,1.213532E-4
3.571048E1,-1.438326E-3,1.273353E-4
3.574380E1,-1.843279E-3,1.216038E-4
3.577713E1,-2.218661E-3,1.246792E-4
3.581046E1,-2.581024E-3,1.280858E-4
3.584374E1,-2.964716E-3,1.200023E-4
3.587708E1,-3.328789E-3,1.289074E-4
3.591040E1,-3.709940E-3,1.299928E-4
3.594373E1,-4.101769E-3,1.285932E-4
3.597726E1,-4.476050E-3,1.307449E-4
3.601059E1,-4.851042E-3,1.392105E-4
3.604391E1,-5.232736E-3,1.357077E-4
3.607724E1,-5.610698E-3,1.406306E-4
3.611086E1,-5.992929E-3,1.435437E-4
3.614418E1,-6.337483E-3,1.025978E-4
3.617751E1,-6.647437E-3,1.111011E-4
3.621083E1,-6.943673E-3,1.146804E-4
3.624426E1,-7.293293E-3,1.205165E-4
3.627758E1,-7.634453E-3,1.246923E-4
3.631091E1,-7.983995E-3,1.303107E-4
3.634423E1,-8.328656E-3,1.384281E-4
3.637777E1,-8.693817E-3,1.372936E-4
3.641109E1,-9.014850E-3,9.775577E-5
3.644442E1,-9.324260E-3,1.107628E-4
3.647774E1,-9.604751E-3,1.190349E-4
3.651127E1,-9.942283E-3,1.221669E-4
3.654460E1,-1.025547E-2,1.331049E-4
3.657792E1,-1.061715E-2,1.384681E-4
3.661126E1,-1.093994E-2,1.013504E-4
3.664473E1,-1.122004E-2,1.043416E-4
3.667806E1,-1.150601E-2,1.145404E-4
3.671139E1,-1.181219E-2,1.230578E-4
3.674471E1,-1.211680E-2,1.344875E-4
3.677826E1,-1.249183E-2,1.338019E-4
3.681158E1,-1.280430E-2,1.102122E-4
3.684491E1,-1.307335E-2,1.101297E-4
3.687823E1,-1.335159E-2,1.393181E-4
3.691176E1,-1.367710E-2,1.306558E-4
3.694508E1,-1.397189E-2,9.542355E-5
3.697841E1,-1.423295E-2,1.148664E-4
3.701174E1,-1.450574E-2,1.246422E-4
3.704522E1,-1.481906E-2,1.267189E-4
3.707856E1,-1.511669E-2,1.053228E-4
3.711188E1,-1.536627E-2,1.257486E-4
3.714521E1,-1.563154E-2,1.315779E-4
3.717874E1,-1.592945E-2,1.365943E-4
3.721208E1,-1.620568E-2,1.137349E-4
3.724540E1,-1.646667E-2,1.223644E-4
3.727873E1,-1.671105E-2,1.353466E-4
3.731222E1,-1.701019E-2,1.040503E-4
3.734554E1,-1.722920E-2,1.199994E-4
3.737888E1,-1.750264E-2,1.354126E-4
3.741220E1,-1.776562E-2,1.156361E-4
3.744571E1,-1.800076E-2,1.250582E-4
3.747903E1,-1.820672E-2,1.007104E-4
3.751237E1,-1.841988E-2,1.147785E-4
3.754569E1,-1.863383E-2,1.327214E-4
3.757922E1,-1.889585E-2,1.107985E-4
3.761254E1,-1.910583E-2,1.296484E-4
3.764588E1,-1.934057E-2,1.052767E-4
3.767920E1,-1.951385E-2,1.254497E-4
3.771273E1,-1.975243E-2,1.343535E-4
3.774606E1,-1.997450E-2,1.146235E-4
3.777939E1,-2.017168E-2,1.333087E-4
3.781271E1,-2.040036E-2,1.120429E-4
3.784622E1,-2.059095E-2,1.275571E-4
3.787956E1,-2.080540E-2,1.094507E-4
3.791288E1,-2.098455E-2,1.296465E-4
3.794621E1,-2.118575E-2,1.143731E-4
3.797971E1,-2.136018E-2,1.199581E-4
3.801303E1,-2.153168E-2,1.107476E-4
3.804637E1,-2.168085E-2,1.252832E-4
3.807969E1,-2.188914E-2,1.167892E-4
3.811321E1,-2.204568E-2,1.257301E-4
3.814654E1,-2.225149E-2,1.177048E-4
3.817987E1,-2.239041E-2,1.100684E-4
3.821320E1,-2.251037E-2,1.316481E-4
3.824678E1,-2.268695E-2,1.099610E-4
3.828011E1,-2.278570E-2,1.028059E-4
3.831343E1,-2.288927E-2,1.219449E-4
3.834677E1,-2.303314E-2,1.184765E-4
3.838019E1,-2.316998E-2,1.042541E-4
3.841351E1,-2.324827E-2,1.287562E-4
3.844684E1,-2.340622E-2,1.264218E-4
3.848017E1,-2.352435E-2,1.019871E-4
3.851368E1,-2.360588E-2,1.258055E-4
3.854700E1,-2.374319E-2,1.181289E-4
3.858033E1,-2.383472E-2,1.119187E-4
3.861366E1,-2.389010E-2,1.088212E-4
3.864719E1,-2.396701E-2,1.226238E-4
3.868051E1,-2.411434E-2,1.164962E-4
3.871384E1,-2.419773E-2,1.124809E-4
3.874717E1,-2.426183E-2,1.091998E-4
3.878068E1,-2.430253E-2,1.103982E-4
3.881401E1,-2.430985E-2,1.040926E-4
3.884734E1,-2.431094E-2,1.056655E-4
3.888067E1,-2.433805E-2,1.246612E-4
3.891426E1,-2.443919E-2,1.105591E-4
3.894758E1,-2.453262E-2,1.156995E-4
3.898091E1,-2.455851E-2,1.090263E-4
3.901423E1,-2.462007E-2,1.069287E-4
3.904768E1,-2.463513E-2,1.098454E-4
3.908100E1,-2.461775E-2,1.108679E-4
3.911433E1,-2.461541E-2,1.104136E-4
3.914766E1,-2.460101E-2,1.111420E-4
3.918119E1,-2.460833E-2,1.051362E-4
3.921451E1,-2.459230E-2,1.076973E-4
3.924784E1,-2.458550E-2,1.055269E-4
3.928117E1,-2.457528E-2,1.090726E-4
3.931466E1,-2.456923E-2,1.130157E-4
3.934799E1,-2.456656E-2,1.137719E-4
3.938131E1,-2.455901E-2,1.134095E-4
3.941464E1,-2.455935E-2,1.116520E-4
3.944821E1,-2.455072E-2,1.099605E-4
3.948154E1,-2.453994E-2,1.110696E-4
3.951487E1,-2.451454E-2,1.102522E-4
3.954820E1,-2.449424E-2,1.069200E-4
3.958166E1,-2.445383E-2,1.175850E-4
3.961498E1,-2.444475E-2,1.173909E-4
3.964831E1,-2.441917E-2,1.180720E-4
3.968163E1,-2.437796E-2,1.179660E-4
3.971514E1,-2.436567E-2,1.148296E-4
3.974848E1,-2.430533E-2,9.241213E-5
3.978180E1,-2.418589E-2,9.632245E-5
3.981513E1,-2.410060E-2,1.040653E-4
3.984866E1,-2.402334E-2,1.070008E-4
3.988199E1,-2.397697E-2,1.127424E-4
3.991531E1,-2.393222E-2,8.936508E-5
3.994864E1,-2.379277E-2,1.023262E-4
3.998217E1,-2.369706E-2,1.037105E-4
4.001549E1,-2.355854E-2,1.031535E-4
4.004882E1,-2.351316E-2,8.871817E-5
4.008214E1,-2.333636E-2,1.029029E-4
4.011563E1,-2.323105E-2,1.085748E-4
4.014897E1,-2.315108E-2,8.521389E-5
4.018229E1,-2.299493E-2,9.406449E-5
4.021562E1,-2.284861E-2,1.030707E-4
4.024913E1,-2.273167E-2,8.517221E-5
4.028246E1,-2.256578E-2,9.418316E-5
4.031579E1,-2.241542E-2,1.025404E-4
4.034911E1,-2.229872E-2,8.530365E-5
4.038262E1,-2.212026E-2,9.512762E-5
4.041596E1,-2.199268E-2,7.407385E-5
4.044928E1,-2.180963E-2,9.230638E-5
4.048261E1,-2.162886E-2,7.696675E-5
4.051610E1,-2.142729E-2,9.390788E-5
4.054942E1,-2.124107E-2,7.501531E-5
4.058276E1,-2.103683E-2,8.973604E-5
4.061608E1,-2.084187E-2,7.344914E-5
4.064962E1,-2.061882E-2,9.596717E-5
4.068294E1,-2.044990E-2,8.115870E-5
4.071628E1,-2.023140E-2,9.043282E-5
4.074960E1,-2.004424E-2,7.953045E-5
4.078318E1,-1.981432E-2,9.200655E-5
4.081651E1,-1.961555E-2,8.289188E-5
4.084983E1,-1.937647E-2,1.005848E-4
4.088317E1,-1.921413E-2,7.436882E-5
4.091663E1,-1.896542E-2,6.835588E-5
4.094997E1,-1.871796E-2,8.642297E-5
4.098329E1,-1.849542E-2,8.117096E-5
4.101662E1,-1.825401E-2,9.201977E-5
4.105010E1,-1.803086E-2,7.984931E-5
4.108342E1,-1.777989E-2,6.997429E-5
4.111676E1,-1.750642E-2,8.799450E-5
4.115008E1,-1.730706E-2,6.206503E-5
4.118362E1,-1.701542E-2,7.374779E-5
4.121694E1,-1.677198E-2,9.947609E-5
4.125028E1,-1.650696E-2,7.608973E-5
4.128360E1,-1.624664E-2,7.034525E-5
4.131709E1,-1.596857E-2,9.630144E-5
4.135042E1,-1.572046E-2,7.926474E-5
4.138374E1,-1.544428E-2,6.870900E-5
4.141708E1,-1.514746E-2,5.939442E-5
4.145060E1,-1.483841E-2,8.551065E-5
4.148393E1,-1.460009E-2,7.970170E-5
4.151726E1,-1.429356E-2,7.625234E-5
4.155059E1,-1.401713E-2,9.585869E-5
4.158408E1,-1.375759E-2,8.429892E-5
4.161741E1,-1.348078E-2,7.156020E-5
4.165074E1,-1.317125E-2,6.751172E-5
4.168407E1,-1.284449E-2,6.477900E-5
4.171761E1,-1.251750E-2,8.629978E-5
4.175094E1,-1.225958E-2,8.154040E-5
4.178427E1,-1.194894E-2,6.931358E-5
4.181760E1,-1.165390E-2,6.452528E-5
4.185110E1,-1.128681E-2,6.711695E-5
4.188442E1,-1.096742E-2,8.414075E-5
4.191776E1,-1.067747E-2,7.693717E-5
4.195108E1,-1.040330E-2,7.115419E-5
4.198462E1,-1.006265E-2,6.316885E-5
4.201794E1,-9.750009E-3,6.429187E-5
4.205128E1,-9.378923E-3,6.369781E-5
4.208460E1,-9.051339E-3,8.712809E-5
4.211806E1,-8.747393E-3,8.350367E-5
4.215138E1,-8.460301E-3,7.522540E-5
4.218471E1,-8.124776E-3,7.595736E-5
4.221803E1,-7.801835E-3,7.189054E-5
4.225160E1,-7.431513E-3,6.428201E-5
4.228493E1,-7.100015E-3,7.089106E-5
4.231826E1,-6.723675E-3,6.296916E-5
4.235159E1,-6.362752E-3,6.802430E-5
4.238508E1,-5.982475E-3,6.922493E-5
4.241841E1,-5.606809E-3,8.594694E-5
4.245174E1,-5.304099E-3,8.076712E-5
4.248507E1,-5.009098E-3,8.132082E-5
4.251859E1,-4.664501E-3,7.030878E-5
4.255191E1,-4.337699E-3,7.753185E-5
4.258524E1,-3.978042E-3,6.690468E-5
4.261857E1,-3.623565E-3,7.833366E-5
4.265209E1,-3.253027E-3,6.854625E-5
4.268542E1,-2.890826E-3,6.867476E-5
4.271874E1,-2.497787E-3,7.102242E-5
4.275208E1,-2.130054E-3,7.066902E-5
4.278557E1,-1.759821E-3,7.603045E-5
4.281889E1,-1.411109E-3,9.097248E-5
4.285222E1,-1.100635E-3,9.040214E-5
4.288554E1,-7.906508E-4,8.964368E-5
4.291906E1,-4.435406E-4,8.770299E-5
4.295239E1,-1.065319E-4,8.405345E-5
4.298571E1,2.512214E-4,7.919988E-5
4.301904E1,5.883892E-4,8.465919E-5
4.305257E1,9.764708E-4,8.063825E-5
4.308589E1,1.319164E-3,8.519857E-5
4.311922E1,1.697985E-3,7.992237E-5
4.315254E1,2.054858E-3,8.227232E-5
4.318606E1,2.428234E-3,7.678515E-5
4.321938E1,2.819485E-3,8.432315E-5
4.325271E1,3.194652E-3,8.269080E-5
4.328603E1,3.545318E-3,9.298293E-5
4.331953E1,3.867768E-3,8.920501E-5
4.335286E1,4.162545E-3,9.601127E-5
4.338619E1,4.500007E-3,9.383837E-5
4.341951E1,4.836464E-3,9.472368E-5
4.345304E1,5.196867E-3,9.082677E-5
4.348637E1,5.523262E-3,8.873902E-5
4.351970E1,5.899620E-3,9.349707E-5
4.355302E1,6.252842E-3,9.749794E-5
4.358653E1,6.635307E-3,9.659203E-5
4.361986E1,6.951660E-3,1.062902E-4
4.365319E1,7.269999E-3,1.030375E-4
4.368651E1,7.555414E-3,1.075236E-4
4.372001E1,7.900199E-3,9.686531E-5
4.375334E1,8.232988E-3,1.012294E-4
4.378667E1,8.575910E-3,9.747492E-5
4.382000E1,8.914084E-3,1.057022E-4
4.385353E1,9.193480E-3,9.724187E-5
4.388686E1,9.478562E-3,1.098199E-4
4.392019E1,9.791814E-3,1.005611E-4
4.395351E1,1.011061E-2,1.019981E-4
4.398703E1,1.046015E-2,1.003724E-4
4.402037E1,1.078932E-2,1.123594E-4
4.405369E1,1.107479E-2,1.069732E-4
4.408702E1,1.134913E-2,1.019464E-4
4.412054E1,1.167107E-2,1.025229E-4
4.415387E1,1.198271E-2,1.031272E-4
4.418720E1,1.231621E-2,1.112298E-4
4.422052E1,1.257097E-2,1.119166E-4
4.425401E1,1.287066E-2,1.067698E-4
4.428734E1,1.316807E-2,1.036063E-4
4.432067E1,1.348084E-2,1.011767E-4
4.435400E1,1.371464E-2,9.665827E-5
4.438750E1,1.400208E-2,1.115097E-4
4.442082E1,1.426456E-2,1.167766E-4
4.445416E1,1.451797E-2,1.180903E-4
4.448748E1,1.477218E-2,1.109036E-4
4.452102E1,1.506324E-2,1.061473E-4
4.455434E1,1.535511E-2,1.218569E-4
4.458768E1,1.559934E-2,1.124010E-4
4.462100E1,1.586582E-2,1.043742E-4
4.465453E1,1.614758E-2,1.184491E-4
4.468786E1,1.635567E-2,1.140502E-4
4.472119E1,1.663916E-2,1.080795E-4
4.475451E1,1.687402E-2,1.247380E-4
4.478800E1,1.710705E-2,1.156036E-4
4.482132E1,1.736396E-2,1.100810E-4
4.485466E1,1.764227E-2,1.215063E-4
4.488798E1,1.785048E-2,1.106300E-4
4.492151E1,1.811357E-2,1.094155E-4
4.495483E1,1.834097E-2,1.221593E-4
4.498817E1,1.855819E-2,1.153052E-4
4.502149E1,1.879651E-2,1.260491E-4
4.505500E1,1.899642E-2,1.253971E-4
4.508833E1,1.920816E-2,1.282186E-4
4.512166E1,1.940942E-2,1.194383E-4
4.515499E1,1.961200E-2,1.337950E-4
4.518850E1,1.978865E-2,1.185909E-4
4.522182E1,1.998086E-2,1.387716E-4
4.525516E1,2.015530E-2,1.166656E-4
4.528848E1,2.035461E-2,1.314048E-4
4.532194E1,2.052010E-2,1.302600E-4
4.535528E1,2.071881E-2,1.328606E-4
4.538860E1,2.087862E-2,1.127732E-4
4.542193E1,2.107631E-2,1.258172E-4
4.545557E1,2.123344E-2,1.238769E-4
4.548890E1,2.140073E-2,1.358507E-4
4.552222E1,2.156550E-2,1.228347E-4
4.555556E1,2.175653E-2,1.288213E-4
4.558900E1,2.192565E-2,1.176376E-4
4.562233E1,2.212658E-2,1.304883E-4
4.565566E1,2.226968E-2,1.332156E-4
4.568899E1,2.239040E-2,1.226851E-4
4.572253E1,2.255050E-2,1.253948E-4
4.575586E1,2.265761E-2,1.395106E-4
4.578919E1,2.274747E-2,1.259134E-4
4.582251E1,2.290208E-2,1.314914E-4
4.585597E1,2.303731E-2,1.449982E-4
4.588929E1,2.313689E-2,1.292188E-4
4.592262E1,2.327127E-2,1.382387E-4
4.595594E1,2.337312E-2,1.423929E-4
4.598947E1,2.346394E-2,1.226239E-4
4.602280E1,2.359629E-2,1.273977E-4
4.605612E1,2.368379E-2,1.407227E-4
4.608946E1,2.376201E-2,1.443730E-4
4.612302E1,2.382794E-2,1.192465E-4
4.615636E1,2.397005E-2,1.342221E-4
4.618968E1,2.405642E-2,1.436010E-4
4.622301E1,2.412952E-2,1.470985E-4
4.625648E1,2.417325E-2,1.426346E-4
4.628980E1,2.419268E-2,1.492267E-4
4.632313E1,2.421770E-2,1.278003E-4
4.635646E1,2.433113E-2,1.328156E-4
4.638994E1,2.435907E-2,1.237746E-4
4.642328E1,2.444354E-2,1.428835E-4
4.645660E1,2.445506E-2,1.329724E-4
4.648993E1,2.452550E-2,1.464098E-4
4.652346E1,2.452292E-2,1.455890E-4
4.655678E1,2.449571E-2,1.416690E-4
4.659011E1,2.450417E-2,1.419009E-4
4.662343E1,2.449029E-2,1.429861E-4
4.665694E1,2.450486E-2,1.459809E-4
4.669028E1,2.448781E-2,1.439502E-4
4.672360E1,2.447609E-2,1.421658E-4
4.675693E1,2.446721E-2,1.398062E-4
4.679046E1,2.446113E-2,1.390586E-4
4.682378E1,2.445354E-2,1.381940E-4
4.685711E1,2.444897E-2,1.375518E-4
4.689043E1,2.444447E-2,1.380450E-4
4.692396E1,2.442801E-2,1.404675E-4
4.695728E1,2.442545E-2,1.409385E-4
4.699061E1,2.438689E-2,1.336093E-4
4.702394E1,2.436324E-2,1.320222E-4
4.705744E1,2.433335E-2,1.305567E-4
4.709077E1,2.432719E-2,1.278878E-4
4.712410E1,2.429448E-2,1.213585E-4
4.715742E1,2.427879E-2,1.250016E-4
4.719114E1,2.425490E-2,1.230403E-4
4.722448E1,2.420215E-2,1.194648E-4
4.725780E1,2.416793E-2,1.409470E-4
4.729113E1,2.405214E-2,1.394583E-4
4.732442E1,2.394734E-2,1.231033E-4
4.735774E1,2.390197E-2,1.220899E-4
4.739108E1,2.385931E-2,1.161017E-4
4.742440E1,2.378503E-2,1.307730E-4
4.745791E1,2.366855E-2,1.265895E-4
4.749123E1,2.352555E-2,1.148696E-4
4.752457E1,2.343788E-2,1.137925E-4
4.755789E1,2.337271E-2,1.328049E-4
4.759141E1,2.321718E-2,1.178560E-4
4.762474E1,2.312312E-2,1.101146E-4
4.765807E1,2.303016E-2,1.199302E-4
4.769140E1,2.285809E-2,1.203976E-4
4.772494E1,2.271719E-2,1.012298E-4
4.775828E1,2.259280E-2,1.183103E-4
4.779160E1,2.242713E-2,1.117892E-4
4.782493E1,2.227136E-2,1.270277E-4
4.785842E1,2.209588E-2,1.141849E-4
4.789174E1,2.196742E-2,1.053626E-4
4.792508E1,2.182989E-2,1.147783E-4
4.795840E1,2.163645E-2,1.046920E-4
4.799191E1,2.146884E-2,1.240326E-4
4.802523E1,2.127465E-2,1.059279E-4
4.805857E1,2.110640E-2,1.158133E-4
4.809189E1,2.089112E-2,1.061258E-4
4.812542E1,2.071472E-2,1.175481E-4
4.815874E1,2.052434E-2,1.029610E-4
4.819208E1,2.033355E-2,1.091407E-4
4.822540E1,2.011690E-2,9.939575E-5
4.825889E1,1.991717E-2,1.066787E-4
4.829222E1,1.969289E-2,9.590913E-5
4.832554E1,1.949474E-2,1.142609E-4
4.835888E1,1.927883E-2,9.811815E-5
4.839240E1,1.907807E-2,1.051200E-4
4.842573E1,1.888598E-2,9.001236E-5
4.845906E1,1.868737E-2,9.252999E-5
4.849239E1,1.844193E-2,1.045804E-4
4.852588E1,1.819302E-2,8.961379E-5
4.855920E1,1.797019E-2,1.061897E-4
4.859253E1,1.770486E-2,8.731385E-5
4.862586E1,1.752714E-2,9.595590E-5
4.865940E1,1.725764E-2,9.534525E-5
4.869273E1,1.700972E-2,8.759219E-5
4.872606E1,1.675797E-2,9.371888E-5
4.875939E1,1.650418E-2,1.016837E-4
4.879289E1,1.624000E-2,8.074268E-5
4.882622E1,1.599123E-2,9.288562E-5
4.885954E1,1.570649E-2,9.434022E-5
4.889288E1,1.544709E-2,7.815475E-5
4.892643E1,1.518259E-2,8.210005E-5
4.895977E1,1.492766E-2,8.956812E-5
4.899309E1,1.462818E-2,9.369655E-5
4.902642E1,1.433609E-2,7.243289E-5
4.905987E1,1.408166E-2,8.787044E-5
4.909320E1,1.380238E-2,9.653889E-5
4.912652E1,1.346803E-2,1.011636E-4
4.915986E1,1.316939E-2,7.960931E-5
4.919338E1,1.290848E-2,7.425306E-5
4.922671E1,1.261471E-2,8.999118E-5
4.926003E1,1.231785E-2,8.696290E-5
4.929337E1,1.198626E-2,6.807231E-5
4.932688E1,1.170152E-2,7.650652E-5
4.936020E1,1.144543E-2,8.774733E-5
4.939353E1,1.111702E-2,8.881246E-5
4.942686E1,1.080798E-2,9.654856E-5
4.946037E1,1.045831E-2,5.963860E-5
4.949370E1,1.019640E-2,7.248961E-5
4.952702E1,9.889789E-3,7.948132E-5
4.956036E1,9.574309E-3,7.728449E-5
4.959387E1,9.235041E-3,9.397117E-5
4.962720E1,8.920298E-3,6.329119E-5
4.966052E1,8.610896E-3,8.173207E-5
4.969386E1,8.339179E-3,8.328701E-5
4.972734E1,8.006458E-3,7.635160E-5
4.976068E1,7.682407E-3,7.842135E-5
4.979400E1,7.332732E-3,8.349468E-5
4.982733E1,6.983821E-3,9.268017E-5
4.986086E1,6.624581E-3,9.597993E-5
4.989419E1,6.270627E-3,6.395957E-5
4.992751E1,5.966452E-3,7.373651E-5
4.996084E1,5.669191E-3,8.257859E-5
4.999434E1,5.339903E-3,8.789572E-5
5.002767E1,5.019739E-3,9.049714E-5
5.006100E1,4.653999E-3,9.087044E-5
5.009432E1,4.315310E-3,9.535227E-5
5.012784E1,3.936361E-3,9.041744E-5
5.016117E1,3.584834E-3,6.206944E-5
5.019450E1,3.267703E-3,6.522974E-5
5.022782E1,2.988732E-3,7.701869E-5
5.026134E1,2.641721E-3,7.969390E-5
5.029467E1,2.323856E-3,9.117249E-5
5.032800E1,1.956832E-3,9.230704E-5
5.036132E1,1.625745E-3,9.366322E-5
5.039482E1,1.246461E-3,9.933366E-5
5.042816E1,8.849810E-4,1.016695E-4
5.046148E1,5.154500E-4,7.089210E-5
5.049481E1,2.538735E-4,8.165401E-5
5.052834E1,-7.492358E-5,8.152597E-5
5.056168E1,-4.012823E-4,8.727200E-5
5.059500E1,-7.444985E-4,8.766270E-5
5.062833E1,-1.073815E-3,9.663673E-5
5.066183E1,-1.447151E-3,1.012562E-4
5.069517E1,-1.784538E-3,1.088089E-4
5.072849E1,-2.164887E-3,1.064998E-4
5.076182E1,-2.488187E-3,8.079732E-5
5.079534E1,-2.811097E-3,7.219126E-5
5.082867E1,-3.091086E-3,9.096206E-5
5.086200E1,-3.441432E-3,8.951720E-5
5.089532E1,-3.762283E-3,9.525321E-5
5.092883E1,-4.109786E-3,1.100110E-4
5.096217E1,-4.441517E-3,7.078443E-5
5.099549E1,-4.746454E-3,7.413808E-5
5.102882E1,-5.020614E-3,8.434981E-5
5.106233E1,-5.352482E-3,9.145516E-5
5.109566E1,-5.662653E-3,1.016777E-4
5.112899E1,-6.015473E-3,1.056217E-4
5.116231E1,-6.323720E-3,7.232049E-5
5.119582E1,-6.621483E-3,8.082601E-5
5.122914E1,-6.912738E-3,9.545175E-5
5.126248E1,-7.259650E-3,9.678662E-5
5.129580E1,-7.554283E-3,1.069590E-4
5.132930E1,-7.880759E-3,7.148284E-5
5.136262E1,-8.129906E-3,8.090460E-5
5.139596E1,-8.430438E-3,9.222106E-5
5.142928E1,-8.732708E-3,9.779815E-5
5.146280E1,-9.061298E-3,1.089196E-4
5.149613E1,-9.376888E-3,7.361297E-5
5.152946E1,-9.641672E-3,9.159272E-5
5.156279E1,-9.928507E-3,9.925995E-5
5.159633E1,-1.021777E-2,1.100619E-4
5.162966E1,-1.052769E-2,7.531965E-5
5.166299E1,-1.078097E-2,8.989566E-5
5.169631E1,-1.104660E-2,1.021037E-4
5.172980E1,-1.134899E-2,1.035767E-4
5.176312E1,-1.165712E-2,8.562058E-5
5.179646E1,-1.191882E-2,8.693186E-5
5.182978E1,-1.218865E-2,1.018977E-4
5.186329E1,-1.245582E-2,7.773887E-5
5.189662E1,-1.267414E-2,9.358098E-5
5.192994E1,-1.296203E-2,1.043735E-4
5.196328E1,-1.321345E-2,7.984438E-5
5.199680E1,-1.343518E-2,8.977687E-5
5.203012E1,-1.370640E-2,1.100304E-4
5.206346E1,-1.398123E-2,8.097664E-5
5.209678E1,-1.419193E-2,9.751742E-5
5.213032E1,-1.444841E-2,1.095945E-4
5.216366E1,-1.469204E-2,7.881548E-5
5.219698E1,-1.493628E-2,1.005695E-4
5.223031E1,-1.516114E-2,1.123253E-4
5.226380E1,-1.541520E-2,9.342045E-5
5.229713E1,-1.564414E-2,1.043986E-4
5.233046E1,-1.590296E-2,7.625432E-5
5.236379E1,-1.608151E-2,9.640739E-5
5.239730E1,-1.629855E-2,1.132396E-4
5.243062E1,-1.654895E-2,8.845986E-5
5.246396E1,-1.674665E-2,1.020107E-4
5.249728E1,-1.697016E-2,8.340615E-5
5.253079E1,-1.716005E-2,1.047756E-4
5.256411E1,-1.737945E-2,8.603958E-5
5.259744E1,-1.758875E-2,1.035491E-4
5.263077E1,-1.777652E-2,8.702438E-5
5.266428E1,-1.793561E-2,1.094012E-4
5.269761E1,-1.812252E-2,8.764867E-5
5.273094E1,-1.829118E-2,1.033264E-4
5.276427E1,-1.849084E-2,8.751789E-5
5.279776E1,-1.865265E-2,1.138529E-4
5.283108E1,-1.884721E-2,9.849796E-5
5.286441E1,-1.901582E-2,1.189905E-4
5.289774E1,-1.921205E-2,9.409886E-5
5.293128E1,-1.936687E-2,1.076449E-4
5.296461E1,-1.953699E-2,9.408243E-5
5.299794E1,-1.967561E-2,8.348330E-5
5.303127E1,-1.979798E-2,1.025005E-4
5.306476E1,-1.998706E-2,8.763623E-5
5.309808E1,-2.010873E-2,7.992535E-5
5.313141E1,-2.021290E-2,1.098708E-4
5.316474E1,-2.036392E-2,9.854369E-5
5.319826E1,-2.049231E-2,8.473758E-5
5.323158E1,-2.054933E-2,1.061141E-4
5.326491E1,-2.070894E-2,9.305914E-5
5.329823E1,-2.080907E-2,8.809512E-5
5.333174E1,-2.089778E-2,1.029078E-4
5.336508E1,-2.106706E-2,9.886668E-5
5.339840E1,-2.116302E-2,8.816751E-5
5.343173E1,-2.123815E-2,7.909468E-5
5.346526E1,-2.130960E-2,1.139801E-4
5.349858E1,-2.143369E-2,1.012284E-4
5.353191E1,-2.150552E-2,9.409242E-5
5.356523E1,-2.157192E-2,8.851951E-5
5.359874E1,-2.160107E-2,8.080787E-5
5.363208E1,-2.165088E-2,1.080952E-4
5.366540E1,-2.176897E-2,1.029037E-4
5.369873E1,-2.186325E-2,9.246231E-5
5.373228E1,-2.191115E-2,8.636497E-5
5.376561E1,-2.193808E-2,8.622699E-5
5.379894E1,-2.194519E-2,8.835800E-5
5.383227E1,-2.196780E-2,8.308809E-5
5.386573E1,-2.198226E-2,8.134938E-5
5.389906E1,-2.198456E-2,8.615213E-5
5.393239E1,-2.198850E-2,8.004316E-5
5.396571E1,-2.198877E-2,8.716525E-5
5.399921E1,-2.199692E-2,7.933903E-5
5.403254E1,-2.196776E-2,8.438574E-5
5.406587E1,-2.195555E-2,9.033839E-5
5.409920E1,-2.194295E-2,8.971055E-5
5.413274E1,-2.192678E-2,9.372032E-5
5.416608E1,-2.191879E-2,9.540292E-5
5.419940E1,-2.190485E-2,9.608153E-5
5.423273E1,-2.189398E-2,9.662670E-5
5.426621E1,-2.188675E-2,9.593876E-5
5.429954E1,-2.188233E-2,9.595058E-5
5.433287E1,-2.187885E-2,9.776317E-5
5.436620E1,-2.186708E-2,9.549318E-5
5.439971E1,-2.184499E-2,9.711442E-5
5.443304E1,-2.182100E-2,9.964634E-5
5.446637E1,-2.179612E-2,1.027411E-4
5.449970E1,-2.176414E-2,9.661404E-5
5.453319E1,-2.174699E-2,1.017414E-4
5.456651E1,-2.173692E-2,9.919780E-5
5.459984E1,-2.171908E-2,1.055176E-4
5.463317E1,-2.170077E-2,9.966756E-5
5.466670E1,-2.166930E-2,1.123976E-4
5.470002E1,-2.162574E-2,7.514500E-5
5.473336E1,-2.150953E-2,8.510462E-5
5.476668E1,-2.141802E-2,9.476676E-5
5.480021E1,-2.135207E-2,9.455919E-5
5.483354E1,-2.130665E-2,1.012990E-4
5.486687E1,-2.125054E-2,7.230097E-5
5.490020E1,-2.111878E-2,8.505903E-5
5.493368E1,-2.103014E-2,1.003324E-4
5.496700E1,-2.090791E-2,1.040191E-4
5.500033E1,-2.083124E-2,7.026300E-5
5.503366E1,-2.070513E-2,7.884829E-5
5.506718E1,-2.057992E-2,8.689843E-5
5.510051E1,-2.051279E-2,9.934048E-5
5.513383E1,-2.043027E-2,7.073444E-5
5.516717E1,-2.028067E-2,8.699650E-5
5.520070E1,-2.011729E-2,7.565397E-5
5.523402E1,-1.995103E-2,8.209140E-5
5.526736E1,-1.983063E-2,9.093580E-5
5.530068E1,-1.968866E-2,7.046635E-5
5.533423E1,-1.951460E-2,8.376870E-5
5.536757E1,-1.939149E-2,9.864647E-5
5.540089E1,-1.927377E-2,7.542911E-5
5.543422E1,-1.909619E-2,8.744025E-5
5.546769E1,-1.892079E-2,7.246577E-5
5.550102E1,-1.872697E-2,8.485513E-5
5.553434E1,-1.857202E-2,7.000630E-5
5.556768E1,-1.835264E-2,8.569456E-5
5.560120E1,-1.818078E-2,7.130475E-5
5.563453E1,-1.799432E-2,7.778761E-5
5.566786E1,-1.780331E-2,7.744984E-5
5.570119E1,-1.758864E-2,8.877560E-5
5.573474E1,-1.739615E-2,7.490111E-5
5.576808E1,-1.716864E-2,9.020952E-5
5.580140E1,-1.697963E-2,7.481348E-5
5.583473E1,-1.676014E-2,9.065149E-5
5.586818E1,-1.658833E-2,7.207659E-5
5.590151E1,-1.637573E-2,9.731231E-5
5.593483E1,-1.616883E-2,7.000463E-5
5.596817E1,-1.595512E-2,9.502562E-5
5.600170E1,-1.576043E-2,8.200100E-5
5.603502E1,-1.553219E-2,6.468006E-5
5.606836E1,-1.524195E-2,8.370365E-5
5.610168E1,-1.505490E-2,7.448640E-5
5.613516E1,-1.479058E-2,8.521650E-5
5.616848E1,-1.462004E-2,8.209217E-5
5.620181E1,-1.435524E-2,7.352988E-5
5.623514E1,-1.410701E-2,9.217037E-5
5.626867E1,-1.387070E-2,7.694210E-5
5.630200E1,-1.361630E-2,6.678860E-5
5.633532E1,-1.332670E-2,8.838704E-5
5.636866E1,-1.311156E-2,7.543938E-5
5.640218E1,-1.281611E-2,6.544044E-5
5.643551E1,-1.256325E-2,9.067489E-5
5.646883E1,-1.231420E-2,8.547135E-5
5.650217E1,-1.204321E-2,7.055818E-5
5.653562E1,-1.175978E-2,9.340569E-5
5.656896E1,-1.152934E-2,8.196494E-5
5.660228E1,-1.123375E-2,7.511718E-5
5.663561E1,-1.096707E-2,9.115650E-5
5.666914E1,-1.072321E-2,7.643649E-5
5.670248E1,-1.045910E-2,7.311487E-5
5.673580E1,-1.016378E-2,7.332812E-5
5.676913E1,-9.867030E-3,9.008157E-5
5.680266E1,-9.603021E-3,8.008967E-5
5.683598E1,-9.323325E-3,7.270229E-5
5.686931E1,-9.004940E-3,6.965151E-5
5.690263E1,-8.694805E-3,8.967711E-5
5.693616E1,-8.432317E-3,7.946148E-5
5.696948E1,-8.164311E-3,7.763613E-5
5.700281E1,-7.847339E-3,7.442394E-5
5.703614E1,-7.539432E-3,9.757112E-5
5.706962E1,-7.245415E-3,9.794895E-5
5.710296E1,-6.986139E-3,8.641961E-5
5.713628E1,-6.660781E-3,6.902261E-5
5.716961E1,-6.352407E-3,6.964114E-5
5.720314E1,-6.010833E-3,1.017508E-4
5.723647E1,-5.763715E-3,9.255462E-5
5.726980E1,-5.448038E-3,8.184013E-5
5.730312E1,-5.143465E-3,8.235140E-5
5.733664E1,-4.794224E-3,7.351953E-5
5.736997E1,-4.475590E-3,1.011256E-4
5.740330E1,-4.198289E-3,9.553429E-5
5.743662E1,-3.907609E-3,9.020536E-5
5.747012E1,-3.593691E-3,7.723414E-5
5.750346E1,-3.268721E-3,7.637866E-5
5.753678E1,-2.916907E-3,8.345670E-5
5.757011E1,-2.583333E-3,9.960674E-5
5.760363E1,-2.293308E-3,9.431261E-5
5.763697E1,-1.998469E-3,9.269757E-5
5.767029E1,-1.673537E-3,8.212649E-5
5.770362E1,-1.338329E-3,8.676463E-5
5.773717E1,-1.012202E-3,8.479367E-5
5.777049E1,-6.683248E-4,1.018387E-4
5.780382E1,-3.774299E-4,1.023017E-4
5.783714E1,-9.143613E-5,9.672865E-5
5.787086E1,2.455054E-4,9.421381E-5
5.790419E1,5.608314E-4,8.505319E-5
5.793751E1,9.301391E-4,8.361553E-5
5.797084E1,1.258211E-3,1.048044E-4
5.800412E1,1.536534E-3,1.000613E-4
5.803746E1,1.821407E-3,9.669722E-5
5.807078E1,2.144990E-3,9.608709E-5
5.810411E1,2.469351E-3,9.146755E-5
5.813761E1,2.825064E-3,9.587118E-5
5.817094E1,3.161688E-3,9.785472E-5
5.820427E1,3.435540E-3,1.056300E-4
5.823760E1,3.724721E-3,9.728971E-5
5.827111E1,4.051404E-3,9.116153E-5
5.830444E1,4.366265E-3,8.883394E-5
5.833777E1,4.714224E-3,1.127069E-4
5.837110E1,4.972781E-3,1.062903E-4
5.840460E1,5.272080E-3,1.003646E-4
5.843792E1,5.577562E-3,9.589071E-5
5.847126E1,5.913879E-3,9.520897E-5
5.850458E1,6.220512E-3,1.099314E-4
5.853817E1,6.508250E-3,1.108709E-4
5.857150E1,6.770735E-3,1.061019E-4
5.860482E1,7.097675E-3,1.040887E-4
5.863816E1,7.405694E-3,1.009866E-4
5.867157E1,7.734036E-3,1.187963E-4
5.870489E1,8.002854E-3,1.094755E-4
5.873822E1,8.296592E-3,1.011836E-4
5.877154E1,8.600458E-3,1.006840E-4
5.880508E1,8.931070E-3,9.886454E-5
5.883840E1,9.215794E-3,1.171886E-4
5.887173E1,9.497600E-3,1.118850E-4
5.890506E1,9.778306E-3,1.111406E-4
5.893859E1,1.008831E-2,1.015005E-4
5.897191E1,1.038614E-2,1.140179E-4
5.900524E1,1.065855E-2,1.086853E-4
5.903857E1,1.093245E-2,1.087635E-4
5.907208E1,1.122579E-2,1.090404E-4
5.910541E1,1.150985E-2,1.186028E-4
5.913874E1,1.177670E-2,1.210069E-4
5.917207E1,1.201976E-2,1.126851E-4
5.920559E1,1.230362E-2,1.324426E-4
5.923891E1,1.256408E-2,1.205254E-4
5.927224E1,1.283273E-2,1.115487E-4
5.930557E1,1.310559E-2,1.330491E-4
5.933907E1,1.332536E-2,1.247124E-4
5.937240E1,1.356719E-2,1.138855E-4
5.940572E1,1.385245E-2,1.312544E-4
5.943906E1,1.404815E-2,1.204251E-4
5.947257E1,1.431472E-2,1.168654E-4
5.950590E1,1.458257E-2,1.304750E-4
5.953922E1,1.481484E-2,1.228772E-4
5.957256E1,1.505010E-2,1.201150E-4
5.960608E1,1.532306E-2,1.317059E-4
5.963940E1,1.552548E-2,1.232754E-4
5.967273E1,1.577492E-2,1.455138E-4
5.970606E1,1.596243E-2,1.312360E-4
5.973956E1,1.620741E-2,1.240781E-4
5.977288E1,1.643493E-2,1.312736E-4
5.980621E1,1.666962E-2,1.273903E-4
5.983954E1,1.688364E-2,1.354231E-4
5.987304E1,1.707758E-2,1.338479E-4
5.990637E1,1.728052E-2,1.491673E-4
5.993970E1,1.747168E-2,1.297864E-4
5.997302E1,1.765860E-2,1.482284E-4
6.000654E1,1.784555E-2,1.296493E-4
6.003988E1,1.805129E-2,1.432541E-4
6.007320E1,1.822674E-2,1.304846E-4
6.010653E1,1.840520E-2,1.473550E-4
6.014011E1,1.857896E-2,1.369076E-4
6.017343E1,1.875928E-2,1.473531E-4
6.020677E1,1.892279E-2,1.388520E-4
6.024009E1,1.911759E-2,1.488751E-4
6.027354E1,1.929069E-2,1.361814E-4
6.030688E1,1.948207E-2,1.479194E-4
6.034020E1,1.963484E-2,1.263358E-4
6.037353E1,1.985475E-2,1.354848E-4
6.040703E1,1.998044E-2,1.555351E-4
6.044037E1,2.008689E-2,1.459041E-4
6.047369E1,2.024569E-2,1.509762E-4
6.050702E1,2.038786E-2,1.311693E-4
6.054054E1,2.057095E-2,1.486730E-4
6.057388E1,2.069694E-2,1.566978E-4
6.060720E1,2.080976E-2,1.423647E-4
6.064053E1,2.097685E-2,1.431582E-4
6.067403E1,2.108607E-2,1.578933E-4
6.070737E1,2.117923E-2,1.438047E-4
6.074069E1,2.130362E-2,1.464939E-4
6.077402E1,2.141128E-2,1.569155E-4
6.080753E1,2.150667E-2,1.642212E-4
6.084086E1,2.158223E-2,1.438025E-4
6.087419E1,2.171488E-2,1.487833E-4
6.090751E1,2.180898E-2,1.520573E-4
6.094101E1,2.189037E-2,1.579068E-4
6.097434E1,2.192905E-2,1.343186E-4
6.100767E1,2.204131E-2,1.416958E-4
6.104100E1,2.212601E-2,1.518860E-4
6.107452E1,2.218166E-2,1.591235E-4
6.110786E1,2.223142E-2,1.554508E-4
6.114118E1,2.227784E-2,1.563608E-4
6.117451E1,2.231963E-2,1.422577E-4
6.120802E1,2.242667E-2,1.407856E-4
6.124134E1,2.246500E-2,1.448671E-4
6.127468E1,2.251399E-2,1.446063E-4
6.130800E1,2.253604E-2,1.517581E-4
6.134148E1,2.254649E-2,1.472379E-4
6.137480E1,2.258856E-2,1.498130E-4
6.140813E1,2.259131E-2,1.517217E-4
6.144146E1,2.258893E-2,1.512427E-4
6.147500E1,2.260928E-2,1.464203E-4
6.150832E1,2.258307E-2,1.461668E-4
6.154166E1,2.257211E-2,1.448492E-4
6.157498E1,2.256600E-2,1.449589E-4
6.160851E1,2.257181E-2,1.449983E-4
6.164184E1,2.255736E-2,1.417319E-4
6.167517E1,2.254732E-2,1.454238E-4
6.170850E1,2.254124E-2,1.451939E-4
6.174200E1,2.252443E-2,1.450123E-4
6.177532E1,2.252338E-2,1.448792E-4
6.180866E1,2.251909E-2,1.455944E-4
6.184198E1,2.249382E-2,1.351316E-4
6.187548E1,2.246447E-2,1.422857E-4
6.190881E1,2.245882E-2,1.398119E-4
6.194214E1,2.241502E-2,1.337331E-4
6.197547E1,2.238959E-2,1.245589E-4
6.200901E1,2.236553E-2,1.303487E-4
6.204234E1,2.235941E-2,1.288551E-4
6.207567E1,2.234433E-2,1.302197E-4
6.210900E1,2.231333E-2,1.232123E-4
6.214249E1,2.228284E-2,1.332151E-4
6.217582E1,2.213515E-2,1.326537E-4
6.220914E1,2.204494E-2,1.299563E-4
6.224248E1,2.198131E-2,1.243237E-4
6.227599E1,2.192380E-2,1.219358E-4
6.230931E1,2.188707E-2,1.341612E-4
6.234264E1,2.175178E-2,1.281965E-4
6.237597E1,2.166184E-2,1.280092E-4
6.240946E1,2.158583E-2,1.225963E-4
6.244279E1,2.145267E-2,1.254298E-4
6.247611E1,2.133465E-2,1.203974E-4
6.250944E1,2.121083E-2,1.153211E-4
6.254297E1,2.110015E-2,1.256751E-4
6.257630E1,2.096335E-2,1.173735E-4
6.260962E1,2.084671E-2,1.076821E-4
6.264296E1,2.073213E-2,1.134415E-4
6.267651E1,2.054453E-2,1.047339E-4
6.270984E1,2.042454E-2,1.078465E-4
6.274317E1,2.029188E-2,1.187010E-4
6.277650E1,2.013140E-2,1.133474E-4
6.280997E1,1.999116E-2,1.128911E-4
6.284330E1,1.980703E-2,1.058374E-4
6.287662E1,1.966856E-2,9.824722E-5
6.290996E1,1.951660E-2,1.063414E-4
6.294342E1,1.932160E-2,9.677696E-5
6.297676E1,1.916819E-2,1.137088E-4
6.301008E1,1.898499E-2,9.880988E-5
6.304341E1,1.880484E-2,1.112208E-4
6.307696E1,1.858665E-2,9.304016E-5
6.311028E1,1.844069E-2,1.079596E-4
6.314361E1,1.822787E-2,8.682805E-5
6.317694E1,1.803241E-2,9.955353E-5
6.321043E1,1.782227E-2,8.576447E-5
6.324377E1,1.762762E-2,9.984037E-5
6.327709E1,1.740199E-2,8.308184E-5
6.331042E1,1.721708E-2,1.054769E-4
6.334394E1,1.699883E-2,8.323948E-5
6.337728E1,1.681857E-2,8.889108E-5
6.341060E1,1.658466E-2,7.751719E-5
6.344393E1,1.640632E-2,8.452385E-5
6.347760E1,1.617956E-2,5.931096E-5
6.351093E1,1.598156E-2,8.443771E-5
6.354426E1,1.573827E-2,1.015036E-4
6.357759E1,1.549270E-2,7.251276E-5
6.361093E1,1.526926E-2,7.293206E-5
6.364426E1,1.502541E-2,8.473873E-5
6.367759E1,1.475589E-2,6.973743E-5
6.371091E1,1.453649E-2,7.499957E-5
6.374446E1,1.426609E-2,6.173608E-5
6.377778E1,1.405604E-2,7.349826E-5
6.381111E1,1.379899E-2,8.316132E-5
6.384443E1,1.354122E-2,6.158146E-5
6.387796E1,1.330443E-2,7.300139E-5
6.391128E1,1.307824E-2,8.070915E-5
6.394461E1,1.277475E-2,6.035986E-5
6.397794E1,1.254470E-2,6.932627E-5
6.401142E1,1.228069E-2,7.496654E-5
6.404476E1,1.198598E-2,5.994410E-5
6.407808E1,1.173127E-2,6.612293E-5
6.411141E1,1.148737E-2,7.733613E-5
6.414496E1,1.119530E-2,7.648107E-5
6.417828E1,1.090412E-2,5.653285E-5
6.421161E1,1.062775E-2,6.355067E-5
6.424494E1,1.034161E-2,7.529599E-5
6.427842E1,1.006707E-2,5.292389E-5
6.431174E1,9.815036E-3,6.342476E-5
6.434508E1,9.533243E-3,7.079395E-5
6.437840E1,9.243901E-3,7.397555E-5
6.441194E1,8.925437E-3,5.525974E-5
6.444527E1,8.679519E-3,6.450744E-5
6.447860E1,8.385742E-3,7.708931E-5
6.451192E1,8.096963E-3,7.616276E-5
6.454541E1,7.724520E-3,6.637561E-5
6.457874E1,7.454963E-3,5.941079E-5
6.461207E1,7.145705E-3,6.336158E-5
6.464540E1,6.866674E-3,7.472272E-5
6.467889E1,6.563189E-3,7.585100E-5
6.471222E1,6.262559E-3,5.971287E-5
6.474554E1,5.981224E-3,6.677759E-5
6.477888E1,5.701218E-3,6.494174E-5
6.481240E1,5.367624E-3,7.536955E-5
6.484573E1,5.079814E-3,8.191175E-5
6.487906E1,4.730513E-3,5.225171E-5
6.491239E1,4.468464E-3,6.604841E-5
6.494590E1,4.163806E-3,6.887224E-5
6.497922E1,3.866638E-3,7.861837E-5
6.501256E1,3.529271E-3,7.837667E-5
6.504588E1,3.208440E-3,5.539774E-5
6.507938E1,2.926562E-3,6.062258E-5
6.511271E1,2.631549E-3,7.483297E-5
6.514603E1,2.309227E-3,7.861600E-5
6.517937E1,1.992280E-3,8.180832E-5
6.521289E1,1.659678E-3,5.705079E-5
6.524622E1,1.406680E-3,6.176435E-5
6.527954E1,1.108008E-3,7.167223E-5
6.531288E1,7.994997E-4,7.494650E-5
6.534638E1,4.501361E-4,8.455584E-5
6.537971E1,1.424364E-4,6.256754E-5
6.541303E1,-1.455256E-4,5.373776E-5
6.544637E1,-4.171417E-4,7.024088E-5
6.547991E1,-7.468136E-4,7.118757E-5
6.551323E1,-1.053738E-3,8.023942E-5
6.554657E1,-1.398820E-3,8.520898E-5
6.557989E1,-1.728608E-3,5.954817E-5
6.561337E1,-2.045571E-3,6.908752E-5
6.564670E1,-2.307202E-3,7.788704E-5
6.568002E1,-2.631267E-3,9.187120E-5
6.571336E1,-2.912088E-3,6.119302E-5
6.574688E1,-3.198117E-3,6.944174E-5
6.578020E1,-3.469248E-3,6.869863E-5
6.581353E1,-3.795840E-3,8.043082E-5
6.584686E1,-4.077110E-3,9.030537E-5
6.588034E1,-4.433515E-3,5.990253E-5
6.591368E1,-4.690769E-3,7.008940E-5
6.594700E1,-4.985251E-3,8.379387E-5
6.598033E1,-5.278902E-3,9.306380E-5
6.601389E1,-5.600033E-3,5.463642E-5
6.604722E1,-5.831711E-3,6.760830E-5
6.608054E1,-6.125404E-3,8.072805E-5
6.611388E1,-6.410820E-3,8.863694E-5
6.614734E1,-6.740299E-3,6.209422E-5
6.618068E1,-6.979101E-3,7.725834E-5
6.621400E1,-7.270239E-3,8.075704E-5
6.624733E1,-7.555424E-3,9.210574E-5
6.628088E1,-7.856759E-3,5.470174E-5
6.631420E1,-8.089309E-3,7.791214E-5
6.634753E1,-8.390285E-3,7.883167E-5
6.638086E1,-8.651552E-3,5.495889E-5
6.641439E1,-8.894005E-3,6.629278E-5
6.644771E1,-9.173521E-3,7.807540E-5
6.648104E1,-9.455000E-3,1.010447E-4
6.651437E1,-9.726663E-3,7.605802E-5
6.654786E1,-9.982544E-3,8.184494E-5
6.658119E1,-1.023537E-2,9.887521E-5
6.661451E1,-1.052768E-2,6.318995E-5
6.664784E1,-1.075154E-2,8.273021E-5
6.668133E1,-1.100742E-2,9.053738E-5
6.671466E1,-1.128269E-2,6.878983E-5
6.674799E1,-1.150072E-2,8.285141E-5
6.678131E1,-1.175975E-2,9.778707E-5
6.681486E1,-1.203339E-2,6.853350E-5
6.684818E1,-1.223831E-2,8.439554E-5
6.688151E1,-1.250256E-2,9.877753E-5
6.691483E1,-1.274806E-2,7.186367E-5
6.694833E1,-1.298267E-2,9.158869E-5
6.698166E1,-1.322330E-2,7.407274E-5
6.701499E1,-1.343568E-2,8.546059E-5
6.704831E1,-1.364171E-2,9.981640E-5
6.708191E1,-1.390209E-2,7.917778E-5
6.711523E1,-1.409034E-2,9.742057E-5
6.714857E1,-1.432308E-2,8.054548E-5
6.718189E1,-1.451874E-2,9.548316E-5
6.721532E1,-1.473203E-2,7.181349E-5
6.724866E1,-1.491772E-2,8.881662E-5
6.728198E1,-1.513185E-2,6.957291E-5
6.731531E1,-1.529773E-2,9.792746E-5
6.734882E1,-1.550590E-2,7.129631E-5
6.738216E1,-1.564649E-2,9.118850E-5
6.741548E1,-1.584856E-2,7.733179E-5
6.744881E1,-1.601640E-2,1.026085E-4
6.748232E1,-1.621519E-2,7.799022E-5
6.751566E1,-1.638744E-2,9.783254E-5
6.754898E1,-1.660148E-2,7.678490E-5
6.758231E1,-1.673469E-2,1.037822E-4
6.761586E1,-1.694385E-2,8.834575E-5
6.764919E1,-1.706450E-2,1.098713E-4
6.768251E1,-1.728280E-2,8.595970E-5
6.771584E1,-1.741904E-2,7.533486E-5
6.774930E1,-1.754756E-2,9.897805E-5
6.778262E1,-1.772632E-2,8.287867E-5
6.781596E1,-1.784093E-2,1.029247E-4
6.784928E1,-1.806064E-2,8.755262E-5
6.788280E1,-1.819279E-2,6.983379E-5
6.791613E1,-1.826601E-2,9.858435E-5
6.794946E1,-1.841619E-2,9.286297E-5
6.798279E1,-1.852819E-2,8.136449E-5
6.801631E1,-1.866111E-2,9.960536E-5
6.804963E1,-1.881584E-2,8.977031E-5
6.808297E1,-1.891702E-2,8.037504E-5
6.811629E1,-1.900307E-2,1.102695E-4
6.814986E1,-1.916451E-2,9.864141E-5
6.818318E1,-1.924284E-2,9.239172E-5
6.821651E1,-1.930712E-2,8.219861E-5
6.824983E1,-1.937100E-2,1.075951E-4
6.828329E1,-1.952381E-2,9.333585E-5
6.831662E1,-1.962775E-2,8.551271E-5
6.834994E1,-1.969682E-2,8.786182E-5
6.838328E1,-1.973721E-2,1.075817E-4
6.841680E1,-1.988293E-2,1.063570E-4
6.845012E1,-1.995452E-2,1.002613E-4
6.848346E1,-1.999181E-2,9.080958E-5
6.851678E1,-2.003860E-2,8.612847E-5
6.855031E1,-2.006882E-2,8.237511E-5
6.858363E1,-2.009897E-2,7.860965E-5
6.861697E1,-2.011252E-2,7.875897E-5
6.865029E1,-2.012950E-2,1.044002E-4
6.868382E1,-2.025569E-2,1.043534E-4
6.871714E1,-2.028328E-2,1.007476E-4
6.875048E1,-2.033704E-2,9.486544E-5
6.878380E1,-2.034438E-2,9.580516E-5
6.881728E1,-2.035842E-2,9.353610E-5
6.885061E1,-2.036640E-2,9.229446E-5
6.888394E1,-2.039060E-2,9.336272E-5
6.891727E1,-2.037984E-2,9.397572E-5
6.895078E1,-2.040216E-2,8.250085E-5
6.898411E1,-2.038863E-2,8.671252E-5
6.901743E1,-2.038513E-2,8.943749E-5
6.905077E1,-2.037186E-2,9.166591E-5
6.908428E1,-2.036623E-2,9.129273E-5
6.911761E1,-2.036101E-2,9.193192E-5
6.915094E1,-2.035252E-2,9.081898E-5
6.918427E1,-2.034427E-2,9.403174E-5
6.921780E1,-2.032545E-2,9.557419E-5
6.925113E1,-2.031898E-2,9.655225E-5
6.928446E1,-2.029838E-2,9.736352E-5
6.931779E1,-2.028234E-2,1.023025E-4
6.935127E1,-2.026033E-2,1.043974E-4
6.938460E1,-2.025501E-2,1.056269E-4
6.941792E1,-2.020199E-2,1.075762E-4
6.945126E1,-2.018482E-2,1.116571E-4
6.948477E1,-2.017191E-2,1.126545E-4
6.951809E1,-2.015812E-2,1.113998E-4
6.955142E1,-2.014289E-2,1.155902E-4
6.958474E1,-2.012006E-2,1.184839E-4
6.961828E1,-2.010162E-2,8.315624E-5
6.965160E1,-1.995558E-2,9.847411E-5
6.968493E1,-1.986463E-2,1.089031E-4
6.971826E1,-1.978596E-2,1.068094E-4
6.975177E1,-1.973697E-2,1.143456E-4
6.978509E1,-1.970236E-2,8.402762E-5
6.981842E1,-1.958707E-2,9.546189E-5
6.985174E1,-1.946681E-2,1.079992E-4
6.988526E1,-1.940751E-2,1.042997E-4
6.991858E1,-1.928354E-2,8.460457E-5
6.995191E1,-1.916518E-2,9.324687E-5
6.998523E1,-1.905451E-2,1.104031E-4
7.001874E1,-1.892197E-2,8.017141E-5
7.005207E1,-1.878872E-2,9.009604E-5
7.008540E1,-1.868430E-2,1.024576E-4
7.011872E1,-1.856857E-2,8.089103E-5
7.015228E1,-1.837169E-2,1.011842E-4
7.018561E1,-1.824596E-2,1.098697E-4
7.021894E1,-1.812662E-2,8.451863E-5
7.025227E1,-1.795877E-2,1.010302E-4
7.028576E1,-1.781093E-2,7.945107E-5
7.031908E1,-1.763563E-2,1.008291E-4
7.035241E1,-1.749942E-2,1.116787E-4
7.038574E1,-1.736348E-2,8.703710E-5
7.041922E1,-1.715999E-2,1.109738E-4
7.045256E1,-1.700674E-2,7.901319E-5
7.048588E1,-1.681844E-2,1.037174E-4
7.051921E1,-1.663834E-2,8.390539E-5
7.055274E1,-1.644052E-2,9.841470E-5
7.058607E1,-1.628354E-2,7.465469E-5
7.061940E1,-1.606337E-2,9.866864E-5
7.065272E1,-1.588677E-2,8.512860E-5
7.068623E1,-1.565883E-2,1.037747E-4
7.071957E1,-1.547647E-2,8.567064E-5
7.075289E1,-1.525234E-2,1.097896E-4
7.078622E1,-1.506965E-2,8.824263E-5
7.081978E1,-1.485634E-2,1.008578E-4
7.085311E1,-1.467772E-2,8.113518E-5
7.088643E1,-1.444559E-2,1.085515E-4
7.091977E1,-1.426835E-2,8.658205E-5
7.095328E1,-1.403946E-2,1.171644E-4
7.098661E1,-1.386132E-2,8.629493E-5
7.101994E1,-1.358163E-2,8.245419E-5
7.105327E1,-1.336739E-2,9.743811E-5
7.108671E1,-1.314563E-2,7.894791E-5
7.112003E1,-1.290059E-2,1.133806E-4
7.115337E1,-1.270273E-2,8.374259E-5
7.118669E1,-1.246502E-2,7.781266E-5
7.122022E1,-1.218063E-2,1.012207E-4
7.125354E1,-1.198054E-2,8.396635E-5
7.128688E1,-1.168787E-2,7.298888E-5
7.132020E1,-1.143439E-2,9.634393E-5
7.135371E1,-1.119393E-2,8.629275E-5
7.138704E1,-1.094375E-2,8.528877E-5
7.142037E1,-1.066952E-2,9.716970E-5
7.145370E1,-1.043237E-2,8.748358E-5
7.148720E1,-1.015587E-2,7.843925E-5
7.152053E1,-9.875274E-3,1.011809E-4
7.155386E1,-9.626676E-3,8.805951E-5
7.158719E1,-9.365837E-3,8.614153E-5
7.162068E1,-9.078416E-3,1.066693E-4
7.165400E1,-8.862406E-3,9.459737E-5
7.168733E1,-8.570807E-3,8.743749E-5
7.172066E1,-8.300053E-3,1.104268E-4
7.175422E1,-8.058276E-3,9.817854E-5
7.178756E1,-7.784532E-3,8.752723E-5
7.182088E1,-7.481273E-3,8.397467E-5
7.185421E1,-7.190227E-3,1.072749E-4
7.188771E1,-6.937297E-3,9.372814E-5
7.192103E1,-6.653134E-3,9.478217E-5
7.195437E1,-6.347586E-3,8.292910E-5
7.198769E1,-6.046623E-3,1.115801E-4
7.202120E1,-5.796128E-3,1.049174E-4
7.205452E1,-5.489859E-3,9.600665E-5
7.208786E1,-5.191551E-3,9.015941E-5
7.212118E1,-4.879016E-3,1.071196E-4
7.215468E1,-4.617423E-3,8.729926E-5
7.218801E1,-4.351344E-3,8.831961E-5
7.222134E1,-4.019258E-3,7.872573E-5
7.225467E1,-3.720842E-3,1.053373E-4
7.228820E1,-3.467220E-3,1.005170E-4
7.232152E1,-3.174419E-3,9.173322E-5
7.235486E1,-2.850004E-3,8.698109E-5
7.238818E1,-2.537908E-3,8.116964E-5
7.242173E1,-2.215204E-3,1.040342E-4
7.245506E1,-1.958613E-3,1.040061E-4
7.248839E1,-1.660114E-3,9.841832E-5
7.252171E1,-1.349253E-3,9.779009E-5
7.255514E1,-1.021915E-3,1.087834E-4
7.258848E1,-7.791987E-4,1.018694E-4
7.262180E1,-4.728686E-4,1.001319E-4
7.265513E1,-1.895036E-4,8.590892E-5
7.268867E1,1.781742E-4,9.815938E-5
7.272200E1,4.441845E-4,1.101479E-4
7.275532E1,7.361118E-4,1.064197E-4
7.278866E1,1.039437E-3,9.699067E-5
7.282219E1,1.350285E-3,9.668410E-5
7.285551E1,1.666396E-3,8.569914E-5
7.288884E1,1.990543E-3,1.014851E-4
7.292217E1,2.244097E-3,9.750569E-5
7.295568E1,2.563839E-3,9.645499E-5
7.298901E1,2.859913E-3,9.601487E-5
7.302234E1,3.162949E-3,1.121258E-4
7.305567E1,3.415192E-3,1.137797E-4
7.308919E1,3.733148E-3,1.065922E-4
7.312251E1,4.023399E-3,9.456953E-5
7.315584E1,4.337451E-3,9.251241E-5
7.318917E1,4.661691E-3,1.085168E-4
7.322266E1,4.927413E-3,1.065018E-4
7.325598E1,5.214623E-3,1.203425E-4
7.328931E1,5.505567E-3,1.019031E-4
7.332263E1,5.829741E-3,1.204019E-4
7.335614E1,6.090739E-3,1.127232E-4
7.338948E1,6.360440E-3,1.057538E-4
7.342280E1,6.672290E-3,1.028640E-4
7.345613E1,6.957927E-3,1.211303E-4
7.348967E1,7.220343E-3,1.084083E-4
7.352300E1,7.493904E-3,1.035521E-4
7.355632E1,7.802682E-3,1.068565E-4
7.358966E1,8.084588E-3,1.200450E-4
7.362313E1,8.344676E-3,1.187540E-4
7.365646E1,8.619475E-3,1.110411E-4
7.368979E1,8.924538E-3,1.047812E-4
7.372311E1,9.222458E-3,1.213605E-4
7.375663E1,9.464664E-3,1.083530E-4
7.378997E1,9.721858E-3,1.105851E-4
7.382329E1,1.002053E-2,1.265951E-4
7.385662E1,1.023515E-2,1.241394E-4
7.389012E1,1.052656E-2,1.086801E-4
7.392346E1,1.079736E-2,1.226998E-4
7.395678E1,1.104275E-2,1.155360E-4
7.399011E1,1.128179E-2,1.171912E-4
7.402364E1,1.155720E-2,1.238720E-4
7.405697E1,1.176634E-2,1.148270E-4
7.409030E1,1.202374E-2,1.115162E-4
7.412362E1,1.228728E-2,1.250600E-4
7.415714E1,1.249305E-2,1.454700E-4
7.419047E1,1.277077E-2,1.098042E-4
7.422380E1,1.305325E-2,1.184723E-4
7.425712E1,1.324223E-2,1.009917E-4
7.429063E1,1.350335E-2,1.130686E-4
7.432397E1,1.375380E-2,1.307903E-4
7.435729E1,1.397436E-2,1.173183E-4
7.439062E1,1.420643E-2,1.335018E-4
7.442417E1,1.441108E-2,1.252972E-4
7.445749E1,1.464166E-2,1.344982E-4
7.449082E1,1.482970E-2,1.260959E-4
7.452414E1,1.502970E-2,1.164176E-4
7.455766E1,1.528382E-2,1.343465E-4
7.459098E1,1.548449E-2,1.219448E-4
7.462431E1,1.570807E-2,1.358926E-4
7.465763E1,1.589360E-2,1.238944E-4
7.469111E1,1.610526E-2,1.337688E-4
7.472444E1,1.628847E-2,1.222789E-4
7.475777E1,1.650056E-2,1.377256E-4
7.479110E1,1.666007E-2,1.278273E-4
7.482460E1,1.686463E-2,1.325421E-4
7.485792E1,1.702749E-2,1.232746E-4
7.489126E1,1.720350E-2,1.406022E-4
7.492458E1,1.738068E-2,1.306318E-4
7.495811E1,1.757289E-2,1.301483E-4
7.499143E1,1.773580E-2,1.258236E-4
7.502477E1,1.793370E-2,1.396604E-4
7.505809E1,1.810263E-2,1.224360E-4
7.509161E1,1.829180E-2,1.325788E-4
7.512494E1,1.840983E-2,1.424509E-4
7.515827E1,1.853436E-2,1.336753E-4
7.519160E1,1.871443E-2,1.398872E-4
7.522521E1,1.884440E-2,1.359613E-4
7.525854E1,1.897266E-2,1.283680E-4
7.529187E1,1.910628E-2,1.274059E-4
7.532520E1,1.922263E-2,1.359351E-4
7.535858E1,1.933391E-2,1.316592E-4
7.539191E1,1.946364E-2,1.392738E-4
7.542523E1,1.957299E-2,1.464198E-4
7.545857E1,1.966989E-2,1.321032E-4
7.549207E1,1.981125E-2,1.327186E-4
7.552540E1,1.992824E-2,1.408633E-4
7.555872E1,2.001911E-2,1.206410E-4
7.559206E1,2.015797E-2,1.294671E-4
7.562556E1,2.027577E-2,1.351656E-4
7.565888E1,2.031784E-2,1.408070E-4
7.569221E1,2.038245E-2,1.250954E-4
7.572554E1,2.051157E-2,1.287877E-4
7.575906E1,2.059694E-2,1.386655E-4
7.579238E1,2.067149E-2,1.405094E-4
7.582571E1,2.072898E-2,1.421059E-4
7.585903E1,2.078635E-2,1.281728E-4
7.589256E1,2.090648E-2,1.279872E-4
7.592588E1,2.095283E-2,1.275422E-4
7.595921E1,2.100517E-2,1.345350E-4
7.599254E1,2.104324E-2,1.430181E-4
7.602606E1,2.106256E-2,1.361024E-4
7.605939E1,2.108358E-2,1.382955E-4
7.609271E1,2.111595E-2,1.358207E-4
7.612604E1,2.113458E-2,1.417831E-4
7.615959E1,2.113709E-2,1.419409E-4
7.619291E1,2.111068E-2,1.426283E-4
7.622624E1,2.110683E-2,1.355351E-4
7.625957E1,2.109246E-2,1.356122E-4
7.629308E1,2.109588E-2,1.421602E-4
7.632641E1,2.107311E-2,1.323487E-4
7.635974E1,2.106285E-2,1.393110E-4
7.639307E1,2.105154E-2,1.393057E-4
7.642654E1,2.104603E-2,1.243633E-4
7.645988E1,2.103516E-2,1.272914E-4
7.649320E1,2.102733E-2,1.294136E-4
7.652653E1,2.102349E-2,1.307970E-4
7.656006E1,2.101720E-2,1.319554E-4
7.659339E1,2.101276E-2,1.315193E-4
7.662671E1,2.098457E-2,1.219138E-4
7.666004E1,2.098112E-2,1.178206E-4
7.669353E1,2.094506E-2,1.153884E-4
7.672686E1,2.094601E-2,1.153888E-4
7.676019E1,2.090912E-2,1.093324E-4
7.679351E1,2.090158E-2,1.079186E-4
7.682704E1,2.088240E-2,1.078105E-4
7.686037E1,2.084848E-2,9.347295E-5
7.689370E1,2.082460E-2,9.619215E-5
7.692702E1,2.079822E-2,9.561743E-5
7.696052E1,2.075840E-2,1.179675E-4
7.699386E1,2.064632E-2,1.098212E-4
7.702718E1,2.058191E-2,1.073355E-4
7.706051E1,2.050541E-2,1.028464E-4
7.709401E1,2.045490E-2,8.757626E-5
7.712734E1,2.039252E-2,8.477061E-5
7.716067E1,2.032651E-2,1.107456E-4
7.719400E1,2.020634E-2,1.025429E-4
7.722751E1,2.010315E-2,9.085094E-5
7.726084E1,2.003590E-2,8.823750E-5
7.729417E1,1.998479E-2,9.908318E-5
7.732750E1,1.981889E-2,9.749242E-5
7.736102E1,1.970442E-2,9.298572E-5
7.739434E1,1.959455E-2,1.079512E-4
7.742768E1,1.946055E-2,1.101118E-4
7.746100E1,1.933384E-2,8.077649E-5
7.749451E1,1.920741E-2,9.978190E-5
7.752784E1,1.906176E-2,9.062789E-5
7.756117E1,1.892990E-2,7.799422E-5
7.759450E1,1.881703E-2,9.765654E-5
7.762802E1,1.862523E-2,8.305429E-5
7.766136E1,1.849956E-2,7.230128E-5
7.769468E1,1.836946E-2,9.148996E-5
7.772801E1,1.820184E-2,8.006060E-5
7.776149E1,1.806332E-2,8.994715E-5
7.779482E1,1.788261E-2,8.137427E-5
7.782814E1,1.774046E-2,6.489398E-5
7.786148E1,1.759248E-2,8.975210E-5
7.789500E1,1.740344E-2,6.969642E-5
7.792832E1,1.724709E-2,8.865121E-5
7.796166E1,1.705591E-2,7.501778E-5
7.799498E1,1.686599E-2,9.393903E-5
7.802851E1,1.668033E-2,7.709855E-5
7.806183E1,1.649966E-2,9.123174E-5
7.809517E1,1.629784E-2,7.223770E-5
7.812849E1,1.611318E-2,8.685847E-5
7.816201E1,1.588326E-2,6.784022E-5
7.819534E1,1.570400E-2,8.263162E-5
7.822867E1,1.547893E-2,6.381074E-5
7.826200E1,1.529655E-2,8.029424E-5
7.829551E1,1.507165E-2,7.104022E-5
7.832883E1,1.490576E-2,8.534653E-5
7.836217E1,1.468099E-2,6.083656E-5
7.839549E1,1.449821E-2,8.106385E-5
7.842899E1,1.427962E-2,5.877642E-5
7.846231E1,1.407897E-2,7.415313E-5
7.849564E1,1.383318E-2,8.868116E-5
7.852897E1,1.360155E-2,6.867204E-5
7.856249E1,1.335893E-2,6.475678E-5
7.859582E1,1.315686E-2,5.852786E-5
7.862914E1,1.293686E-2,6.323385E-5
7.866248E1,1.268789E-2,8.208506E-5
7.869603E1,1.242369E-2,6.418619E-5
7.872937E1,1.219620E-2,6.298406E-5
7.876269E1,1.194862E-2,8.323938E-5
7.879602E1,1.167629E-2,5.933831E-5
7.882949E1,1.143455E-2,7.409745E-5
7.886282E1,1.119005E-2,8.318521E-5
7.889614E1,1.089720E-2,5.664908E-5
7.892948E1,1.068698E-2,7.166178E-5
7.896297E1,1.040620E-2,7.798907E-5
7.899629E1,1.011303E-2,5.965827E-5
7.902962E1,9.862408E-3,7.269088E-5
7.906294E1,9.609521E-3,7.516636E-5
7.909647E1,9.320336E-3,5.642811E-5
7.912980E1,9.114087E-3,7.405625E-5
7.916312E1,8.832449E-3,7.347581E-5
7.919646E1,8.568500E-3,5.894405E-5
7.922999E1,8.314682E-3,6.984885E-5
7.926331E1,8.032964E-3,7.813340E-5
7.929664E1,7.744791E-3,8.474465E-5
7.932997E1,7.441752E-3,6.263502E-5
7.936348E1,7.191051E-3,6.651954E-5
7.939680E1,6.923499E-3,8.350642E-5
7.943013E1,6.627857E-3,5.706519E-5
7.946346E1,6.396490E-3,7.000233E-5
7.949720E1,6.125114E-3,8.046180E-5
7.953053E1,5.819883E-3,7.877539E-5
7.956386E1,5.505176E-3,6.811149E-5
7.959719E1,5.251653E-3,7.075671E-5
7.963046E1,4.968791E-3,7.011602E-5
7.966378E1,4.700084E-3,8.107363E-5
7.969711E1,4.350313E-3,4.995275E-5
7.973043E1,4.114621E-3,6.238417E-5
7.976396E1,3.814540E-3,6.675578E-5
7.979728E1,3.520974E-3,8.269192E-5
7.983061E1,3.197018E-3,5.813481E-5
7.986394E1,2.948843E-3,6.381521E-5
7.989746E1,2.668149E-3,7.517698E-5
7.993079E1,2.374125E-3,7.725226E-5
7.996411E1,2.055675E-3,5.347848E-5
7.999744E1,1.817210E-3,6.579187E-5
8.003094E1,1.514987E-3,7.368153E-5
8.006428E1,1.221633E-3,8.071298E-5
8.009760E1,9.063694E-4,6.342169E-5
8.013093E1,6.625720E-4,6.575638E-5
8.016444E1,3.667836E-4,7.769949E-5
8.019777E1,7.611073E-5,8.430800E-5
8.023110E1,-2.408253E-4,5.467666E-5
8.026442E1,-4.848416E-4,7.046078E-5
8.029794E1,-7.753459E-4,6.927956E-5
8.033127E1,-1.081346E-3,8.656083E-5
8.036460E1,-1.393227E-3,5.425333E-5
8.039792E1,-1.648962E-3,6.909421E-5
8.043151E1,-1.924954E-3,7.379014E-5
8.046483E1,-2.201654E-3,8.649614E-5
8.049817E1,-2.534028E-3,5.882952E-5
8.053149E1,-2.770407E-3,7.096763E-5
8.056493E1,-3.051147E-3,8.367976E-5
8.059826E1,-3.357180E-3,8.811707E-5
8.063159E1,-3.663919E-3,6.187124E-5
8.066491E1,-3.885749E-3,8.585056E-5
8.069843E1,-4.198387E-3,8.057058E-5
8.073177E1,-4.472676E-3,9.396677E-5
8.076509E1,-4.796243E-3,6.350397E-5
8.079842E1,-5.029912E-3,7.887736E-5
8.083194E1,-5.309115E-3,9.112478E-5
8.086527E1,-5.597955E-3,6.369343E-5
8.089860E1,-5.852499E-3,7.237111E-5
8.093192E1,-6.098388E-3,9.689219E-5
8.096546E1,-6.403142E-3,9.587424E-5
8.099879E1,-6.683338E-3,7.569244E-5
8.103211E1,-6.942085E-3,7.924287E-5
8.106544E1,-7.203615E-3,8.714976E-5
8.109891E1,-7.470944E-3,6.457853E-5
8.113224E1,-7.724917E-3,6.990759E-5
8.116557E1,-7.992338E-3,9.161802E-5
8.119890E1,-8.253134E-3,6.931324E-5
8.123241E1,-8.480243E-3,7.990951E-5
8.126574E1,-8.720386E-3,9.205182E-5
8.129907E1,-9.002474E-3,6.787389E-5
8.133240E1,-9.215657E-3,8.208968E-5
8.136591E1,-9.465457E-3,1.048449E-4
8.139923E1,-9.744223E-3,7.706137E-5
8.143257E1,-9.982010E-3,9.109229E-5
8.146589E1,-1.021772E-2,1.090202E-4
8.149940E1,-1.048915E-2,7.907550E-5
8.153273E1,-1.070407E-2,9.365201E-5
8.156606E1,-1.095161E-2,9.939662E-5
8.159939E1,-1.120589E-2,8.005067E-5
8.163290E1,-1.144515E-2,9.556535E-5
8.166622E1,-1.169101E-2,7.139707E-5
8.169956E1,-1.190368E-2,9.079571E-5
8.173288E1,-1.208770E-2,7.252094E-5
8.176638E1,-1.227943E-2,9.146220E-5
8.179971E1,-1.248978E-2,1.107069E-4
8.183303E1,-1.275135E-2,9.035343E-5
8.186637E1,-1.293543E-2,1.014620E-4
8.189991E1,-1.317885E-2,7.814192E-5
8.193323E1,-1.336696E-2,1.037776E-4
8.196657E1,-1.358240E-2,8.245740E-5
8.199989E1,-1.375666E-2,1.047004E-4
8.203339E1,-1.395693E-2,8.054644E-5
8.206671E1,-1.412496E-2,9.615240E-5
8.210004E1,-1.431060E-2,7.838575E-5
8.213337E1,-1.449120E-2,9.812859E-5
8.216688E1,-1.470237E-2,8.236625E-5
8.220020E1,-1.486439E-2,1.005928E-4
8.223353E1,-1.507379E-2,8.375843E-5
8.226686E1,-1.523428E-2,1.044658E-4
8.230037E1,-1.543284E-2,9.141204E-5
8.233369E1,-1.557046E-2,1.076817E-4
8.236702E1,-1.576456E-2,9.451136E-5
8.240034E1,-1.591311E-2,7.765321E-5
8.243389E1,-1.605301E-2,1.020664E-4
8.246722E1,-1.621954E-2,8.347639E-5
8.250054E1,-1.634722E-2,1.132134E-4
8.253388E1,-1.653542E-2,9.709809E-5
8.256740E1,-1.668012E-2,8.616474E-5
8.260073E1,-1.675417E-2,1.109248E-4
8.263406E1,-1.691827E-2,9.138298E-5
8.266739E1,-1.703484E-2,8.116751E-5
8.270089E1,-1.718242E-2,1.035557E-4
8.273422E1,-1.731341E-2,9.172183E-5
8.276754E1,-1.740302E-2,8.779178E-5
8.280088E1,-1.750841E-2,1.071924E-4
8.283439E1,-1.767400E-2,9.548099E-5
8.286771E1,-1.775591E-2,8.787186E-5
8.290104E1,-1.783163E-2,1.158820E-4
8.293437E1,-1.799645E-2,9.994261E-5
8.296787E1,-1.810090E-2,9.305342E-5
8.300120E1,-1.818542E-2,8.906713E-5
8.303452E1,-1.825075E-2,1.094436E-4
8.306786E1,-1.839682E-2,1.025120E-4
8.310137E1,-1.848268E-2,1.000566E-4
8.313469E1,-1.853303E-2,9.306127E-5
8.316802E1,-1.856711E-2,9.073924E-5
8.320134E1,-1.860292E-2,1.029314E-4
8.323484E1,-1.872335E-2,1.003555E-4
8.326817E1,-1.881620E-2,1.019480E-4
8.330150E1,-1.887891E-2,9.300916E-5
8.333482E1,-1.892530E-2,9.144196E-5
8.336836E1,-1.896736E-2,8.729151E-5
8.340168E1,-1.895321E-2,9.169285E-5
8.343501E1,-1.895915E-2,8.959853E-5
8.346834E1,-1.894061E-2,9.207483E-5
8.350186E1,-1.895223E-2,9.142205E-5
8.353518E1,-1.895432E-2,9.871794E-5
8.356851E1,-1.897232E-2,9.274754E-5
8.360183E1,-1.896380E-2,8.949757E-5
8.363537E1,-1.896515E-2,9.892121E-5
8.366869E1,-1.893879E-2,1.003896E-4
8.370202E1,-1.891962E-2,1.019265E-4
8.373534E1,-1.890256E-2,1.004350E-4
8.376888E1,-1.892605E-2,9.520111E-5
8.380220E1,-1.889336E-2,1.047730E-4
8.383553E1,-1.889808E-2,1.004666E-4
8.386886E1,-1.888432E-2,1.015106E-4
8.390231E1,-1.885805E-2,1.009039E-4
8.393564E1,-1.885153E-2,1.013151E-4
8.396897E1,-1.884819E-2,1.024187E-4
8.400230E1,-1.884225E-2,1.052314E-4
8.403584E1,-1.883864E-2,1.057892E-4
8.406917E1,-1.881984E-2,1.109177E-4
8.410250E1,-1.879718E-2,1.098286E-4
8.413582E1,-1.879024E-2,1.146510E-4
8.416933E1,-1.875656E-2,1.104163E-4
8.420266E1,-1.876226E-2,1.091571E-4
8.423599E1,-1.872154E-2,1.091562E-4
8.426931E1,-1.871816E-2,1.121452E-4
8.430281E1,-1.868520E-2,1.050105E-4
8.433614E1,-1.865161E-2,1.101543E-4
8.436947E1,-1.863421E-2,1.079402E-4
8.440280E1,-1.860294E-2,1.089089E-4
8.443632E1,-1.856964E-2,9.685335E-5
8.446966E1,-1.847475E-2,9.874097E-5
8.450298E1,-1.840468E-2,1.069253E-4
8.453631E1,-1.833133E-2,1.113728E-4
8.456982E1,-1.828407E-2,1.079957E-4
8.460314E1,-1.821078E-2,1.123492E-4
8.463648E1,-1.815527E-2,8.966953E-5
8.466980E1,-1.802711E-2,9.940732E-5
8.470332E1,-1.792821E-2,1.004060E-4
8.473666E1,-1.785989E-2,1.126135E-4
8.476998E1,-1.779928E-2,9.112663E-5
8.480331E1,-1.766613E-2,9.751649E-5
8.483678E1,-1.754423E-2,1.062818E-4
8.487011E1,-1.743850E-2,8.469241E-5
8.490343E1,-1.728362E-2,9.029711E-5
8.493677E1,-1.718052E-2,1.032950E-4
8.497027E1,-1.701992E-2,9.102413E-5
8.500360E1,-1.689246E-2,9.684689E-5
8.503692E1,-1.678039E-2,1.069955E-4
8.507026E1,-1.664631E-2,9.173448E-5
8.510377E1,-1.646613E-2,1.012321E-4
8.513710E1,-1.632083E-2,1.070179E-4
8.517042E1,-1.621262E-2,9.089837E-5
8.520376E1,-1.604512E-2,9.724719E-5
8.523731E1,-1.588636E-2,8.442570E-5
8.527063E1,-1.572273E-2,9.957858E-5
8.530397E1,-1.556937E-2,1.116006E-4
8.533729E1,-1.543750E-2,9.196984E-5
8.537077E1,-1.524130E-2,1.109609E-4
8.540410E1,-1.507708E-2,9.267890E-5
8.543742E1,-1.489957E-2,1.050782E-4
8.547076E1,-1.472913E-2,8.495034E-5
8.550427E1,-1.451571E-2,9.625886E-5
8.553760E1,-1.434718E-2,8.128657E-5
8.557092E1,-1.415004E-2,1.009591E-4
8.560426E1,-1.395232E-2,8.512140E-5
8.563778E1,-1.374680E-2,1.043808E-4
8.567111E1,-1.355401E-2,9.030215E-5
8.570443E1,-1.333530E-2,1.020353E-4
8.573777E1,-1.315827E-2,8.819809E-5
8.577128E1,-1.291564E-2,1.027816E-4
8.580460E1,-1.276073E-2,8.992096E-5
8.583793E1,-1.253684E-2,1.062923E-4
8.587126E1,-1.234712E-2,9.353764E-5
8.590480E1,-1.209567E-2,8.585111E-5
8.593812E1,-1.185637E-2,9.073962E-5
8.597146E1,-1.162000E-2,9.269641E-5
8.600478E1,-1.139897E-2,1.005461E-4
8.603828E1,-1.119582E-2,8.030044E-5
8.607160E1,-1.098707E-2,9.519653E-5
8.610493E1,-1.076892E-2,9.059478E-5
8.613826E1,-1.053235E-2,8.755393E-5
8.617177E1,-1.028208E-2,9.627586E-5
8.620510E1,-1.005786E-2,8.527802E-5
8.623842E1,-9.791844E-3,7.562917E-5
8.627176E1,-9.547212E-3,8.698036E-5
8.630531E1,-9.300246E-3,8.571154E-5
8.633863E1,-9.051552E-3,1.011781E-4
8.637197E1,-8.842323E-3,8.786128E-5
8.640529E1,-8.608988E-3,7.941972E-5
8.643879E1,-8.314167E-3,1.088308E-4
8.647211E1,-8.103222E-3,9.082646E-5
8.650544E1,-7.818275E-3,8.472625E-5
8.653877E1,-7.563188E-3,1.028933E-4
8.657224E1,-7.327916E-3,9.277030E-5
8.660557E1,-7.075042E-3,8.893184E-5
8.663890E1,-6.789291E-3,1.030819E-4
8.667222E1,-6.573448E-3,8.901570E-5
8.670574E1,-6.286012E-3,8.652126E-5
8.673907E1,-5.994563E-3,9.972178E-5
8.677240E1,-5.757083E-3,9.352590E-5
8.680572E1,-5.493244E-3,8.799925E-5
8.683928E1,-5.204486E-3,8.407825E-5
8.687260E1,-4.927576E-3,1.001823E-4
8.690593E1,-4.659185E-3,9.359986E-5
8.693926E1,-4.388170E-3,8.681003E-5
8.697273E1,-4.114133E-3,9.896230E-5
8.700606E1,-3.843010E-3,8.828676E-5
8.703939E1,-3.572665E-3,8.593229E-5
8.707271E1,-3.278730E-3,7.512122E-5
8.710623E1,-2.969909E-3,9.549365E-5
8.713957E1,-2.743549E-3,9.616813E-5
8.717289E1,-2.439976E-3,8.481679E-5
8.720622E1,-2.153734E-3,8.647990E-5
8.723977E1,-1.839839E-3,1.031757E-4
8.727309E1,-1.592462E-3,9.700308E-5
8.730642E1,-1.290704E-3,9.149681E-5
8.733974E1,-1.010115E-3,8.398420E-5
8.737326E1,-6.894293E-4,1.024498E-4
8.740658E1,-4.610638E-4,9.682011E-5
8.743991E1,-1.626709E-4,9.383546E-5
8.747323E1,1.289762E-4,1.052465E-4
8.750671E1,3.670973E-4,9.739067E-5
8.754004E1,6.446267E-4,1.005631E-4
8.757337E1,9.607093E-4,8.810348E-5
8.760670E1,1.250619E-3,1.106116E-4
8.764021E1,1.494725E-3,9.561787E-5
8.767354E1,1.765271E-3,9.421471E-5
8.770687E1,2.065121E-3,8.283155E-5
8.774020E1,2.368936E-3,9.966840E-5
8.777371E1,2.613682E-3,9.504557E-5
8.780703E1,2.905518E-3,9.161511E-5
8.784037E1,3.198472E-3,8.459808E-5
8.787369E1,3.504289E-3,9.714171E-5
8.790723E1,3.751399E-3,9.578460E-5
8.794057E1,4.029027E-3,8.633422E-5
8.797389E1,4.334832E-3,8.775012E-5
8.800722E1,4.625594E-3,1.005335E-4
8.804069E1,4.878023E-3,9.717711E-5
8.807402E1,5.179386E-3,9.369638E-5
8.810734E1,5.464267E-3,1.071623E-4
8.814068E1,5.686110E-3,9.545965E-5
8.817420E1,5.978061E-3,9.092868E-5
8.820753E1,6.234642E-3,1.055539E-4
8.824086E1,6.482818E-3,1.039809E-4
8.827419E1,6.727983E-3,9.831375E-5
8.830770E1,6.991374E-3,1.159288E-4
8.834102E1,7.234700E-3,1.086140E-4
8.837436E1,7.507822E-3,9.547418E-5
8.840768E1,7.763778E-3,1.145175E-4
8.844120E1,7.985685E-3,1.066624E-4
8.847453E1,8.246967E-3,9.991161E-5
8.850786E1,8.511993E-3,1.183540E-4
8.854119E1,8.732566E-3,1.114027E-4
8.857468E1,8.988349E-3,8.789099E-5
8.860801E1,9.251512E-3,1.098454E-4
8.864134E1,9.495594E-3,1.083148E-4
8.867467E1,9.730810E-3,8.958861E-5
8.870820E1,1.000512E-2,1.123600E-4
8.874152E1,1.020790E-2,1.091017E-4
8.877486E1,1.048544E-2,9.295617E-5
8.880818E1,1.072631E-2,1.096456E-4
8.884167E1,1.095060E-2,1.022064E-4
8.887500E1,1.121656E-2,9.968748E-5
8.890832E1,1.148609E-2,1.110441E-4
8.894166E1,1.169286E-2,9.861968E-5
8.897517E1,1.194826E-2,1.178384E-4
8.900850E1,1.211885E-2,9.932510E-5
8.904182E1,1.235875E-2,9.300441E-5
8.907516E1,1.260332E-2,1.089513E-4
8.910868E1,1.281470E-2,9.773229E-5
8.914201E1,1.306236E-2,1.185956E-4
8.917534E1,1.326608E-2,1.017690E-4
8.920867E1,1.344906E-2,1.127945E-4
8.924216E1,1.365673E-2,1.067108E-4
8.927548E1,1.385824E-2,1.237885E-4
8.930881E1,1.402343E-2,1.135476E-4
8.934214E1,1.421907E-2,1.226705E-4
8.937566E1,1.439969E-2,1.089384E-4
8.940898E1,1.460472E-2,1.189002E-4
8.944231E1,1.476944E-2,9.899745E-5
8.947563E1,1.496592E-2,1.216101E-4
8.950917E1,1.514326E-2,1.067858E-4
8.954249E1,1.532660E-2,1.258286E-4
8.957582E1,1.549047E-2,1.078301E-4
8.960914E1,1.567194E-2,1.210264E-4
8.964264E1,1.585785E-2,1.050206E-4
8.967597E1,1.606149E-2,1.207531E-4
8.970930E1,1.620967E-2,9.636172E-5
8.974262E1,1.640944E-2,1.183058E-4
8.977614E1,1.655620E-2,1.290071E-4
8.980948E1,1.667023E-2,1.112457E-4
8.984280E1,1.683383E-2,1.201270E-4
8.987613E1,1.695803E-2,9.750844E-5
8.990962E1,1.715904E-2,1.158501E-4
8.994296E1,1.730501E-2,1.267233E-4
8.997628E1,1.740481E-2,1.058872E-4
9.000961E1,1.756068E-2,1.184274E-4
9.004316E1,1.769849E-2,1.271084E-4
9.007648E1,1.777860E-2,1.056416E-4
9.010981E1,1.792186E-2,1.146493E-4
9.014314E1,1.803052E-2,1.213998E-4
9.017662E1,1.813388E-2,1.010740E-4
9.020996E1,1.828382E-2,1.165907E-4
9.024328E1,1.840176E-2,1.269748E-4
9.027661E1,1.846982E-2,1.031774E-4
9.031013E1,1.863590E-2,1.102634E-4
9.034346E1,1.872657E-2,1.159669E-4
9.037679E1,1.877997E-2,1.246662E-4
9.041011E1,1.885868E-2,1.057005E-4
9.044364E1,1.899162E-2,1.123332E-4
9.047697E1,1.909376E-2,1.178053E-4
9.051030E1,1.916541E-2,1.224096E-4
9.054362E1,1.922406E-2,1.267868E-4
9.057714E1,1.926447E-2,9.375748E-5
9.061047E1,1.936307E-2,1.042502E-4
9.064380E1,1.943673E-2,1.067896E-4
9.067712E1,1.950138E-2,1.190184E-4
9.071066E1,1.952586E-2,1.172434E-4
9.074398E1,1.956865E-2,1.297723E-4
9.077731E1,1.958950E-2,1.238376E-4
9.081063E1,1.962046E-2,9.731063E-5
9.084412E1,1.972641E-2,1.020106E-4
9.087746E1,1.976550E-2,1.066471E-4
9.091078E1,1.980628E-2,1.088356E-4
9.094411E1,1.982661E-2,1.057381E-4
9.097763E1,1.984668E-2,1.146992E-4
9.101097E1,1.985738E-2,1.157400E-4
9.104429E1,1.987366E-2,1.151099E-4
9.107762E1,1.988091E-2,1.202566E-4
9.111113E1,1.987877E-2,1.163053E-4
9.114446E1,1.987471E-2,1.124510E-4
9.117779E1,1.987152E-2,1.177800E-4
9.121111E1,1.986448E-2,1.172904E-4
9.124461E1,1.985992E-2,1.170965E-4
9.127794E1,1.985210E-2,1.141319E-4
9.131127E1,1.984708E-2,1.175615E-4
9.134460E1,1.984404E-2,1.174057E-4
9.137810E1,1.983022E-2,1.067535E-4
9.141142E1,1.982916E-2,1.085269E-4
9.144476E1,1.980431E-2,1.017159E-4
9.147808E1,1.978283E-2,9.747504E-5
9.151160E1,1.976725E-2,1.019053E-4
9.154493E1,1.973640E-2,9.297056E-5
9.157826E1,1.971539E-2,8.910087E-5
9.161159E1,1.968359E-2,8.952523E-5
9.164510E1,1.968130E-2,8.334768E-5
9.167842E1,1.966833E-2,8.593619E-5
9.171176E1,1.964535E-2,8.171850E-5
9.174508E1,1.962838E-2,8.358896E-5
9.177861E1,1.960490E-2,1.011953E-4
9.181194E1,1.945675E-2,9.401006E-5
9.184527E1,1.936178E-2,8.153126E-5
9.187860E1,1.929646E-2,8.380605E-5
9.191213E1,1.923978E-2,8.676785E-5
9.194546E1,1.920800E-2,1.094438E-4
9.197879E1,1.909123E-2,9.835907E-5
9.201211E1,1.899207E-2,9.424406E-5
9.204560E1,1.891292E-2,8.244804E-5
9.207892E1,1.883399E-2,9.872215E-5
9.211226E1,1.868217E-2,9.239503E-5
9.214558E1,1.857744E-2,8.576814E-5
9.217910E1,1.847535E-2,8.356165E-5
9.221242E1,1.840470E-2,9.575863E-5
9.224576E1,1.826858E-2,8.433333E-5
9.227908E1,1.816248E-2,7.682027E-5
9.231258E1,1.804058E-2,1.005291E-4
9.234591E1,1.787217E-2,8.652847E-5
9.237923E1,1.775582E-2,7.679020E-5
9.241257E1,1.764772E-2,9.993854E-5
9.244608E1,1.746600E-2,8.312430E-5
9.247940E1,1.735279E-2,7.731387E-5
9.251273E1,1.724809E-2,8.615021E-5
9.254606E1,1.705757E-2,7.519673E-5
9.257959E1,1.691540E-2,9.027800E-5
9.261291E1,1.671346E-2,7.747939E-5
9.264624E1,1.657777E-2,7.002183E-5
9.267957E1,1.644152E-2,9.075232E-5
9.271311E1,1.624532E-2,7.886297E-5
9.274644E1,1.611757E-2,9.124931E-5
9.277977E1,1.592277E-2,7.805352E-5
9.281310E1,1.576329E-2,8.970270E-5
9.284657E1,1.554783E-2,7.624307E-5
9.287989E1,1.536149E-2,9.013437E-5
9.291322E1,1.515868E-2,7.703812E-5
9.294654E1,1.498327E-2,9.101190E-5
9.298006E1,1.475531E-2,7.480667E-5
9.301338E1,1.460223E-2,8.997811E-5
9.304671E1,1.438429E-2,7.117291E-5
9.308003E1,1.419923E-2,8.582367E-5
9.311357E1,1.397553E-2,8.129530E-5
9.314690E1,1.379148E-2,8.496809E-5
9.318022E1,1.355926E-2,6.982150E-5
9.321356E1,1.337143E-2,8.156879E-5
9.324709E1,1.316540E-2,6.684985E-5
9.328042E1,1.299634E-2,7.099275E-5
9.331374E1,1.276159E-2,7.103805E-5
9.334708E1,1.258487E-2,8.197472E-5
9.338057E1,1.235449E-2,8.728677E-5
9.341390E1,1.209435E-2,6.702355E-5
9.344722E1,1.184576E-2,8.464818E-5
9.348056E1,1.164320E-2,7.375846E-5
9.351406E1,1.143586E-2,7.687224E-5
9.354738E1,1.120844E-2,8.459375E-5
9.358071E1,1.093820E-2,6.390851E-5
9.361403E1,1.071520E-2,8.264849E-5
9.364760E1,1.046909E-2,5.658895E-5
9.368093E1,1.025360E-2,7.121607E-5
9.371426E1,9.994891E-3,8.543686E-5
9.374759E1,9.738367E-3,6.950368E-5
9.378106E1,9.519693E-3,8.057435E-5
9.381438E1,9.281116E-3,8.450134E-5
9.384771E1,8.998533E-3,6.227327E-5
9.388103E1,8.781401E-3,7.593428E-5
9.391457E1,8.510919E-3,8.929530E-5
9.394789E1,8.230368E-3,6.868135E-5
9.398122E1,7.983879E-3,8.505983E-5
9.401454E1,7.734673E-3,9.211888E-5
9.404802E1,7.441014E-3,6.751640E-5
9.408136E1,7.221150E-3,7.527734E-5
9.411468E1,6.944017E-3,8.146422E-5
9.414801E1,6.692528E-3,6.626712E-5
9.418154E1,6.453220E-3,7.952698E-5
9.421487E1,6.185422E-3,9.099212E-5
9.424820E1,5.888858E-3,6.918416E-5
9.428152E1,5.663215E-3,8.189238E-5
9.431502E1,5.384727E-3,8.710367E-5
9.434834E1,5.134850E-3,6.020528E-5
9.438168E1,4.883611E-3,7.498134E-5
9.441500E1,4.626803E-3,8.271101E-5
9.444857E1,4.362076E-3,6.839436E-5
9.448190E1,4.099662E-3,6.987805E-5
9.451522E1,3.820787E-3,8.940299E-5
9.454856E1,3.537497E-3,8.963121E-5
9.458202E1,3.248191E-3,6.668174E-5
9.461536E1,3.016888E-3,7.449249E-5
9.464868E1,2.715411E-3,8.436567E-5
9.468201E1,2.447984E-3,5.992057E-5
9.471552E1,2.210229E-3,7.388680E-5
9.474886E1,1.931389E-3,8.665762E-5
9.478218E1,1.636867E-3,9.395768E-5
9.481551E1,1.338897E-3,6.321689E-5
9.484902E1,1.083476E-3,7.843309E-5
9.488234E1,8.315157E-4,8.656570E-5
9.491568E1,5.204700E-4,6.306516E-5
9.494900E1,3.064813E-4,7.503710E-5
9.498250E1,2.178318E-5,8.788624E-5
9.501582E1,-2.579800E-4,9.910164E-5
9.504916E1,-5.813385E-4,7.121248E-5
9.508248E1,-8.149017E-4,8.203853E-5
9.511601E1,-1.101216E-3,8.923098E-5
9.514934E1,-1.363714E-3,6.024746E-5
9.518267E1,-1.621737E-3,7.837827E-5
9.521600E1,-1.883153E-3,8.418945E-5
9.524950E1,-2.158960E-3,6.534724E-5
9.528282E1,-2.396353E-3,7.987858E-5
9.531616E1,-2.670960E-3,8.724933E-5
9.534948E1,-2.934691E-3,9.915244E-5
9.538300E1,-3.240993E-3,7.481573E-5
9.541633E1,-3.468629E-3,9.052587E-5
9.544966E1,-3.757580E-3,9.307707E-5
9.548299E1,-4.004474E-3,7.503175E-5
9.551648E1,-4.253931E-3,9.054769E-5
9.554981E1,-4.528336E-3,9.851042E-5
9.558314E1,-4.823112E-3,6.262164E-5
9.561647E1,-5.020005E-3,9.380773E-5
9.564999E1,-5.301537E-3,1.088592E-4
9.568331E1,-5.541986E-3,7.844254E-5
9.571664E1,-5.807126E-3,8.202765E-5
9.574997E1,-6.044698E-3,1.034969E-4
9.578348E1,-6.311119E-3,7.152040E-5
9.581681E1,-6.540014E-3,8.840208E-5
9.585014E1,-6.821233E-3,1.037214E-4
9.588347E1,-7.069416E-3,8.139750E-5
9.591699E1,-7.310688E-3,8.338898E-5
9.595031E1,-7.526908E-3,1.026950E-4
9.598364E1,-7.815325E-3,7.637111E-5
9.601697E1,-8.018470E-3,9.886423E-5
9.605047E1,-8.281630E-3,1.088129E-4
9.608380E1,-8.548684E-3,8.029955E-5
9.611712E1,-8.788526E-3,9.517936E-5
9.615046E1,-9.019310E-3,6.685643E-5
9.618398E1,-9.224164E-3,9.058102E-5
9.621731E1,-9.428569E-3,1.161407E-4
9.625063E1,-9.704998E-3,8.322884E-5
9.628397E1,-9.901620E-3,1.000767E-4
9.631748E1,-1.014053E-2,7.254603E-5
9.635081E1,-1.033308E-2,9.604001E-5
9.638414E1,-1.056166E-2,7.812272E-5
9.641747E1,-1.074289E-2,9.902020E-5
9.645097E1,-1.095215E-2,1.160940E-4
9.648430E1,-1.119201E-2,9.208386E-5
9.651762E1,-1.140040E-2,1.025726E-4
9.655096E1,-1.162135E-2,9.250421E-5
9.658447E1,-1.182748E-2,1.031716E-4
9.661780E1,-1.203551E-2,8.315163E-5
9.665112E1,-1.221443E-2,1.020211E-4
9.668446E1,-1.240808E-2,8.434172E-5
9.671794E1,-1.259302E-2,1.071975E-4
9.675128E1,-1.276946E-2,9.229874E-5
9.678460E1,-1.294256E-2,1.049002E-4
9.681793E1,-1.315642E-2,8.655270E-5
9.685143E1,-1.332640E-2,1.017661E-4
9.688477E1,-1.352654E-2,9.304650E-5
9.691809E1,-1.370584E-2,1.101918E-4
9.695142E1,-1.389122E-2,9.762853E-5
9.698494E1,-1.403806E-2,1.202778E-4
9.701828E1,-1.423310E-2,9.481889E-5
9.705160E1,-1.436309E-2,8.245225E-5
9.708493E1,-1.449768E-2,1.025774E-4
9.711841E1,-1.469165E-2,8.756093E-5
9.715174E1,-1.482983E-2,1.111292E-4
9.718507E1,-1.500169E-2,9.774155E-5
9.721840E1,-1.513561E-2,8.446141E-5
9.725192E1,-1.526071E-2,1.062781E-4
9.728526E1,-1.540321E-2,9.020061E-5
9.731858E1,-1.550901E-2,8.392352E-5
9.735191E1,-1.561333E-2,1.078362E-4
9.738542E1,-1.578631E-2,8.720278E-5
9.741876E1,-1.589539E-2,8.387758E-5
9.745208E1,-1.600038E-2,1.108282E-4
9.748541E1,-1.615428E-2,9.886442E-5
9.751898E1,-1.626096E-2,8.733382E-5
9.755231E1,-1.632143E-2,1.123774E-4
9.758563E1,-1.647653E-2,9.946617E-5
9.761897E1,-1.657523E-2,8.734492E-5
9.765241E1,-1.668646E-2,1.107122E-4
9.768574E1,-1.683179E-2,1.035499E-4
9.771907E1,-1.693907E-2,9.210545E-5
9.775240E1,-1.701697E-2,8.565011E-5
9.778592E1,-1.707994E-2,1.216366E-4
9.781926E1,-1.721095E-2,1.072991E-4
9.785258E1,-1.728002E-2,9.857128E-5
9.788591E1,-1.735306E-2,9.002855E-5
9.791942E1,-1.738881E-2,8.693301E-5
9.795276E1,-1.744775E-2,1.156428E-4
9.798608E1,-1.758123E-2,1.042798E-4
9.801941E1,-1.767275E-2,9.678429E-5
9.805293E1,-1.771581E-2,9.232194E-5
9.808626E1,-1.774292E-2,9.353834E-5
9.811959E1,-1.775125E-2,9.034286E-5
9.815291E1,-1.776062E-2,9.012740E-5
9.818639E1,-1.778368E-2,9.107714E-5
9.821971E1,-1.778962E-2,8.830318E-5
9.825304E1,-1.781000E-2,8.799212E-5
9.828637E1,-1.781086E-2,8.887029E-5
9.831997E1,-1.781096E-2,8.532580E-5
9.835329E1,-1.778444E-2,8.773178E-5
9.838662E1,-1.778466E-2,9.394637E-5
9.841994E1,-1.776428E-2,9.319270E-5
9.845340E1,-1.777449E-2,8.936724E-5
9.848672E1,-1.775138E-2,9.147132E-5
9.852006E1,-1.773451E-2,9.462360E-5
9.855338E1,-1.772355E-2,9.672837E-5
9.858692E1,-1.772097E-2,9.738000E-5
9.862026E1,-1.771060E-2,9.784564E-5
9.865358E1,-1.771038E-2,9.969412E-5
9.868691E1,-1.770454E-2,1.011837E-4
9.872038E1,-1.770199E-2,9.825991E-5
9.875371E1,-1.769126E-2,9.786603E-5
9.878703E1,-1.769057E-2,9.691795E-5
9.882037E1,-1.768686E-2,9.924614E-5
9.885387E1,-1.765897E-2,9.778078E-5
9.888720E1,-1.765729E-2,9.741652E-5
9.892052E1,-1.760788E-2,9.976740E-5
9.895386E1,-1.761100E-2,1.030929E-4
9.898739E1,-1.759703E-2,1.049335E-4
9.902071E1,-1.755810E-2,1.042652E-4
9.905404E1,-1.753788E-2,1.072895E-4
9.908737E1,-1.750711E-2,1.052985E-4
9.912090E1,-1.748813E-2,1.083759E-4
9.915422E1,-1.747659E-2,1.099662E-4
9.918756E1,-1.748733E-2,1.108797E-4
9.922088E1,-1.745047E-2,1.126870E-4
9.925437E1,-1.743646E-2,8.524353E-5
9.928769E1,-1.729260E-2,9.603217E-5
9.932102E1,-1.721240E-2,9.922062E-5
9.935434E1,-1.713849E-2,1.040850E-4
9.938786E1,-1.706413E-2,1.134831E-4
9.942119E1,-1.702816E-2,8.412022E-5
9.945451E1,-1.692532E-2,9.356509E-5
9.948784E1,-1.682821E-2,9.989831E-5
9.952138E1,-1.674675E-2,1.063464E-4
9.955471E1,-1.664643E-2,7.354487E-5
9.958803E1,-1.650920E-2,9.094659E-5
9.962137E1,-1.639972E-2,1.005427E-4
9.965487E1,-1.628606E-2,7.186457E-5
9.968820E1,-1.615264E-2,8.449529E-5
9.972152E1,-1.604821E-2,9.701637E-5
9.975486E1,-1.594403E-2,1.093811E-4
9.978833E1,-1.581616E-2,8.245118E-5
9.982166E1,-1.567035E-2,8.998333E-5
9.985499E1,-1.555356E-2,1.095072E-4
9.988831E1,-1.548011E-2,8.473611E-5
9.992188E1,-1.528523E-2,9.420625E-5
9.995521E1,-1.517919E-2,1.095140E-4
9.998854E1,-1.505711E-2,8.404002E-5
1.000219E2,-1.489631E-2,1.035817E-4
1.000553E2,-1.475939E-2,7.579321E-5
1.000887E2,-1.454729E-2,9.496988E-5
1.001220E2,-1.440973E-2,1.058954E-4
1.001553E2,-1.427511E-2,8.780959E-5
1.001888E2,-1.407767E-2,9.958409E-5
1.002222E2,-1.397121E-2,7.845595E-5
1.002555E2,-1.377513E-2,9.549356E-5
1.002888E2,-1.360666E-2,7.551750E-5
1.003224E2,-1.338040E-2,9.850097E-5
1.003557E2,-1.321011E-2,7.867790E-5
1.003890E2,-1.299558E-2,9.796641E-5
1.004223E2,-1.282990E-2,7.807044E-5
1.004558E2,-1.260420E-2,8.831037E-5
1.004892E2,-1.244507E-2,7.251702E-5
1.005225E2,-1.221704E-2,9.262396E-5
1.005558E2,-1.203973E-2,7.298592E-5
1.005893E2,-1.182565E-2,9.566056E-5
1.006227E2,-1.163521E-2,7.683631E-5
1.006560E2,-1.139353E-2,9.715861E-5
1.006893E2,-1.122961E-2,7.501616E-5
1.007228E2,-1.100048E-2,9.819399E-5
1.007562E2,-1.083556E-2,8.369873E-5
1.007895E2,-1.060590E-2,9.898704E-5
1.008228E2,-1.044298E-2,8.391857E-5
1.008563E2,-1.019722E-2,1.026887E-4
1.008896E2,-1.002010E-2,8.087895E-5
1.009230E2,-9.773225E-3,7.937954E-5
1.009563E2,-9.548690E-3,8.997245E-5
1.009898E2,-9.325654E-3,6.873702E-5
1.010232E2,-9.106268E-3,9.344871E-5
1.010565E2,-8.894799E-3,7.382176E-5
1.010898E2,-8.652773E-3,6.794847E-5
1.011233E2,-8.388210E-3,9.321941E-5
1.011566E2,-8.172923E-3,7.816769E-5
1.011900E2,-7.893531E-3,9.757767E-5
1.012233E2,-7.728070E-3,7.891884E-5
1.012569E2,-7.480279E-3,7.132583E-5
1.012902E2,-7.232742E-3,9.968106E-5
1.013235E2,-6.998885E-3,8.425012E-5
1.013569E2,-6.761506E-3,1.103245E-4
1.013903E2,-6.548913E-3,8.814419E-5
1.014236E2,-6.279765E-3,7.720986E-5
1.014570E2,-6.008818E-3,9.661815E-5
1.014903E2,-5.816266E-3,8.912614E-5
1.015238E2,-5.523539E-3,7.542811E-5
1.015571E2,-5.283572E-3,1.069104E-4
1.015905E2,-5.056692E-3,8.845126E-5
1.016238E2,-4.796620E-3,8.062150E-5
1.016573E2,-4.527751E-3,9.653288E-5
1.016906E2,-4.290546E-3,8.387146E-5
1.017240E2,-4.000631E-3,8.547122E-5
1.017573E2,-3.758636E-3,1.027263E-4
1.017908E2,-3.503440E-3,8.943106E-5
1.018241E2,-3.266785E-3,7.295967E-5
1.018575E2,-2.977809E-3,9.856760E-5
1.018908E2,-2.767884E-3,8.438825E-5
1.019243E2,-2.505910E-3,7.844273E-5
1.019576E2,-2.187363E-3,9.986228E-5
1.019910E2,-1.954918E-3,8.664610E-5
1.020243E2,-1.727857E-3,7.826319E-5
1.020580E2,-1.408139E-3,1.003806E-4
1.020913E2,-1.215361E-3,9.095641E-5
1.021247E2,-9.306127E-4,8.323647E-5
1.021580E2,-6.646036E-4,1.092300E-4
1.021913E2,-4.361599E-4,9.418226E-5
1.022246E2,-1.770171E-4,8.036072E-5
1.022579E2,1.353787E-4,8.071376E-5
1.022913E2,4.092026E-4,9.461704E-5
1.023248E2,6.719438E-4,8.704226E-5
1.023581E2,9.303253E-4,8.367978E-5
1.023915E2,1.220865E-3,9.822090E-5
1.024248E2,1.453683E-3,8.566339E-5
1.024583E2,1.719719E-3,8.401349E-5
1.024916E2,1.999937E-3,9.997743E-5
1.025249E2,2.228229E-3,8.718256E-5
1.025583E2,2.499524E-3,8.098690E-5
1.025918E2,2.774965E-3,1.022230E-4
1.026251E2,2.974048E-3,8.409718E-5
1.026584E2,3.257745E-3,8.627428E-5
1.026918E2,3.517989E-3,1.082612E-4
1.027253E2,3.749492E-3,9.532946E-5
1.027587E2,4.014941E-3,8.670378E-5
1.027920E2,4.304459E-3,1.059944E-4
1.028253E2,4.510574E-3,9.106105E-5
1.028588E2,4.800405E-3,9.113620E-5
1.028921E2,5.041381E-3,1.096352E-4
1.029254E2,5.265285E-3,9.743965E-5
1.029587E2,5.526154E-3,8.440010E-5
1.029923E2,5.790808E-3,1.097042E-4
1.030256E2,6.026575E-3,9.571751E-5
1.030589E2,6.321146E-3,8.710183E-5
1.030922E2,6.533168E-3,9.958882E-5
1.031257E2,6.779209E-3,9.651875E-5
1.031591E2,7.006472E-3,1.103045E-4
1.031924E2,7.211967E-3,9.770164E-5
1.032257E2,7.455977E-3,9.175907E-5
1.032592E2,7.702042E-3,1.104132E-4
1.032926E2,7.928116E-3,1.018764E-4
1.033259E2,8.194132E-3,8.331707E-5
1.033592E2,8.434196E-3,1.033471E-4
1.033927E2,8.665305E-3,9.144880E-5
1.034261E2,8.901845E-3,1.117468E-4
1.034594E2,9.077274E-3,9.970806E-5
1.034927E2,9.304688E-3,8.704819E-5
1.035262E2,9.560168E-3,1.064066E-4
1.035596E2,9.789266E-3,9.510651E-5
1.035929E2,1.003090E-2,1.142247E-4
1.036262E2,1.020901E-2,1.018296E-4
1.036597E2,1.044660E-2,8.319538E-5
1.036931E2,1.068477E-2,1.038339E-4
1.037264E2,1.090101E-2,1.001069E-4
1.037597E2,1.111096E-2,1.126108E-4
1.037933E2,1.131137E-2,1.003725E-4
1.038266E2,1.153478E-2,1.161580E-4
1.038599E2,1.171938E-2,1.001071E-4
1.038933E2,1.192049E-2,1.164795E-4
1.039267E2,1.211518E-2,9.787235E-5
1.039601E2,1.230429E-2,1.124493E-4
1.039934E2,1.246384E-2,1.012044E-4
1.040267E2,1.267443E-2,1.160405E-4
1.040602E2,1.284271E-2,1.028714E-4
1.040936E2,1.304649E-2,1.125823E-4
1.041269E2,1.323164E-2,9.526242E-5
1.041602E2,1.341056E-2,1.060899E-4
1.041937E2,1.358229E-2,9.749593E-5
1.042271E2,1.376554E-2,1.127013E-4
1.042604E2,1.390710E-2,1.006734E-4
1.042937E2,1.411699E-2,1.090194E-4
1.043272E2,1.428670E-2,8.651887E-5
1.043606E2,1.448193E-2,1.116247E-4
1.043939E2,1.465179E-2,1.046858E-4
1.044272E2,1.484389E-2,1.129117E-4
1.044607E2,1.500067E-2,1.137918E-4
1.044941E2,1.510134E-2,1.011583E-4
1.045274E2,1.528040E-2,1.104797E-4
1.045607E2,1.541271E-2,9.358013E-5
1.045942E2,1.559334E-2,1.075037E-4
1.046275E2,1.572329E-2,1.151515E-4
1.046609E2,1.585252E-2,1.027656E-4
1.046942E2,1.601425E-2,1.131859E-4
1.047277E2,1.616134E-2,1.267553E-4
1.047610E2,1.623430E-2,1.070498E-4
1.047944E2,1.636823E-2,1.116955E-4
1.048277E2,1.648593E-2,1.248932E-4
1.048613E2,1.660183E-2,1.039647E-4
1.048946E2,1.674032E-2,1.121685E-4
1.049279E2,1.685465E-2,1.177862E-4
1.049613E2,1.693995E-2,9.572407E-5
1.049947E2,1.710605E-2,1.090364E-4
1.050280E2,1.718421E-2,1.179401E-4
1.050614E2,1.724929E-2,1.193153E-4
1.050947E2,1.732070E-2,1.303839E-4
1.051282E2,1.737358E-2,1.029601E-4
1.051615E2,1.751715E-2,1.074139E-4
1.051948E2,1.759704E-2,1.156045E-4
1.052282E2,1.766489E-2,1.195388E-4
1.052617E2,1.772690E-2,9.663859E-5
1.052950E2,1.782922E-2,1.091420E-4
1.053283E2,1.789842E-2,1.088851E-4
1.053617E2,1.796366E-2,1.177292E-4
1.053952E2,1.799520E-2,1.166392E-4
1.054285E2,1.805358E-2,1.223584E-4
1.054618E2,1.807513E-2,1.248296E-4
1.054952E2,1.811674E-2,1.043349E-4
1.055287E2,1.820299E-2,1.042622E-4
1.055620E2,1.824755E-2,1.093414E-4
1.055954E2,1.829729E-2,1.138977E-4
1.056287E2,1.832120E-2,1.227789E-4
1.056622E2,1.834156E-2,1.146007E-4
1.056955E2,1.837087E-2,1.216822E-4
1.057288E2,1.838537E-2,1.149570E-4
1.057622E2,1.837362E-2,1.207839E-4
1.057957E2,1.838278E-2,1.243162E-4
1.058290E2,1.837677E-2,1.200593E-4
1.058623E2,1.836808E-2,1.244388E-4
1.058957E2,1.835957E-2,1.233327E-4
1.059292E2,1.837307E-2,1.191663E-4
1.059625E2,1.835475E-2,1.169487E-4
1.059958E2,1.834298E-2,1.154332E-4
1.060292E2,1.833610E-2,1.160901E-4
1.060627E2,1.833373E-2,1.151942E-4
1.060960E2,1.832936E-2,1.153458E-4
1.061293E2,1.832428E-2,1.173543E-4
1.061627E2,1.832120E-2,1.157204E-4
1.061961E2,1.831798E-2,1.159921E-4
1.062295E2,1.829021E-2,1.069532E-4
1.062628E2,1.826891E-2,1.046878E-4
1.062961E2,1.824941E-2,1.055867E-4
1.063297E2,1.821152E-2,9.548506E-5
1.063630E2,1.822199E-2,1.009235E-4
1.063963E2,1.818556E-2,9.400242E-5
1.064296E2,1.819173E-2,9.926665E-5
1.064631E2,1.816813E-2,9.978053E-5
1.064964E2,1.813341E-2,9.435553E-5
1.065298E2,1.810924E-2,9.289576E-5
1.065631E2,1.808516E-2,1.153432E-4
1.065966E2,1.795194E-2,1.070499E-4
1.066300E2,1.788112E-2,1.034027E-4
1.066633E2,1.784318E-2,9.706610E-5
1.066966E2,1.778059E-2,9.315685E-5
1.067301E2,1.774944E-2,8.781578E-5
1.067635E2,1.767754E-2,1.101743E-4
1.067968E2,1.754301E-2,1.038963E-4
1.068301E2,1.745258E-2,9.672006E-5
1.068636E2,1.735284E-2,8.595650E-5
1.068970E2,1.731022E-2,1.052650E-4
1.069303E2,1.718157E-2,1.001032E-4
1.069636E2,1.707938E-2,8.850989E-5
1.069971E2,1.699589E-2,8.603858E-5
1.070305E2,1.688984E-2,1.059662E-4
1.070638E2,1.673003E-2,8.884244E-5
1.070971E2,1.663880E-2,8.690409E-5
1.071307E2,1.652638E-2,1.079298E-4
1.071640E2,1.638405E-2,9.565928E-5
1.071973E2,1.626951E-2,8.160455E-5
1.072307E2,1.617677E-2,7.962797E-5
1.072641E2,1.601412E-2,8.866171E-5
1.072974E2,1.589270E-2,8.903968E-5
1.073308E2,1.578761E-2,9.669912E-5
1.073641E2,1.558313E-2,8.716122E-5
1.073976E2,1.545526E-2,7.991528E-5
1.074310E2,1.535305E-2,8.879039E-5
1.074643E2,1.517628E-2,8.449218E-5
1.074976E2,1.503391E-2,7.435331E-5
1.075311E2,1.490393E-2,9.314935E-5
1.075645E2,1.474154E-2,7.995502E-5
1.075978E2,1.458473E-2,9.468639E-5
1.076311E2,1.438772E-2,8.216150E-5
1.076646E2,1.423145E-2,9.542541E-5
1.076980E2,1.404019E-2,8.421691E-5
1.077313E2,1.389789E-2,7.066350E-5
1.077646E2,1.374442E-2,8.924728E-5
1.077981E2,1.355739E-2,7.469385E-5
1.078314E2,1.338641E-2,8.970698E-5
1.078648E2,1.319472E-2,8.178793E-5
1.078981E2,1.303020E-2,8.848295E-5
1.079316E2,1.280929E-2,7.460359E-5
1.079649E2,1.264318E-2,9.185233E-5
1.079983E2,1.245067E-2,7.043817E-5
1.080316E2,1.227220E-2,8.757438E-5
1.080651E2,1.205946E-2,7.262253E-5
1.080984E2,1.186052E-2,8.656633E-5
1.081318E2,1.163896E-2,6.945813E-5
1.081651E2,1.146199E-2,8.360795E-5
1.081986E2,1.124220E-2,7.160137E-5
1.082319E2,1.107770E-2,8.362917E-5
1.082653E2,1.085807E-2,6.441380E-5
1.082986E2,1.068226E-2,7.969223E-5
1.083321E2,1.044861E-2,7.528033E-5
1.083654E2,1.026126E-2,7.937951E-5
1.083988E2,1.000842E-2,8.821367E-5
1.084321E2,9.786994E-3,7.955352E-5
1.084656E2,9.557112E-3,7.797666E-5
1.084989E2,9.338953E-3,6.480153E-5
1.085322E2,9.145571E-3,8.148144E-5
1.085656E2,8.913176E-3,8.371536E-5
1.085991E2,8.643840E-3,6.860056E-5
1.086324E2,8.418954E-3,8.744704E-5
1.086658E2,8.162419E-3,7.165245E-5
1.086991E2,7.966304E-3,8.075106E-5
1.087326E2,7.725477E-3,9.149171E-5
1.087659E2,7.490103E-3,7.735127E-5
1.087993E2,7.244084E-3,8.445004E-5
1.088326E2,7.011900E-3,6.711609E-5
1.088661E2,6.809599E-3,7.353804E-5
1.088994E2,6.562711E-3,8.591595E-5
1.089327E2,6.295676E-3,7.062887E-5
1.089661E2,6.080257E-3,7.736362E-5
1.089996E2,5.825239E-3,8.516108E-5
1.090329E2,5.575746E-3,7.628051E-5
1.090662E2,5.326845E-3,8.277250E-5
1.090996E2,5.074892E-3,8.719795E-5
1.091331E2,4.806305E-3,6.906223E-5
1.091664E2,4.557597E-3,8.240122E-5
1.091997E2,4.287307E-3,8.720104E-5
1.092331E2,4.026316E-3,7.259168E-5
1.092668E2,3.785095E-3,8.733011E-5
1.093001E2,3.540013E-3,8.812135E-5
1.093334E2,3.269270E-3,7.373605E-5
1.093667E2,3.041932E-3,7.304390E-5
1.094000E2,2.782099E-3,9.798559E-5
1.094334E2,2.492542E-3,6.708138E-5
1.094667E2,2.235732E-3,8.495286E-5
1.095000E2,2.009200E-3,9.441647E-5
1.095336E2,1.726276E-3,6.541647E-5
1.095669E2,1.504048E-3,7.532555E-5
1.096002E2,1.228053E-3,8.504811E-5
1.096335E2,9.738150E-4,6.519246E-5
1.096671E2,7.353165E-4,7.977505E-5
1.097004E2,4.697467E-4,1.006762E-4
1.097337E2,1.921761E-4,6.915657E-5
1.097670E2,-3.900258E-5,7.950359E-5
1.098006E2,-3.081578E-4,9.331414E-5
1.098339E2,-5.444473E-4,7.142793E-5
1.098672E2,-8.064323E-4,8.361296E-5
1.099005E2,-1.046057E-3,9.631621E-5
1.099341E2,-1.315831E-3,6.951232E-5
1.099674E2,-1.556854E-3,8.730216E-5
1.100007E2,-1.824871E-3,9.722667E-5
1.100340E2,-2.079705E-3,7.433380E-5
1.100675E2,-2.328867E-3,8.355058E-5
1.101009E2,-2.558559E-3,9.674973E-5
1.101342E2,-2.845527E-3,6.971981E-5
1.101675E2,-3.061856E-3,8.950945E-5
1.102011E2,-3.314605E-3,1.031068E-4
1.102344E2,-3.597551E-3,7.426266E-5
1.102677E2,-3.840059E-3,9.071040E-5
1.103010E2,-4.059968E-3,7.417614E-5
1.103345E2,-4.279418E-3,8.374093E-5
1.103679E2,-4.495334E-3,9.519519E-5
1.104012E2,-4.770499E-3,7.408860E-5
1.104345E2,-4.968184E-3,8.970067E-5
1.104681E2,-5.222438E-3,1.094190E-4
1.105014E2,-5.488082E-3,8.335943E-5
1.105347E2,-5.737817E-3,9.694208E-5
1.105680E2,-5.946244E-3,7.455296E-5
1.106015E2,-6.163783E-3,8.579728E-5
1.106349E2,-6.351914E-3,7.326507E-5
1.106682E2,-6.576074E-3,8.500612E-5
1.107015E2,-6.785904E-3,9.986607E-5
1.107351E2,-7.028541E-3,7.887814E-5
1.107684E2,-7.244280E-3,9.441829E-5
1.108017E2,-7.496068E-3,7.276729E-5
1.108350E2,-7.669292E-3,9.193565E-5
1.108685E2,-7.881176E-3,6.675850E-5
1.109018E2,-8.050208E-3,8.822717E-5
1.109352E2,-8.281980E-3,1.051179E-4
1.109685E2,-8.531171E-3,7.816383E-5
1.110020E2,-8.726248E-3,9.613350E-5
1.110353E2,-8.966486E-3,7.750028E-5
1.110687E2,-9.174708E-3,9.377061E-5
1.111020E2,-9.369086E-3,7.608515E-5
1.111355E2,-9.553986E-3,9.426238E-5
1.111688E2,-9.747844E-3,7.646778E-5
1.112022E2,-9.922538E-3,9.540133E-5
1.112355E2,-1.011740E-2,7.801630E-5
1.112690E2,-1.030445E-2,9.487533E-5
1.113024E2,-1.049742E-2,7.253449E-5
1.113357E2,-1.067549E-2,9.669233E-5
1.113690E2,-1.087941E-2,7.864870E-5
1.114026E2,-1.104142E-2,9.699458E-5
1.114360E2,-1.123093E-2,8.067603E-5
1.114693E2,-1.137718E-2,1.023265E-4
1.115026E2,-1.159583E-2,8.012928E-5
1.115360E2,-1.175889E-2,9.874485E-5
1.115693E2,-1.196634E-2,8.627513E-5
1.116027E2,-1.210169E-2,1.095877E-4
1.116360E2,-1.232908E-2,9.121324E-5
1.116695E2,-1.248754E-2,1.069693E-4
1.117028E2,-1.267800E-2,8.763005E-5
1.117362E2,-1.279796E-2,8.146339E-5
1.117695E2,-1.293603E-2,1.067297E-4
1.118030E2,-1.314688E-2,8.545571E-5
1.118363E2,-1.326539E-2,1.039800E-4
1.118697E2,-1.345489E-2,9.586653E-5
1.119030E2,-1.357349E-2,8.390122E-5
1.119365E2,-1.370382E-2,1.086946E-4
1.119698E2,-1.384774E-2,9.576455E-5
1.120032E2,-1.396982E-2,7.768528E-5
1.120365E2,-1.407237E-2,9.965918E-5
1.120700E2,-1.423295E-2,8.808717E-5
1.121033E2,-1.435374E-2,8.048137E-5
1.121366E2,-1.445322E-2,1.076800E-4
1.121700E2,-1.460526E-2,9.288960E-5
1.122035E2,-1.471474E-2,7.882795E-5
1.122368E2,-1.478171E-2,1.045648E-4
1.122701E2,-1.493107E-2,9.794421E-5
1.123035E2,-1.503166E-2,8.891455E-5
1.123370E2,-1.511878E-2,8.103826E-5
1.123703E2,-1.519943E-2,1.059190E-4
1.124037E2,-1.534018E-2,9.313945E-5
1.124370E2,-1.543996E-2,8.772668E-5
1.124705E2,-1.551814E-2,7.758625E-5
1.125038E2,-1.554726E-2,1.102020E-4
1.125372E2,-1.567547E-2,1.013931E-4
1.125705E2,-1.575735E-2,8.805963E-5
1.126040E2,-1.580014E-2,8.622400E-5
1.126373E2,-1.589971E-2,7.535633E-5
1.126706E2,-1.593104E-2,1.038740E-4
1.127039E2,-1.607107E-2,9.431740E-5
1.127375E2,-1.613682E-2,8.769086E-5
1.127708E2,-1.616828E-2,8.345312E-5
1.128041E2,-1.619649E-2,8.693867E-5
1.128374E2,-1.623249E-2,8.158581E-5
1.128710E2,-1.624150E-2,8.146084E-5
1.129043E2,-1.627181E-2,8.173697E-5
1.129376E2,-1.626541E-2,8.177265E-5
1.129710E2,-1.629267E-2,7.677345E-5
1.130045E2,-1.629464E-2,8.446516E-5
1.130378E2,-1.628210E-2,7.950851E-5
1.130712E2,-1.626759E-2,8.281736E-5
1.131045E2,-1.624018E-2,8.712637E-5
1.131380E2,-1.625097E-2,8.695968E-5
1.131713E2,-1.624083E-2,8.332355E-5
1.132046E2,-1.623787E-2,9.435099E-5
1.132379E2,-1.622868E-2,8.633158E-5
1.132714E2,-1.622119E-2,8.685856E-5
1.133048E2,-1.621754E-2,9.060613E-5
1.133381E2,-1.620252E-2,9.803205E-5
1.133714E2,-1.619243E-2,9.718139E-5
1.134050E2,-1.618765E-2,9.282846E-5
1.134383E2,-1.617943E-2,9.413323E-5
1.134716E2,-1.617518E-2,9.391881E-5
1.135049E2,-1.617185E-2,9.452131E-5
1.135385E2,-1.616225E-2,9.698558E-5
1.135718E2,-1.616153E-2,9.743739E-5
1.136051E2,-1.615333E-2,9.668936E-5
1.136384E2,-1.613243E-2,9.988339E-5
1.136719E2,-1.610948E-2,9.958648E-5
1.137053E2,-1.609133E-2,1.016872E-4
1.137386E2,-1.606479E-2,9.578617E-5
1.137719E2,-1.604754E-2,1.011168E-4
1.138054E2,-1.602311E-2,9.478006E-5
1.138388E2,-1.603177E-2,9.473083E-5
1.138721E2,-1.600421E-2,9.739262E-5
1.139054E2,-1.599971E-2,1.002995E-4
1.139390E2,-1.598348E-2,9.758065E-5
1.139723E2,-1.593537E-2,9.789672E-5
1.140056E2,-1.590872E-2,7.400649E-5
1.140389E2,-1.578171E-2,7.886588E-5
1.140724E2,-1.570971E-2,8.297207E-5
1.141058E2,-1.565859E-2,9.270038E-5
1.141391E2,-1.562726E-2,9.591887E-5
1.141724E2,-1.557912E-2,1.016344E-4
1.142059E2,-1.553168E-2,7.493657E-5
1.142393E2,-1.539465E-2,8.368447E-5
1.142726E2,-1.529805E-2,9.431975E-5
1.143059E2,-1.521925E-2,1.028578E-4
1.143394E2,-1.514740E-2,7.193188E-5
1.143727E2,-1.501789E-2,8.509807E-5
1.144061E2,-1.492370E-2,9.460695E-5
1.144394E2,-1.484150E-2,1.027346E-4
1.144730E2,-1.477588E-2,1.075299E-4
1.145063E2,-1.469011E-2,7.076171E-5
1.145396E2,-1.454239E-2,8.882336E-5
1.145729E2,-1.442693E-2,1.032643E-4
1.146064E2,-1.434053E-2,7.789096E-5
1.146398E2,-1.420112E-2,8.785014E-5
1.146731E2,-1.408796E-2,9.523378E-5
1.147064E2,-1.398013E-2,7.843483E-5
1.147399E2,-1.379444E-2,9.398628E-5
1.147732E2,-1.367005E-2,9.798627E-5
1.148066E2,-1.359042E-2,7.042921E-5
1.148399E2,-1.340382E-2,9.189972E-5
1.148734E2,-1.324888E-2,9.358663E-5
1.149067E2,-1.317913E-2,7.104264E-5
1.149401E2,-1.300637E-2,9.551956E-5
1.149734E2,-1.285091E-2,7.299560E-5
1.150069E2,-1.265356E-2,9.069889E-5
1.150402E2,-1.250119E-2,9.444819E-5
1.150735E2,-1.238053E-2,8.001682E-5
1.151069E2,-1.218951E-2,9.043464E-5
1.151404E2,-1.202928E-2,6.516740E-5
1.151737E2,-1.185601E-2,8.949925E-5
1.152071E2,-1.171769E-2,1.034513E-4
1.152404E2,-1.159481E-2,8.051695E-5
1.152739E2,-1.138911E-2,1.001801E-4
1.153072E2,-1.122682E-2,7.802598E-5
1.153406E2,-1.104018E-2,9.643056E-5
1.153739E2,-1.088098E-2,7.530887E-5
1.154075E2,-1.066276E-2,8.943290E-5
1.154408E2,-1.050139E-2,7.868030E-5
1.154741E2,-1.030782E-2,9.375805E-5
1.155075E2,-1.013477E-2,7.071327E-5
1.155409E2,-9.898993E-3,9.718120E-5
1.155742E2,-9.729095E-3,7.182577E-5
1.156076E2,-9.500155E-3,9.720813E-5
1.156409E2,-9.328442E-3,7.358053E-5
1.156744E2,-9.115746E-3,9.456819E-5
1.157077E2,-8.948212E-3,7.656064E-5
1.157410E2,-8.720540E-3,1.003839E-4
1.157744E2,-8.541408E-3,7.878608E-5
1.158079E2,-8.305662E-3,1.093557E-4
1.158412E2,-8.137861E-3,8.398747E-5
1.158746E2,-7.870356E-3,7.070240E-5
1.159079E2,-7.659067E-3,8.801856E-5
1.159414E2,-7.452344E-3,7.693673E-5
1.159747E2,-7.238305E-3,9.924768E-5
1.160080E2,-7.022828E-3,8.724542E-5
1.160413E2,-6.794082E-3,9.952368E-5
1.160749E2,-6.596905E-3,8.274566E-5
1.161082E2,-6.360252E-3,7.033942E-5
1.161415E2,-6.102847E-3,9.456967E-5
1.161748E2,-5.900184E-3,8.227488E-5
1.162084E2,-5.642674E-3,1.020553E-4
1.162417E2,-5.451894E-3,9.209605E-5
1.162750E2,-5.212495E-3,7.552888E-5
1.163084E2,-4.958516E-3,9.635712E-5
1.163419E2,-4.734454E-3,8.125651E-5
1.163752E2,-4.502984E-3,9.298199E-5
1.164085E2,-4.277633E-3,8.324504E-5
1.164419E2,-4.043345E-3,7.404327E-5
1.164754E2,-3.787555E-3,9.676089E-5
1.165087E2,-3.592696E-3,8.214720E-5
1.165420E2,-3.325197E-3,1.022260E-4
1.165753E2,-3.145337E-3,7.892227E-5
1.166089E2,-2.882585E-3,7.963495E-5
1.166422E2,-2.632772E-3,9.663387E-5
1.166755E2,-2.398170E-3,8.008628E-5
1.167089E2,-2.156913E-3,6.805541E-5
1.167424E2,-1.883565E-3,9.738996E-5
1.167757E2,-1.671594E-3,8.107283E-5
1.168090E2,-1.387810E-3,8.440987E-5
1.168423E2,-1.137639E-3,9.905350E-5
1.168758E2,-9.125126E-4,8.532679E-5
1.169092E2,-6.419019E-4,1.049942E-4
1.169425E2,-4.349987E-4,1.007006E-4
1.169758E2,-2.098226E-4,8.256863E-5
1.170093E2,6.685571E-5,9.309684E-5
1.170427E2,2.618286E-4,8.689069E-5
1.170760E2,5.148759E-4,7.900171E-5
1.171093E2,7.825440E-4,1.018574E-4
1.171429E2,1.012449E-3,8.192044E-5
1.171762E2,1.280138E-3,8.089657E-5
1.172095E2,1.550432E-3,9.607672E-5
1.172428E2,1.763645E-3,8.904572E-5
1.172764E2,2.029526E-3,9.871970E-5
1.173097E2,2.211959E-3,9.567333E-5
1.173430E2,2.466087E-3,8.360584E-5
1.173764E2,2.711296E-3,9.635628E-5
1.174098E2,2.937785E-3,9.747335E-5
1.174431E2,3.197124E-3,8.438097E-5
1.174765E2,3.477712E-3,1.002308E-4
1.175098E2,3.681961E-3,9.262962E-5
1.175433E2,3.938238E-3,1.102347E-4
1.175767E2,4.120705E-3,8.958957E-5
1.176100E2,4.364199E-3,8.606043E-5
1.176433E2,4.611561E-3,1.060700E-4
1.176768E2,4.827853E-3,9.175861E-5
1.177101E2,5.083170E-3,1.020860E-4
1.177435E2,5.281763E-3,1.015709E-4
1.177768E2,5.516164E-3,8.708758E-5
1.178103E2,5.766087E-3,1.057033E-4
1.178436E2,5.970057E-3,9.763223E-5
1.178770E2,6.200547E-3,1.097069E-4
1.179103E2,6.392798E-3,1.007698E-4
1.179438E2,6.618060E-3,1.181094E-4
1.179771E2,6.803063E-3,1.011704E-4
1.180105E2,7.084286E-3,8.729648E-5
1.180438E2,7.279032E-3,9.843684E-5
1.180773E2,7.489582E-3,9.013505E-5
1.181106E2,7.705547E-3,1.093276E-4
1.181440E2,7.908921E-3,1.006665E-4
1.181773E2,8.113427E-3,1.168798E-4
1.182108E2,8.306108E-3,9.996854E-5
1.182441E2,8.524670E-3,1.174037E-4
1.182775E2,8.700146E-3,1.011344E-4
1.183108E2,8.926897E-3,8.700504E-5
1.183443E2,9.168201E-3,1.062505E-4
1.183777E2,9.337749E-3,9.638485E-5
1.184110E2,9.571209E-3,1.137374E-4
1.184443E2,9.749680E-3,1.046971E-4
1.184778E2,9.988221E-3,1.184376E-4
1.185111E2,1.016761E-2,1.017811E-4
1.185444E2,1.038054E-2,1.183766E-4
1.185778E2,1.055413E-2,9.863952E-5
1.186113E2,1.075922E-2,1.148452E-4
1.186446E2,1.090995E-2,1.049949E-4
1.186779E2,1.110064E-2,1.198965E-4
1.187113E2,1.127926E-2,1.070852E-4
1.187448E2,1.148131E-2,1.124469E-4
1.187781E2,1.165667E-2,1.063047E-4
1.188115E2,1.185892E-2,1.122313E-4
1.188448E2,1.202382E-2,9.310147E-5
1.188783E2,1.222339E-2,1.101415E-4
1.189116E2,1.236887E-2,9.830909E-5
1.189450E2,1.256722E-2,1.138601E-4
1.189783E2,1.271968E-2,1.276147E-4
1.190118E2,1.287107E-2,1.081989E-4
1.190451E2,1.305472E-2,1.170858E-4
1.190784E2,1.317848E-2,1.048095E-4
1.191117E2,1.336183E-2,1.056969E-4
1.191453E2,1.350491E-2,9.220329E-5
1.191786E2,1.368332E-2,1.052118E-4
1.192119E2,1.381225E-2,1.206035E-4
1.192452E2,1.393983E-2,1.024244E-4
1.192788E2,1.411143E-2,1.132664E-4
1.193121E2,1.425387E-2,1.224495E-4
1.193454E2,1.435017E-2,1.027197E-4
1.193787E2,1.450744E-2,1.147133E-4
1.194123E2,1.463631E-2,1.276792E-4
1.194456E2,1.470778E-2,1.071525E-4
1.194789E2,1.484237E-2,1.117950E-4
1.195123E2,1.496837E-2,1.273319E-4
1.195457E2,1.507467E-2,1.070723E-4
1.195791E2,1.522223E-2,1.150495E-4
1.196124E2,1.532478E-2,1.236795E-4
1.196457E2,1.541764E-2,1.013984E-4
1.196793E2,1.558533E-2,1.083132E-4
1.197126E2,1.566934E-2,1.197716E-4
1.197459E2,1.573735E-2,1.263380E-4
1.197792E2,1.581507E-2,1.143395E-4
1.198128E2,1.595641E-2,1.183130E-4
1.198461E2,1.605826E-2,1.276405E-4
1.198794E2,1.612721E-2,1.245446E-4
1.199128E2,1.618998E-2,1.015109E-4
1.199464E2,1.630489E-2,1.134858E-4
1.199798E2,1.638872E-2,1.187940E-4
1.200131E2,1.644692E-2,1.240821E-4
1.200464E2,1.648833E-2,1.248961E-4
1.200797E2,1.651540E-2,1.277072E-4
1.201131E2,1.659626E-2,1.105053E-4
1.201464E2,1.669804E-2,1.146112E-4
1.201797E2,1.676311E-2,1.121905E-4
1.202132E2,1.681655E-2,1.163634E-4
1.202466E2,1.683384E-2,1.214673E-4
1.202799E2,1.686383E-2,1.221562E-4
1.203132E2,1.686991E-2,1.285042E-4
1.203468E2,1.688261E-2,1.251053E-4
1.203801E2,1.690141E-2,1.281083E-4
1.204134E2,1.692254E-2,1.314049E-4
1.204467E2,1.692139E-2,1.248089E-4
1.204803E2,1.691684E-2,1.366629E-4
1.205136E2,1.691006E-2,1.297862E-4
1.205469E2,1.689920E-2,1.293939E-4
1.205803E2,1.687486E-2,1.269445E-4
1.206137E2,1.687979E-2,1.282377E-4
1.206471E2,1.685914E-2,1.266512E-4
1.206804E2,1.684992E-2,1.241849E-4
1.207137E2,1.683893E-2,1.236459E-4
1.207472E2,1.683940E-2,1.311862E-4
1.207805E2,1.683278E-2,1.294160E-4
1.208139E2,1.682474E-2,1.288927E-4
1.208472E2,1.682223E-2,1.275274E-4
1.208809E2,1.681951E-2,1.254564E-4
1.209142E2,1.681578E-2,1.258995E-4
1.209476E2,1.681133E-2,1.257158E-4
1.209809E2,1.680381E-2,1.237537E-4
1.210142E2,1.677300E-2,1.170186E-4
1.210476E2,1.676804E-2,1.160650E-4
1.210809E2,1.674535E-2,1.175943E-4
1.211142E2,1.672904E-2,1.140046E-4
1.211477E2,1.672238E-2,1.098267E-4
1.211811E2,1.668526E-2,1.072323E-4
1.212144E2,1.668241E-2,1.048566E-4
1.212477E2,1.663416E-2,1.004526E-4
1.212812E2,1.662455E-2,9.519488E-5
1.213145E2,1.662563E-2,9.707070E-5
1.213479E2,1.661126E-2,9.792944E-5
1.213812E2,1.659844E-2,9.161998E-5
1.214147E2,1.657393E-2,9.587650E-5
1.214480E2,1.651744E-2,1.181456E-4
1.214814E2,1.639863E-2,1.046324E-4
1.215147E2,1.632152E-2,9.386840E-5
1.215482E2,1.625487E-2,9.413579E-5
1.215815E2,1.623235E-2,9.318299E-5
1.216149E2,1.619401E-2,8.890778E-5
1.216482E2,1.613625E-2,1.085326E-4
1.216817E2,1.600966E-2,1.004550E-4
1.217150E2,1.590324E-2,9.401776E-5
1.217483E2,1.582563E-2,8.612217E-5
1.217817E2,1.574473E-2,1.079592E-4
1.218152E2,1.560681E-2,9.590114E-5
1.218485E2,1.551645E-2,8.737290E-5
1.218818E2,1.543888E-2,8.834413E-5
1.219151E2,1.536424E-2,1.066952E-4
1.219487E2,1.519101E-2,8.029175E-5
1.219820E2,1.508567E-2,8.341090E-5
1.220153E2,1.498087E-2,1.042697E-4
1.220486E2,1.482408E-2,9.159257E-5
1.220822E2,1.470458E-2,8.215617E-5
1.221155E2,1.462121E-2,1.028142E-4
1.221488E2,1.445168E-2,8.941203E-5
1.221821E2,1.433392E-2,7.779122E-5
1.222157E2,1.416115E-2,9.668990E-5
1.222490E2,1.403373E-2,9.154023E-5
1.222823E2,1.391990E-2,8.320134E-5
1.223157E2,1.378545E-2,9.314719E-5
1.223492E2,1.360527E-2,7.747190E-5
1.223825E2,1.348988E-2,9.485124E-5
1.224158E2,1.330228E-2,8.460881E-5
1.224492E2,1.315051E-2,7.739477E-5
1.224827E2,1.300834E-2,8.822533E-5
1.225160E2,1.283114E-2,7.484663E-5
1.225493E2,1.267385E-2,9.458357E-5
1.225827E2,1.249196E-2,8.323742E-5
1.226162E2,1.231781E-2,9.003345E-5
1.226495E2,1.212599E-2,7.494044E-5
1.226829E2,1.197304E-2,9.002999E-5
1.227162E2,1.175796E-2,8.360469E-5
1.227497E2,1.159255E-2,7.028097E-5
1.227830E2,1.144043E-2,8.470077E-5
1.228163E2,1.124378E-2,7.242203E-5
1.228497E2,1.109002E-2,8.608017E-5
1.228832E2,1.089589E-2,6.928749E-5
1.229165E2,1.074170E-2,7.942490E-5
1.229498E2,1.053886E-2,7.305890E-5
1.229831E2,1.034178E-2,8.715462E-5
1.230167E2,1.014154E-2,7.099108E-5
1.230500E2,9.952840E-3,8.415227E-5
1.230833E2,9.742051E-3,7.096199E-5
1.231167E2,9.565724E-3,8.366304E-5
1.231502E2,9.346485E-3,6.578467E-5
1.231835E2,9.184444E-3,7.101475E-5
1.232169E2,8.968232E-3,6.514666E-5
1.232502E2,8.783189E-3,7.969673E-5
1.232836E2,8.565002E-3,6.754080E-5
1.233170E2,8.367341E-3,8.162284E-5
1.233503E2,8.136872E-3,9.487292E-5
1.233836E2,7.902513E-3,7.860582E-5
1.234172E2,7.686756E-3,7.263213E-5
1.234505E2,7.478336E-3,6.482281E-5
1.234838E2,7.264559E-3,7.993326E-5
1.235171E2,7.045273E-3,6.918803E-5
1.235507E2,6.842448E-3,7.777287E-5
1.235840E2,6.615243E-3,8.763353E-5
1.236173E2,6.346195E-3,7.180752E-5
1.236506E2,6.141136E-3,8.498947E-5
1.236841E2,5.902793E-3,6.635226E-5
1.237174E2,5.714840E-3,7.650873E-5
1.237508E2,5.460665E-3,8.659899E-5
1.237841E2,5.213041E-3,6.600765E-5
1.238176E2,5.009936E-3,8.239429E-5
1.238510E2,4.734144E-3,6.447223E-5
1.238843E2,4.523031E-3,7.812886E-5
1.239176E2,4.299210E-3,9.030817E-5
1.239511E2,4.041040E-3,6.838473E-5
1.239845E2,3.834805E-3,8.232492E-5
1.240178E2,3.573088E-3,5.974748E-5
1.240511E2,3.409629E-3,7.800329E-5
1.240846E2,3.151902E-3,8.037489E-5
1.241180E2,2.892998E-3,6.635706E-5
1.241513E2,2.663115E-3,7.878523E-5
1.241846E2,2.439040E-3,6.332977E-5
1.242181E2,2.221627E-3,8.035028E-5
1.242515E2,1.996530E-3,8.457787E-5
1.242848E2,1.740968E-3,7.369816E-5
1.243181E2,1.531388E-3,7.953128E-5
1.243516E2,1.280960E-3,6.393888E-5
1.243849E2,1.076260E-3,6.981951E-5
1.244183E2,8.170115E-4,8.885773E-5
1.244516E2,5.914431E-4,6.400159E-5
1.244851E2,3.632596E-4,8.196177E-5
1.245184E2,1.489864E-4,6.491637E-5
1.245518E2,-7.815566E-5,7.803807E-5
1.245851E2,-3.075799E-4,8.788346E-5
1.246186E2,-5.529410E-4,7.210043E-5
1.246519E2,-7.757411E-4,7.783338E-5
1.246853E2,-1.026046E-3,9.297166E-5
1.247186E2,-1.299219E-3,6.738405E-5
1.247521E2,-1.522107E-3,7.819312E-5
1.247854E2,-1.746864E-3,6.626416E-5
1.248188E2,-1.957777E-3,7.244535E-5
1.248521E2,-2.175785E-3,8.717162E-5
1.248856E2,-2.444466E-3,6.823221E-5
1.249190E2,-2.659614E-3,8.793981E-5
1.249523E2,-2.921356E-3,6.582184E-5
1.249856E2,-3.107872E-3,8.381286E-5
1.250191E2,-3.342953E-3,8.962143E-5
1.250524E2,-3.578887E-3,7.251651E-5
1.250858E2,-3.805874E-3,8.628017E-5
1.251191E2,-4.023275E-3,7.295913E-5
1.251526E2,-4.236285E-3,7.937456E-5
1.251859E2,-4.452311E-3,6.572681E-5
1.252193E2,-4.651411E-3,8.316440E-5
1.252526E2,-4.868529E-3,9.489457E-5
1.252861E2,-5.114703E-3,7.829237E-5
1.253194E2,-5.301582E-3,9.210060E-5
1.253528E2,-5.540079E-3,7.313810E-5
1.253861E2,-5.734474E-3,8.538743E-5
1.254196E2,-5.957765E-3,7.055857E-5
1.254529E2,-6.153894E-3,8.009421E-5
1.254862E2,-6.379391E-3,1.021290E-4
1.255196E2,-6.605417E-3,7.949395E-5
1.255531E2,-6.817510E-3,9.201116E-5
1.255864E2,-7.039750E-3,7.333307E-5
1.256198E2,-7.236182E-3,9.255625E-5
1.256531E2,-7.451379E-3,7.089004E-5
1.256866E2,-7.635872E-3,8.769901E-5
1.257199E2,-7.840116E-3,7.245816E-5
1.257533E2,-8.012588E-3,8.379995E-5
1.257866E2,-8.223638E-3,7.111689E-5
1.258201E2,-8.393467E-3,8.461252E-5
1.258534E2,-8.566638E-3,7.503147E-5
1.258868E2,-8.757655E-3,8.436762E-5
1.259201E2,-8.960642E-3,7.046657E-5
1.259536E2,-9.138147E-3,8.978200E-5
1.259869E2,-9.334036E-3,7.545209E-5
1.260202E2,-9.513818E-3,9.636912E-5
1.260535E2,-9.704188E-3,7.644016E-5
1.260871E2,-9.876265E-3,9.641532E-5
1.261204E2,-1.006301E-2,7.750448E-5
1.261537E2,-1.021667E-2,9.885366E-5
1.261870E2,-1.041785E-2,7.701050E-5
1.262206E2,-1.058593E-2,9.818047E-5
1.262539E2,-1.079265E-2,8.144431E-5
1.262872E2,-1.095446E-2,1.052868E-4
1.263206E2,-1.115641E-2,9.452927E-5
1.263541E2,-1.129904E-2,7.119917E-5
1.263874E2,-1.141700E-2,9.298332E-5
1.264208E2,-1.158790E-2,7.948514E-5
1.264541E2,-1.170441E-2,7.261147E-5
1.264875E2,-1.183834E-2,9.296664E-5
1.265209E2,-1.200294E-2,7.834649E-5
1.265542E2,-1.211832E-2,1.033441E-4
1.265875E2,-1.232848E-2,7.876316E-5
1.266211E2,-1.244470E-2,7.916805E-5
1.266544E2,-1.251567E-2,9.815653E-5
1.266877E2,-1.269318E-2,8.537329E-5
1.267210E2,-1.281587E-2,7.656163E-5
1.267546E2,-1.292522E-2,1.001077E-4
1.267879E2,-1.308799E-2,8.313922E-5
1.268212E2,-1.319910E-2,7.571728E-5
1.268545E2,-1.329037E-2,9.615119E-5
1.268880E2,-1.345517E-2,8.724727E-5
1.269214E2,-1.353762E-2,8.244782E-5
1.269547E2,-1.361478E-2,7.611671E-5
1.269880E2,-1.368056E-2,1.059918E-4
1.270215E2,-1.383030E-2,8.806254E-5
1.270549E2,-1.392952E-2,8.205256E-5
1.270882E2,-1.400469E-2,7.307652E-5
1.271215E2,-1.407076E-2,9.647696E-5
1.271550E2,-1.420900E-2,9.468984E-5
1.271884E2,-1.427914E-2,8.719151E-5
1.272217E2,-1.431949E-2,8.388248E-5
1.272550E2,-1.438201E-2,7.460203E-5
1.272885E2,-1.442135E-2,9.661517E-5
1.273219E2,-1.458035E-2,9.115190E-5
1.273552E2,-1.465366E-2,8.498504E-5
1.273885E2,-1.470491E-2,7.864796E-5
1.274220E2,-1.475872E-2,7.692946E-5
1.274554E2,-1.475416E-2,8.021216E-5
1.274887E2,-1.477486E-2,9.890619E-5
1.275220E2,-1.487791E-2,9.178987E-5
1.275555E2,-1.494723E-2,9.376532E-5
1.275889E2,-1.503207E-2,8.406528E-5
1.276222E2,-1.504610E-2,9.270588E-5
1.276555E2,-1.511266E-2,8.288921E-5
1.276890E2,-1.512866E-2,7.779432E-5
1.277224E2,-1.510206E-2,8.386504E-5
1.277557E2,-1.511683E-2,8.180980E-5
1.277890E2,-1.509502E-2,8.378546E-5
1.278225E2,-1.509567E-2,8.562275E-5
1.278559E2,-1.509984E-2,8.842519E-5
1.278892E2,-1.511527E-2,8.726739E-5
1.279225E2,-1.510379E-2,8.716288E-5
1.279560E2,-1.510018E-2,9.208743E-5
1.279893E2,-1.509270E-2,9.289099E-5
1.280227E2,-1.508330E-2,9.182938E-5
1.280560E2,-1.506616E-2,9.186572E-5
1.280896E2,-1.506737E-2,9.086807E-5
1.281229E2,-1.505464E-2,9.267822E-5
1.281562E2,-1.504209E-2,9.323173E-5
1.281895E2,-1.503443E-2,9.468584E-5
1.282230E2,-1.502342E-2,9.236267E-5
1.282563E2,-1.502119E-2,9.354354E-5
1.282896E2,-1.501784E-2,9.570690E-5
1.283230E2,-1.501543E-2,9.588748E-5
1.283565E2,-1.500941E-2,9.948316E-5
1.283899E2,-1.499779E-2,1.023979E-4
1.284232E2,-1.496037E-2,1.010644E-4
1.284565E2,-1.496901E-2,9.725674E-5
1.284900E2,-1.493957E-2,1.048088E-4
1.285233E2,-1.493620E-2,9.772696E-5
1.285566E2,-1.491075E-2,9.953339E-5
1.285900E2,-1.490840E-2,9.895699E-5
1.286235E2,-1.491078E-2,9.049102E-5
1.286568E2,-1.485722E-2,1.009714E-4
1.286901E2,-1.482170E-2,1.027211E-4
1.287235E2,-1.481597E-2,9.668313E-5
1.287570E2,-1.478643E-2,9.659813E-5
1.287903E2,-1.481074E-2,1.016545E-4
1.288236E2,-1.480037E-2,1.036640E-4
1.288570E2,-1.478118E-2,1.040806E-4
1.288905E2,-1.476613E-2,7.563190E-5
1.289238E2,-1.462015E-2,8.679646E-5
1.289571E2,-1.454292E-2,9.406081E-5
1.289905E2,-1.446653E-2,9.481500E-5
1.290240E2,-1.440325E-2,9.876289E-5
1.290573E2,-1.439395E-2,1.006174E-4
1.290907E2,-1.435124E-2,8.117963E-5
1.291240E2,-1.421896E-2,9.318264E-5
1.291575E2,-1.413546E-2,9.458539E-5
1.291908E2,-1.403905E-2,1.056466E-4
1.292241E2,-1.395650E-2,7.991890E-5
1.292575E2,-1.382501E-2,8.965448E-5
1.292910E2,-1.372859E-2,9.848942E-5
1.293243E2,-1.365227E-2,1.030141E-4
1.293576E2,-1.358328E-2,8.030420E-5
1.293910E2,-1.343341E-2,9.629931E-5
1.294245E2,-1.332487E-2,1.005334E-4
1.294578E2,-1.322199E-2,7.853235E-5
1.294911E2,-1.305459E-2,8.422512E-5
1.295245E2,-1.293204E-2,9.641106E-5
1.295580E2,-1.281847E-2,7.424327E-5
1.295914E2,-1.267757E-2,8.947969E-5
1.296247E2,-1.255570E-2,1.023013E-4
1.296580E2,-1.244574E-2,7.518974E-5
1.296915E2,-1.223236E-2,9.553087E-5
1.297248E2,-1.212901E-2,9.692887E-5
1.297581E2,-1.200227E-2,8.058962E-5
1.297915E2,-1.185792E-2,1.008921E-4
1.298249E2,-1.170657E-2,7.193370E-5
1.298583E2,-1.151664E-2,9.450209E-5
1.298916E2,-1.139397E-2,1.040933E-4
1.299249E2,-1.125174E-2,8.598705E-5
1.299585E2,-1.107404E-2,9.916007E-5
1.299918E2,-1.091307E-2,8.063617E-5
1.300251E2,-1.072165E-2,8.484316E-5
1.300584E2,-1.055470E-2,6.873412E-5
1.300920E2,-1.034821E-2,9.378256E-5
1.301253E2,-1.021111E-2,1.038458E-4
1.301586E2,-1.007406E-2,8.719942E-5
1.301919E2,-9.893028E-3,9.674937E-5
1.302254E2,-9.724359E-3,7.454943E-5
1.302588E2,-9.529081E-3,1.014445E-4
1.302921E2,-9.354094E-3,7.900404E-5
1.303254E2,-9.153053E-3,9.334829E-5
1.303589E2,-8.976437E-3,7.298533E-5
1.303923E2,-8.799714E-3,9.403662E-5
1.304256E2,-8.599850E-3,7.929826E-5
1.304589E2,-8.401411E-3,9.419474E-5
1.304925E2,-8.209549E-3,8.160114E-5
1.305258E2,-7.998723E-3,9.019648E-5
1.305591E2,-7.807401E-3,8.075273E-5
1.305924E2,-7.610120E-3,9.946348E-5
1.306259E2,-7.422191E-3,8.465343E-5
1.306593E2,-7.205642E-3,1.031138E-4
1.306926E2,-7.039380E-3,8.402139E-5
1.307259E2,-6.832976E-3,1.002382E-4
1.307594E2,-6.626993E-3,8.864227E-5
1.307927E2,-6.403540E-3,9.899839E-5
1.308261E2,-6.199069E-3,8.936452E-5
1.308594E2,-5.995736E-3,1.098576E-4
1.308929E2,-5.832651E-3,8.342699E-5
1.309262E2,-5.628072E-3,9.795412E-5
1.309596E2,-5.455313E-3,9.135880E-5
1.309929E2,-5.225877E-3,1.149138E-4
1.310264E2,-5.053836E-3,8.910810E-5
1.310598E2,-4.816954E-3,7.836241E-5
1.310931E2,-4.569688E-3,1.015335E-4
1.311264E2,-4.366212E-3,8.177490E-5
1.311599E2,-4.107995E-3,9.980568E-5
1.311933E2,-3.944633E-3,8.719717E-5
1.312266E2,-3.708685E-3,1.124737E-4
1.312599E2,-3.544946E-3,9.024701E-5
1.312934E2,-3.294699E-3,8.079547E-5
1.313267E2,-3.035815E-3,1.075721E-4
1.313601E2,-2.814419E-3,9.186712E-5
1.313934E2,-2.586851E-3,1.075857E-4
1.314269E2,-2.384201E-3,9.574945E-5
1.314602E2,-2.164987E-3,1.157635E-4
1.314936E2,-1.970003E-3,1.006312E-4
1.315269E2,-1.746471E-3,8.375262E-5
1.315604E2,-1.479563E-3,1.104027E-4
1.315937E2,-1.283493E-3,8.894335E-5
1.316271E2,-1.022358E-3,1.134194E-4
1.316604E2,-8.426623E-4,9.116672E-5
1.316939E2,-5.940378E-4,8.583057E-5
1.317272E2,-3.636549E-4,1.061322E-4
1.317606E2,-1.351844E-4,9.162170E-5
1.317939E2,1.067481E-4,1.160770E-4
1.318274E2,2.896510E-4,9.755133E-5
1.318607E2,5.373805E-4,7.712568E-5
1.318941E2,8.259274E-4,1.112570E-4
1.319274E2,1.005502E-3,9.235697E-5
1.319609E2,1.261905E-3,1.046348E-4
1.319942E2,1.436675E-3,9.168690E-5
1.320275E2,1.692184E-3,8.816723E-5
1.320609E2,1.923841E-3,1.023879E-4
1.320944E2,2.144473E-3,8.553622E-5
1.321277E2,2.412386E-3,1.154027E-4
1.321611E2,2.598079E-3,9.319992E-5
1.321944E2,2.827438E-3,8.470077E-5
1.322279E2,3.097731E-3,1.027577E-4
1.322612E2,3.280636E-3,9.370860E-5
1.322946E2,3.537383E-3,1.153196E-4
1.323279E2,3.717284E-3,1.002440E-4
1.323614E2,3.965830E-3,9.041604E-5
1.323947E2,4.215337E-3,1.041610E-4
1.324280E2,4.441864E-3,9.334081E-5
1.324614E2,4.660022E-3,1.068862E-4
1.324949E2,4.859422E-3,9.814438E-5
1.325282E2,5.080958E-3,1.210686E-4
1.325615E2,5.267391E-3,1.062250E-4
1.325949E2,5.476527E-3,1.185134E-4
1.326284E2,5.663774E-3,1.053515E-4
1.326617E2,5.894204E-3,9.165793E-5
1.326950E2,6.150091E-3,1.096488E-4
1.327284E2,6.335503E-3,9.436276E-5
1.327619E2,6.569998E-3,1.151684E-4
1.327952E2,6.738124E-3,9.801231E-5
1.328285E2,6.958189E-3,1.216918E-4
1.328619E2,7.145523E-3,1.041716E-4
1.328954E2,7.365429E-3,1.206959E-4
1.329287E2,7.540957E-3,1.060025E-4
1.329620E2,7.780703E-3,8.652009E-5
1.329954E2,7.993601E-3,1.108152E-4
1.330289E2,8.207924E-3,9.112619E-5
1.330622E2,8.407980E-3,1.131604E-4
1.330955E2,8.600404E-3,9.533108E-5
1.331288E2,8.811891E-3,1.161271E-4
1.331624E2,8.992661E-3,9.636180E-5
1.331957E2,9.197991E-3,1.126260E-4
1.332290E2,9.381079E-3,9.765543E-5
1.332623E2,9.594633E-3,1.120437E-4
1.332959E2,9.761794E-3,9.807338E-5
1.333292E2,9.956313E-3,1.144150E-4
1.333625E2,1.012269E-2,9.790092E-5
1.333959E2,1.032870E-2,1.180464E-4
1.334293E2,1.049289E-2,1.005661E-4
1.334627E2,1.070444E-2,1.153308E-4
1.334960E2,1.087660E-2,9.942327E-5
1.335293E2,1.107255E-2,1.132847E-4
1.335628E2,1.122754E-2,9.395502E-5
1.335962E2,1.142358E-2,1.070777E-4
1.336295E2,1.156422E-2,1.230162E-4
1.336628E2,1.169275E-2,1.097901E-4
1.336963E2,1.188224E-2,1.152963E-4
1.337297E2,1.202268E-2,9.835206E-5
1.337630E2,1.220707E-2,1.131702E-4
1.337963E2,1.235575E-2,1.019715E-4
1.338298E2,1.254498E-2,1.150620E-4
1.338632E2,1.265796E-2,1.279821E-4
1.338965E2,1.278705E-2,1.058639E-4
1.339298E2,1.295873E-2,1.137800E-4
1.339633E2,1.310864E-2,1.214555E-4
1.339967E2,1.320912E-2,1.066653E-4
1.340300E2,1.335652E-2,1.028181E-4
1.340633E2,1.345568E-2,1.138061E-4
1.340968E2,1.359581E-2,1.027543E-4
1.341301E2,1.372065E-2,1.152765E-4
1.341635E2,1.382704E-2,1.251438E-4
1.341968E2,1.392612E-2,1.023745E-4
1.342303E2,1.407613E-2,1.055860E-4
1.342637E2,1.417992E-2,1.162656E-4
1.342970E2,1.429043E-2,1.029826E-4
1.343303E2,1.444081E-2,1.103479E-4
1.343638E2,1.454937E-2,1.151878E-4
1.343972E2,1.461509E-2,1.212364E-4
1.344305E2,1.467797E-2,9.965948E-5
1.344638E2,1.481097E-2,1.104421E-4
1.344973E2,1.490245E-2,1.179791E-4
1.345307E2,1.498814E-2,1.229978E-4
1.345640E2,1.504335E-2,1.015934E-4
1.345973E2,1.518933E-2,1.092756E-4
1.346308E2,1.527912E-2,1.160086E-4
1.346641E2,1.532858E-2,1.191295E-4
1.346975E2,1.535700E-2,1.195263E-4
1.347308E2,1.541037E-2,1.287142E-4
1.347643E2,1.545762E-2,1.008513E-4
1.347976E2,1.557863E-2,1.141176E-4
1.348310E2,1.564017E-2,1.131750E-4
1.348643E2,1.569864E-2,1.197179E-4
1.348978E2,1.575393E-2,1.196162E-4
1.349311E2,1.574088E-2,1.191080E-4
1.349645E2,1.577622E-2,1.278805E-4
1.349978E2,1.577660E-2,1.286715E-4
1.350313E2,1.580072E-2,1.004194E-4
1.350646E2,1.590880E-2,1.149508E-4
1.350979E2,1.597280E-2,1.106335E-4
1.351313E2,1.601454E-2,1.126852E-4
1.351648E2,1.605939E-2,1.178170E-4
1.351981E2,1.604994E-2,1.161636E-4
1.352315E2,1.606175E-2,1.212274E-4
1.352648E2,1.605404E-2,1.202619E-4
1.352983E2,1.608537E-2,1.194995E-4
1.353316E2,1.607512E-2,1.173122E-4
1.353649E2,1.607483E-2,1.268394E-4
1.353983E2,1.606778E-2,1.220600E-4
1.354318E2,1.607950E-2,1.196930E-4
1.354651E2,1.606575E-2,1.205223E-4
1.354984E2,1.605984E-2,1.195399E-4
1.355318E2,1.605362E-2,1.198673E-4
1.355653E2,1.605851E-2,1.175347E-4
1.355986E2,1.604989E-2,1.173940E-4
1.356319E2,1.604386E-2,1.186300E-4
1.356653E2,1.603398E-2,1.178461E-4
1.356988E2,1.601999E-2,1.160577E-4
1.357321E2,1.601682E-2,1.144538E-4
1.357654E2,1.600211E-2,1.131393E-4
1.357988E2,1.599410E-2,1.139036E-4
1.358323E2,1.596503E-2,1.066926E-4
1.358656E2,1.595098E-2,9.644557E-5
1.358989E2,1.592314E-2,9.911018E-5
1.359323E2,1.590113E-2,9.883715E-5
1.359658E2,1.588793E-2,9.618222E-5
1.359991E2,1.588207E-2,9.660762E-5
1.360324E2,1.587239E-2,9.968484E-5
1.360658E2,1.585785E-2,8.637108E-5
1.360995E2,1.584181E-2,8.868052E-5
1.361328E2,1.579272E-2,1.123765E-4
1.361661E2,1.568970E-2,1.096186E-4
1.361994E2,1.559994E-2,1.059595E-4
1.362328E2,1.551977E-2,8.453967E-5
1.362661E2,1.550516E-2,8.661953E-5
1.362994E2,1.546208E-2,8.277999E-5
1.363328E2,1.541986E-2,8.166557E-5
1.363663E2,1.537857E-2,9.859577E-5
1.363996E2,1.523700E-2,9.526508E-5
1.364329E2,1.514068E-2,8.789428E-5
1.364662E2,1.506200E-2,8.171031E-5
1.364998E2,1.500090E-2,1.053088E-4
1.365331E2,1.486848E-2,9.522598E-5
1.365664E2,1.479221E-2,9.368634E-5
1.365998E2,1.470687E-2,8.229458E-5
1.366332E2,1.462293E-2,9.400192E-5
1.366666E2,1.447119E-2,8.832825E-5
1.366999E2,1.435685E-2,7.652645E-5
1.367332E2,1.427028E-2,8.059150E-5
1.367667E2,1.416973E-2,1.000607E-4
1.368001E2,1.405006E-2,8.571310E-5
1.368334E2,1.395744E-2,8.251506E-5
1.368667E2,1.386276E-2,8.929961E-5
1.369002E2,1.367185E-2,8.573648E-5
1.369336E2,1.355686E-2,8.039265E-5
1.369669E2,1.344628E-2,9.804246E-5
1.370002E2,1.327607E-2,8.546254E-5
1.370338E2,1.316362E-2,7.373503E-5
1.370671E2,1.305949E-2,8.538108E-5
1.371004E2,1.289000E-2,7.968937E-5
1.371338E2,1.275282E-2,6.684180E-5
1.371672E2,1.262984E-2,9.286498E-5
1.372005E2,1.246641E-2,8.192577E-5
1.372339E2,1.234969E-2,9.251000E-5
1.372672E2,1.212333E-2,8.397916E-5
1.373007E2,1.197818E-2,6.065235E-5
1.373340E2,1.186593E-2,7.658969E-5
1.373674E2,1.170466E-2,6.391105E-5
1.374007E2,1.155420E-2,8.271209E-5
1.374342E2,1.135781E-2,7.079260E-5
1.374675E2,1.118012E-2,8.586799E-5
1.375009E2,1.097661E-2,7.453505E-5
1.375342E2,1.081321E-2,8.394843E-5
1.375677E2,1.059328E-2,6.610106E-5
1.376011E2,1.044640E-2,5.985018E-5
1.376344E2,1.030966E-2,8.049764E-5
1.376677E2,1.011846E-2,6.843436E-5
1.377012E2,9.948537E-3,7.709326E-5
1.377345E2,9.756227E-3,7.188930E-5
1.377679E2,9.584662E-3,8.634933E-5
1.378012E2,9.383293E-3,7.437144E-5
1.378347E2,9.210546E-3,7.817179E-5
1.378680E2,9.015651E-3,6.627828E-5
1.379014E2,8.841126E-3,8.121139E-5
1.379347E2,8.634281E-3,7.110856E-5
1.379683E2,8.447036E-3,8.223480E-5
1.380016E2,8.235523E-3,7.378741E-5
1.380349E2,8.036792E-3,8.221389E-5
1.380682E2,7.826959E-3,6.935601E-5
1.381017E2,7.653595E-3,8.250649E-5
1.381350E2,7.460107E-3,7.170160E-5
1.381684E2,7.251539E-3,8.328185E-5
1.382017E2,7.053664E-3,6.568186E-5
1.382352E2,6.853084E-3,8.106073E-5
1.382685E2,6.646368E-3,7.553119E-5
1.383019E2,6.445260E-3,7.909001E-5
1.383352E2,6.258425E-3,7.089728E-5
1.383687E2,6.076885E-3,7.208871E-5
1.384020E2,5.872817E-3,6.161641E-5
1.384354E2,5.689679E-3,7.189081E-5
1.384687E2,5.475921E-3,8.101418E-5
1.385023E2,5.219057E-3,7.104582E-5
1.385356E2,5.024351E-3,8.142347E-5
1.385689E2,4.760706E-3,7.063633E-5
1.386022E2,4.576761E-3,8.333370E-5
1.386357E2,4.344848E-3,6.480656E-5
1.386690E2,4.180159E-3,7.916577E-5
1.387023E2,3.944976E-3,8.520405E-5
1.387357E2,3.689220E-3,6.594365E-5
1.387692E2,3.460388E-3,7.689455E-5
1.388025E2,3.244587E-3,6.659427E-5
1.388358E2,3.024188E-3,7.330836E-5
1.388692E2,2.805899E-3,6.429502E-5
1.389027E2,2.627147E-3,7.827891E-5
1.389360E2,2.408855E-3,7.906161E-5
1.389693E2,2.131996E-3,6.414234E-5
1.390027E2,1.938855E-3,8.086539E-5
1.390362E2,1.707330E-3,6.415750E-5
1.390695E2,1.490365E-3,7.663709E-5
1.391029E2,1.251610E-3,8.831817E-5
1.391362E2,1.007290E-3,6.907464E-5
1.391697E2,7.852189E-4,7.858739E-5
1.392030E2,5.611840E-4,6.701902E-5
1.392364E2,3.604634E-4,7.950922E-5
1.392697E2,1.400382E-4,5.751231E-5
1.393032E2,-4.854755E-5,7.609546E-5
1.393365E2,-2.836941E-4,8.428969E-5
1.393698E2,-5.387574E-4,7.760749E-5
1.394031E2,-7.311549E-4,8.499532E-5
1.394367E2,-1.003926E-3,6.295698E-5
1.394700E2,-1.178046E-3,6.622227E-5
1.395033E2,-1.405017E-3,8.542306E-5
1.395367E2,-1.654934E-3,7.283207E-5
1.395702E2,-1.877224E-3,8.270131E-5
1.396035E2,-2.109161E-3,6.336075E-5
1.396368E2,-2.313452E-3,8.174577E-5
1.396702E2,-2.527992E-3,6.715617E-5
1.397037E2,-2.723417E-3,7.862253E-5
1.397370E2,-2.927021E-3,9.157828E-5
1.397704E2,-3.194126E-3,7.734738E-5
1.398037E2,-3.379030E-3,8.808011E-5
1.398372E2,-3.620077E-3,6.691292E-5
1.398705E2,-3.820801E-3,8.881843E-5
1.399038E2,-4.053898E-3,6.880458E-5
1.399371E2,-4.238447E-3,8.382411E-5
1.399707E2,-4.453109E-3,6.535876E-5
1.400040E2,-4.601087E-3,8.325281E-5
1.400373E2,-4.815397E-3,6.630847E-5
1.400706E2,-4.987531E-3,7.695534E-5
1.401042E2,-5.221739E-3,9.668967E-5
1.401375E2,-5.465126E-3,7.537290E-5
1.401708E2,-5.671284E-3,8.736471E-5
1.402041E2,-5.895243E-3,7.935082E-5
1.402377E2,-6.085116E-3,9.270270E-5
1.402710E2,-6.278804E-3,7.734040E-5
1.403043E2,-6.470044E-3,8.600870E-5
1.403376E2,-6.682225E-3,7.150564E-5
1.403711E2,-6.850567E-3,9.556925E-5
1.404045E2,-7.065419E-3,8.088425E-5
1.404378E2,-7.263807E-3,7.910830E-5
1.404711E2,-7.462620E-3,7.020929E-5
1.405047E2,-7.612202E-3,8.543748E-5
1.405380E2,-7.791468E-3,7.402790E-5
1.405713E2,-7.955148E-3,9.021392E-5
1.406046E2,-8.174598E-3,6.989319E-5
1.406381E2,-8.340958E-3,8.972623E-5
1.406715E2,-8.551899E-3,7.902988E-5
1.407048E2,-8.726307E-3,9.339612E-5
1.407381E2,-8.926258E-3,6.900545E-5
1.407716E2,-9.091803E-3,9.668969E-5
1.408050E2,-9.281837E-3,7.973089E-5
1.408383E2,-9.416440E-3,7.150670E-5
1.408716E2,-9.561784E-3,8.660340E-5
1.409051E2,-9.746230E-3,7.556783E-5
1.409385E2,-9.892467E-3,9.484489E-5
1.409718E2,-1.007334E-2,8.500068E-5
1.410051E2,-1.021394E-2,9.363856E-5
1.410386E2,-1.040770E-2,9.237335E-5
1.410719E2,-1.053253E-2,7.799969E-5
1.411053E2,-1.065101E-2,9.808989E-5
1.411386E2,-1.082806E-2,7.971866E-5
1.411721E2,-1.096476E-2,1.052008E-4
1.412055E2,-1.116032E-2,8.993282E-5
1.412388E2,-1.128052E-2,7.771567E-5
1.412721E2,-1.140559E-2,1.033118E-4
1.413056E2,-1.158505E-2,8.732614E-5
1.413389E2,-1.167159E-2,8.230236E-5
1.413723E2,-1.176186E-2,1.013592E-4
1.414056E2,-1.192220E-2,9.072725E-5
1.414391E2,-1.207317E-2,7.503122E-5
1.414724E2,-1.216751E-2,9.657703E-5
1.415058E2,-1.230383E-2,8.376901E-5
1.415391E2,-1.241235E-2,8.538736E-5
1.415726E2,-1.253270E-2,9.958843E-5
1.416059E2,-1.266643E-2,9.066405E-5
1.416393E2,-1.276506E-2,7.563578E-5
1.416726E2,-1.284561E-2,7.741576E-5
1.417061E2,-1.293199E-2,9.626087E-5
1.417394E2,-1.308016E-2,8.333184E-5
1.417727E2,-1.317125E-2,9.061503E-5
1.418061E2,-1.324173E-2,8.087444E-5
1.418396E2,-1.330868E-2,9.913734E-5
1.418729E2,-1.341991E-2,9.341663E-5
1.419063E2,-1.349962E-2,8.880885E-5
1.419396E2,-1.356611E-2,8.216230E-5
1.419731E2,-1.362170E-2,8.077377E-5
1.420064E2,-1.367061E-2,1.003412E-4
1.420397E2,-1.379499E-2,9.681423E-5
1.420731E2,-1.388632E-2,8.806579E-5
1.421066E2,-1.394135E-2,7.966802E-5
1.421399E2,-1.396149E-2,8.689783E-5
1.421732E2,-1.398094E-2,8.447635E-5
1.422066E2,-1.400685E-2,9.770940E-5
1.422401E2,-1.412587E-2,9.674318E-5
1.422734E2,-1.421445E-2,9.039822E-5
1.423067E2,-1.425556E-2,8.878887E-5
1.423401E2,-1.430155E-2,8.622644E-5
1.423736E2,-1.434534E-2,8.390880E-5
1.424069E2,-1.433660E-2,8.845268E-5
1.424403E2,-1.433639E-2,8.353436E-5
1.424736E2,-1.433041E-2,8.893825E-5
1.425071E2,-1.433353E-2,8.442758E-5
1.425404E2,-1.436157E-2,8.686916E-5
1.425737E2,-1.435876E-2,8.242691E-5
1.426071E2,-1.434036E-2,8.359560E-5
1.426406E2,-1.436150E-2,8.271993E-5
1.426739E2,-1.434438E-2,8.515528E-5
1.427072E2,-1.432761E-2,8.992463E-5
1.427406E2,-1.431034E-2,9.221393E-5
1.427741E2,-1.431745E-2,9.259151E-5
1.428074E2,-1.429944E-2,9.454802E-5
1.428407E2,-1.428739E-2,9.443844E-5
1.428741E2,-1.427945E-2,9.579973E-5
1.429076E2,-1.427634E-2,9.872137E-5
1.429409E2,-1.427137E-2,9.891435E-5
1.429743E2,-1.426637E-2,9.892415E-5
1.430076E2,-1.426289E-2,9.905470E-5
1.430410E2,-1.425996E-2,9.846721E-5
1.430744E2,-1.425778E-2,9.914287E-5
1.431077E2,-1.424593E-2,1.005971E-4
1.431410E2,-1.423608E-2,1.034698E-4
1.431746E2,-1.421575E-2,1.013023E-4
1.432079E2,-1.421197E-2,1.027834E-4
1.432412E2,-1.417143E-2,1.041085E-4
1.432745E2,-1.418010E-2,9.967798E-5
1.433081E2,-1.415690E-2,1.043949E-4
1.433414E2,-1.413631E-2,1.000063E-4
1.433747E2,-1.411036E-2,9.884120E-5
1.434081E2,-1.408734E-2,1.002228E-4
1.434416E2,-1.407499E-2,1.008694E-4
1.434749E2,-1.406938E-2,9.976384E-5
1.435082E2,-1.406116E-2,1.006607E-4
1.435416E2,-1.405662E-2,1.034360E-4
1.435750E2,-1.404721E-2,1.020530E-4
1.436084E2,-1.399915E-2,8.404416E-5
1.436417E2,-1.388069E-2,9.406383E-5
1.436750E2,-1.379718E-2,9.172377E-5
1.437085E2,-1.372394E-2,9.517515E-5
1.437419E2,-1.369818E-2,9.985225E-5
1.437752E2,-1.367539E-2,1.026900E-4
1.438085E2,-1.361358E-2,8.298318E-5
1.438420E2,-1.349861E-2,8.685410E-5
1.438753E2,-1.339536E-2,9.183295E-5
1.439087E2,-1.331448E-2,9.956238E-5
1.439420E2,-1.324114E-2,8.098592E-5
1.439756E2,-1.308874E-2,8.608570E-5
1.440090E2,-1.301215E-2,8.979517E-5
1.440423E2,-1.295488E-2,9.739931E-5
1.440756E2,-1.286878E-2,1.123550E-4
1.441090E2,-1.277030E-2,9.054618E-5
1.441424E2,-1.264261E-2,9.337065E-5
1.441757E2,-1.253850E-2,9.602699E-5
1.442090E2,-1.243959E-2,7.995182E-5
1.442425E2,-1.228882E-2,8.446206E-5
1.442759E2,-1.219577E-2,9.904904E-5
1.443092E2,-1.208970E-2,8.380684E-5
1.443425E2,-1.193325E-2,8.925267E-5
1.443760E2,-1.179722E-2,9.697964E-5
1.444094E2,-1.169190E-2,7.424950E-5
1.444427E2,-1.152080E-2,8.920711E-5
1.444760E2,-1.137989E-2,1.078914E-4
1.445096E2,-1.125769E-2,7.389691E-5
1.445429E2,-1.112882E-2,9.161500E-5
1.445762E2,-1.099516E-2,1.041445E-4
1.446095E2,-1.088894E-2,8.204185E-5
1.446430E2,-1.068937E-2,9.930505E-5
1.446763E2,-1.052842E-2,7.608280E-5
1.447097E2,-1.037737E-2,8.387503E-5
1.447430E2,-1.021591E-2,1.081753E-4
1.447765E2,-1.008573E-2,7.925022E-5
1.448098E2,-9.932554E-3,1.001000E-4
1.448432E2,-9.799648E-3,7.565485E-5
1.448765E2,-9.595151E-3,9.024523E-5
1.449100E2,-9.417812E-3,7.925219E-5
1.449433E2,-9.216539E-3,8.549976E-5
1.449767E2,-9.050879E-3,1.026483E-4
1.450100E2,-8.926312E-3,8.588025E-5
1.450435E2,-8.729758E-3,9.166051E-5
1.450768E2,-8.591532E-3,7.711295E-5
1.451102E2,-8.409924E-3,9.857142E-5
1.451435E2,-8.233464E-3,7.957854E-5
1.451770E2,-8.026080E-3,9.202102E-5
1.452103E2,-7.845593E-3,8.348511E-5
1.452436E2,-7.637736E-3,9.464110E-5
1.452770E2,-7.467906E-3,7.809932E-5
1.453105E2,-7.253439E-3,9.211791E-5
1.453438E2,-7.092458E-3,8.967325E-5
1.453772E2,-6.886081E-3,9.511030E-5
1.454105E2,-6.701803E-3,7.991921E-5
1.454440E2,-6.478069E-3,9.267650E-5
1.454773E2,-6.299469E-3,8.213835E-5
1.455106E2,-6.060943E-3,9.513980E-5
1.455440E2,-5.889627E-3,8.464362E-5
1.455775E2,-5.678190E-3,9.601039E-5
1.456108E2,-5.513816E-3,8.682569E-5
1.456441E2,-5.294195E-3,1.010412E-4
1.456775E2,-5.120667E-3,9.310103E-5
1.457110E2,-4.884729E-3,1.023109E-4
1.457443E2,-4.718102E-3,8.849633E-5
1.457776E2,-4.504539E-3,1.045804E-4
1.458110E2,-4.345094E-3,8.659163E-5
1.458446E2,-4.091226E-3,9.289362E-5
1.458780E2,-3.941735E-3,8.561608E-5
1.459113E2,-3.735363E-3,1.014123E-4
1.459446E2,-3.555593E-3,8.314564E-5
1.459780E2,-3.324465E-3,1.058911E-4
1.460113E2,-3.148819E-3,8.773885E-5
1.460446E2,-2.904317E-3,7.796143E-5
1.460779E2,-2.673481E-3,9.529119E-5
1.461115E2,-2.472626E-3,8.459176E-5
1.461448E2,-2.245015E-3,9.801227E-5
1.461782E2,-2.055758E-3,8.603006E-5
1.462115E2,-1.823080E-3,1.107669E-4
1.462450E2,-1.638766E-3,8.860343E-5
1.462783E2,-1.407969E-3,1.136091E-4
1.463116E2,-1.217106E-3,9.262375E-5
1.463449E2,-1.001222E-3,8.056403E-5
1.463785E2,-7.524061E-4,1.014000E-4
1.464118E2,-5.507525E-4,8.746605E-5
1.464451E2,-3.128779E-4,1.034631E-4
1.464785E2,-1.276550E-4,8.788181E-5
1.465121E2,1.104145E-4,1.088168E-4
1.465455E2,2.924666E-4,9.609102E-5
1.465788E2,5.314997E-4,8.601533E-5
1.466121E2,7.805602E-4,9.652883E-5
1.466455E2,9.833910E-4,8.720330E-5
1.466788E2,1.199674E-3,1.021472E-4
1.467121E2,1.418350E-3,9.688901E-5
1.467454E2,1.638953E-3,1.066098E-4
1.467789E2,1.811066E-3,8.694437E-5
1.468123E2,2.043000E-3,7.666340E-5
1.468456E2,2.315482E-3,9.610792E-5
1.468789E2,2.503778E-3,8.446586E-5
1.469124E2,2.743546E-3,1.001260E-4
1.469458E2,2.915209E-3,9.359705E-5
1.469791E2,3.154351E-3,1.102828E-4
1.470124E2,3.326476E-3,9.794130E-5
1.470460E2,3.559536E-3,1.129989E-4
1.470793E2,3.731362E-3,9.570881E-5
1.471126E2,3.969246E-3,8.640790E-5
1.471459E2,4.201143E-3,1.001663E-4
1.471795E2,4.411432E-3,9.178333E-5
1.472128E2,4.627674E-3,1.078959E-4
1.472461E2,4.817217E-3,9.059894E-5
1.472795E2,5.045432E-3,1.083056E-4
1.473129E2,5.218151E-3,9.646790E-5
1.473463E2,5.440180E-3,1.114558E-4
1.473796E2,5.637196E-3,9.255621E-5
1.474129E2,5.846410E-3,1.168081E-4
1.474464E2,6.011667E-3,9.691148E-5
1.474797E2,6.198191E-3,1.134232E-4
1.475131E2,6.369049E-3,1.018693E-4
1.475464E2,6.582653E-3,1.175906E-4
1.475799E2,6.756697E-3,9.910128E-5
1.476133E2,6.962269E-3,1.135220E-4
1.476466E2,7.151918E-3,1.008953E-4
1.476799E2,7.360924E-3,1.206713E-4
1.477134E2,7.527834E-3,9.878862E-5
1.477468E2,7.706304E-3,1.112388E-4
1.477801E2,7.867748E-3,9.805127E-5
1.478134E2,8.075805E-3,1.153990E-4
1.478469E2,8.267738E-3,9.545936E-5
1.478803E2,8.457804E-3,1.185419E-4
1.479136E2,8.639358E-3,9.830034E-5
1.479469E2,8.830402E-3,1.152002E-4
1.479804E2,9.006905E-3,9.655973E-5
1.480137E2,9.177885E-3,1.094403E-4
1.480471E2,9.336678E-3,9.689073E-5
1.480804E2,9.554469E-3,1.129276E-4
1.481139E2,9.727018E-3,9.697636E-5
1.481473E2,9.929252E-3,1.142703E-4
1.481806E2,1.009570E-2,9.141273E-5
1.482139E2,1.030476E-2,1.121097E-4
1.482474E2,1.045450E-2,8.775227E-5
1.482808E2,1.064548E-2,9.992257E-5
1.483141E2,1.079417E-2,1.173970E-4
1.483474E2,1.092402E-2,1.025495E-4
1.483809E2,1.110534E-2,1.113405E-4
1.484142E2,1.123721E-2,9.285441E-5
1.484475E2,1.143186E-2,1.046481E-4
1.484809E2,1.156776E-2,1.238296E-4
1.485144E2,1.169545E-2,9.747506E-5
1.485477E2,1.184536E-2,1.159968E-4
1.485811E2,1.196523E-2,1.246794E-4
1.486144E2,1.205917E-2,9.387049E-5
1.486479E2,1.223327E-2,1.158045E-4
1.486812E2,1.235718E-2,9.447787E-5
1.487146E2,1.254114E-2,1.094775E-4
1.487479E2,1.264696E-2,1.159997E-4
1.487814E2,1.277324E-2,9.151999E-5
1.488147E2,1.292362E-2,1.057328E-4
1.488481E2,1.304233E-2,1.145457E-4
1.488814E2,1.312848E-2,1.014179E-4
1.489149E2,1.329974E-2,1.057153E-4
1.489482E2,1.341543E-2,1.093090E-4
1.489816E2,1.349935E-2,1.179178E-4
1.490149E2,1.356456E-2,9.252424E-5
1.490484E2,1.372721E-2,1.053444E-4
1.490817E2,1.380183E-2,1.123962E-4
1.491150E2,1.386389E-2,1.261344E-4
1.491484E2,1.392669E-2,9.680975E-5
1.491819E2,1.405968E-2,1.069666E-4
1.492152E2,1.415693E-2,1.149422E-4
1.492485E2,1.423873E-2,1.151227E-4
1.492819E2,1.430259E-2,9.184932E-5
1.493154E2,1.443558E-2,1.074394E-4
1.493487E2,1.450362E-2,1.139161E-4
1.493821E2,1.456377E-2,1.236949E-4
1.494154E2,1.459721E-2,1.190828E-4
1.494489E2,1.463433E-2,1.273141E-4
1.494822E2,1.468721E-2,9.969895E-5
1.495155E2,1.480292E-2,1.036969E-4
1.495488E2,1.487264E-2,1.079585E-4
1.495824E2,1.493521E-2,1.167969E-4
1.496157E2,1.496226E-2,1.177502E-4
1.496491E2,1.497947E-2,1.222995E-4
1.496824E2,1.497917E-2,1.211514E-4
1.497159E2,1.502357E-2,1.276900E-4
1.497492E2,1.504030E-2,9.611064E-5
1.497825E2,1.514453E-2,1.041992E-4
1.498159E2,1.521313E-2,1.066960E-4
1.498494E2,1.525295E-2,1.115750E-4
1.498827E2,1.527185E-2,1.060583E-4
1.499161E2,1.528754E-2,1.127450E-4
1.499494E2,1.528527E-2,1.160784E-4
1.499828E2,1.530694E-2,1.204204E-4
1.500162E2,1.530539E-2,1.171997E-4
1.500495E2,1.529887E-2,1.147748E-4
1.500828E2,1.529898E-2,1.223237E-4
1.501163E2,1.531842E-2,1.181732E-4
1.501497E2,1.530773E-2,1.199208E-4
1.501830E2,1.529961E-2,1.211612E-4
1.502163E2,1.529623E-2,1.157779E-4
1.502499E2,1.530266E-2,1.210071E-4
1.502833E2,1.529116E-2,1.183795E-4
1.503166E2,1.528239E-2,1.179028E-4
1.503499E2,1.527734E-2,1.166849E-4
1.503833E2,1.526558E-2,1.136306E-4
1.504167E2,1.526247E-2,1.132139E-4
1.504500E2,1.525345E-2,1.121361E-4
1.504833E2,1.524007E-2,1.123105E-4
1.505168E2,1.521358E-2,1.057005E-4
1.505501E2,1.521317E-2,1.050304E-4
1.505835E2,1.519563E-2,1.052185E-4
1.506168E2,1.518216E-2,9.848152E-5
1.506507E2,1.515530E-2,1.003817E-4
1.506840E2,1.515403E-2,9.601400E-5
1.507174E2,1.512772E-2,9.219996E-5
1.507507E2,1.512894E-2,9.185266E-5
1.507838E2,1.510437E-2,8.768150E-5
1.508172E2,1.507163E-2,8.150949E-5
1.508505E2,1.506090E-2,8.521491E-5
1.508838E2,1.500691E-2,1.035767E-4
1.509174E2,1.489914E-2,9.724090E-5
1.509507E2,1.483850E-2,9.209326E-5
1.509840E2,1.479057E-2,8.768665E-5
1.510173E2,1.474437E-2,8.734894E-5
1.510508E2,1.472210E-2,8.690664E-5
1.510842E2,1.461037E-2,1.086757E-4
1.511175E2,1.451248E-2,9.962819E-5
1.511508E2,1.441991E-2,8.726716E-5
1.511843E2,1.433120E-2,8.130167E-5
1.512176E2,1.429217E-2,7.810521E-5
1.512510E2,1.425989E-2,1.018576E-4
1.512843E2,1.411049E-2,9.449982E-5
1.513178E2,1.401359E-2,8.569316E-5
1.513511E2,1.392961E-2,8.433289E-5
1.513845E2,1.385010E-2,9.632126E-5
1.514178E2,1.370949E-2,9.092860E-5
1.514513E2,1.359559E-2,7.558796E-5
1.514847E2,1.353201E-2,8.261373E-5
1.515180E2,1.344065E-2,9.046975E-5
1.515513E2,1.330826E-2,8.700112E-5
1.515848E2,1.320235E-2,8.598208E-5
1.516181E2,1.309817E-2,1.015653E-4
1.516515E2,1.292581E-2,8.041243E-5
1.516848E2,1.281050E-2,7.730679E-5
1.517183E2,1.268753E-2,9.424540E-5
1.517516E2,1.254834E-2,8.717222E-5
1.517849E2,1.243864E-2,8.070768E-5
1.518183E2,1.232980E-2,9.129954E-5
1.518518E2,1.214165E-2,7.220161E-5
1.518851E2,1.202195E-2,7.553374E-5
1.519185E2,1.188884E-2,9.397112E-5
1.519518E2,1.172101E-2,7.924390E-5
1.519853E2,1.160073E-2,7.136482E-5
1.520186E2,1.150104E-2,8.263106E-5
1.520520E2,1.133841E-2,7.291381E-5
1.520853E2,1.117273E-2,8.838234E-5
1.521188E2,1.100585E-2,8.132836E-5
1.521521E2,1.083116E-2,6.602239E-5
1.521855E2,1.072929E-2,8.727697E-5
1.522188E2,1.052853E-2,7.793108E-5
1.522523E2,1.035684E-2,8.098448E-5
1.522856E2,1.019950E-2,7.617158E-5
1.523189E2,1.005714E-2,8.653834E-5
1.523523E2,9.832798E-3,7.616019E-5
1.523858E2,9.666353E-3,8.714786E-5
1.524191E2,9.447946E-3,7.698060E-5
1.524524E2,9.282395E-3,9.048170E-5
1.524858E2,9.072454E-3,8.005860E-5
1.525193E2,8.904363E-3,9.728780E-5
1.525526E2,8.697114E-3,8.195336E-5
1.525859E2,8.540982E-3,6.335081E-5
1.526193E2,8.393311E-3,7.637629E-5
1.526528E2,8.198908E-3,7.052511E-5
1.526861E2,8.031837E-3,7.948925E-5
1.527194E2,7.838773E-3,7.759216E-5
1.527527E2,7.668795E-3,8.720552E-5
1.527862E2,7.463589E-3,7.281530E-5
1.528196E2,7.298659E-3,8.530400E-5
1.528529E2,7.087718E-3,6.942018E-5
1.528862E2,6.919808E-3,8.044204E-5
1.529198E2,6.716249E-3,7.352253E-5
1.529531E2,6.523400E-3,8.787841E-5
1.529864E2,6.303647E-3,7.300322E-5
1.530198E2,6.132264E-3,8.495087E-5
1.530533E2,5.920904E-3,7.059637E-5
1.530866E2,5.753963E-3,7.919919E-5
1.531200E2,5.532811E-3,7.052288E-5
1.531533E2,5.359106E-3,8.223971E-5
1.531867E2,5.156656E-3,6.318269E-5
1.532201E2,4.959142E-3,8.435006E-5
1.532534E2,4.723440E-3,7.384483E-5
1.532867E2,4.567041E-3,8.564930E-5
1.533202E2,4.353970E-3,6.213847E-5
1.533536E2,4.182680E-3,7.788491E-5
1.533869E2,3.972365E-3,6.973868E-5
1.534202E2,3.798749E-3,7.609096E-5
1.534538E2,3.564371E-3,8.332456E-5
1.534871E2,3.317432E-3,7.594017E-5
1.535204E2,3.102076E-3,8.518124E-5
1.535537E2,2.875900E-3,7.448847E-5
1.535872E2,2.683490E-3,7.964895E-5
1.536206E2,2.483241E-3,6.472582E-5
1.536539E2,2.272010E-3,7.854194E-5
1.536872E2,2.060836E-3,6.834738E-5
1.537208E2,1.881343E-3,8.021706E-5
1.537541E2,1.673363E-3,6.721172E-5
1.537875E2,1.474058E-3,7.486782E-5
1.538208E2,1.257953E-3,8.558647E-5
1.538543E2,1.012265E-3,7.507545E-5
1.538876E2,8.256124E-4,8.286051E-5
1.539209E2,5.847316E-4,6.980642E-5
1.539542E2,3.972324E-4,8.801727E-5
1.539877E2,1.595963E-4,6.897332E-5
1.540211E2,-2.419751E-5,8.156783E-5
1.540544E2,-2.491292E-4,6.950001E-5
1.540877E2,-4.189717E-4,7.991082E-5
1.541212E2,-6.498993E-4,8.732357E-5
1.541546E2,-8.846658E-4,7.430074E-5
1.541879E2,-1.091321E-3,8.640837E-5
1.542212E2,-1.309490E-3,7.243389E-5
1.542547E2,-1.540769E-3,8.733905E-5
1.542880E2,-1.739405E-3,6.892320E-5
1.543214E2,-1.944870E-3,8.131969E-5
1.543547E2,-2.129892E-3,6.724152E-5
1.543882E2,-2.336521E-3,7.367937E-5
1.544215E2,-2.520232E-3,6.786178E-5
1.544549E2,-2.708151E-3,8.077594E-5
1.544882E2,-2.911966E-3,6.847212E-5
1.545217E2,-3.095869E-3,8.230897E-5
1.545551E2,-3.303844E-3,6.822823E-5
1.545884E2,-3.491803E-3,8.656715E-5
1.546217E2,-3.683444E-3,7.898965E-5
1.546552E2,-3.861811E-3,7.986870E-5
1.546886E2,-4.043070E-3,6.757423E-5
1.547219E2,-4.217228E-3,7.780329E-5
1.547552E2,-4.421616E-3,7.593621E-5
1.547887E2,-4.603465E-3,8.282533E-5
1.548220E2,-4.809930E-3,7.195994E-5
1.548554E2,-4.991279E-3,8.480785E-5
1.548887E2,-5.179720E-3,8.459605E-5
1.549222E2,-5.380146E-3,9.147491E-5
1.549556E2,-5.549409E-3,8.047880E-5
1.549889E2,-5.715630E-3,8.298264E-5
1.550222E2,-5.923160E-3,8.335884E-5
1.550557E2,-6.099350E-3,8.778267E-5
1.550890E2,-6.293385E-3,7.953987E-5
1.551224E2,-6.483820E-3,8.982255E-5
1.551557E2,-6.684890E-3,7.882861E-5
1.551892E2,-6.847749E-3,8.991273E-5
1.552225E2,-7.035876E-3,8.124318E-5
1.552559E2,-7.210047E-3,8.343361E-5
1.552892E2,-7.392289E-3,8.003956E-5
1.553227E2,-7.558696E-3,9.439267E-5
1.553560E2,-7.787289E-3,7.935138E-5
1.553894E2,-7.928493E-3,8.485791E-5
1.554227E2,-8.161659E-3,8.139023E-5
1.554562E2,-8.317789E-3,8.688307E-5
1.554895E2,-8.507540E-3,7.628315E-5
1.555229E2,-8.636132E-3,7.326908E-5
1.555562E2,-8.790048E-3,8.094639E-5
1.555897E2,-8.973262E-3,7.738527E-5
1.556230E2,-9.109368E-3,9.650592E-5
1.556563E2,-9.296264E-3,8.546357E-5
1.556897E2,-9.428559E-3,1.000249E-4
1.557232E2,-9.652768E-3,8.737677E-5
1.557565E2,-9.755211E-3,7.902388E-5
1.557898E2,-9.875010E-3,8.923055E-5
1.558232E2,-1.005621E-2,7.849297E-5
1.558567E2,-1.018619E-2,1.003767E-4
1.558900E2,-1.038347E-2,8.697725E-5
1.559233E2,-1.051387E-2,8.289638E-5
1.559567E2,-1.062897E-2,1.017233E-4
1.559902E2,-1.080192E-2,8.869561E-5
1.560235E2,-1.090230E-2,8.186472E-5
1.560568E2,-1.099093E-2,9.902537E-5
1.560901E2,-1.115204E-2,9.459737E-5
1.561237E2,-1.128211E-2,8.558438E-5
1.561570E2,-1.137663E-2,9.486878E-5
1.561903E2,-1.156210E-2,8.765475E-5
1.562236E2,-1.165098E-2,7.633413E-5
1.562572E2,-1.174647E-2,9.970914E-5
1.562905E2,-1.189385E-2,8.612321E-5
1.563238E2,-1.198086E-2,8.984113E-5
1.563572E2,-1.206418E-2,7.991378E-5
1.563906E2,-1.215170E-2,9.185011E-5
1.564240E2,-1.230382E-2,8.915855E-5
1.564573E2,-1.238536E-2,8.511284E-5
1.564906E2,-1.246303E-2,7.759143E-5
1.565242E2,-1.254222E-2,1.029083E-4
1.565575E2,-1.266069E-2,9.144707E-5
1.565908E2,-1.272297E-2,9.760411E-5
1.566241E2,-1.279174E-2,9.102004E-5
1.566577E2,-1.282882E-2,8.241725E-5
1.566910E2,-1.291121E-2,9.721806E-5
1.567243E2,-1.304293E-2,9.262543E-5
1.567576E2,-1.312246E-2,8.679281E-5
1.567912E2,-1.317907E-2,8.850859E-5
1.568245E2,-1.320206E-2,8.279238E-5
1.568578E2,-1.321601E-2,7.971704E-5
1.568911E2,-1.325136E-2,9.598219E-5
1.569246E2,-1.335836E-2,1.002256E-4
1.569580E2,-1.345455E-2,8.898503E-5
1.569913E2,-1.349594E-2,8.751937E-5
1.570246E2,-1.354344E-2,8.386237E-5
1.570581E2,-1.357308E-2,8.577636E-5
1.570915E2,-1.356446E-2,9.267708E-5
1.571248E2,-1.356951E-2,8.589553E-5
1.571581E2,-1.356794E-2,8.823734E-5
1.571917E2,-1.357071E-2,8.270580E-5
1.572250E2,-1.356576E-2,8.518639E-5
1.572583E2,-1.359214E-2,8.475413E-5
1.572917E2,-1.358431E-2,9.286296E-5
1.573251E2,-1.358938E-2,8.944315E-5
1.573585E2,-1.357158E-2,8.966672E-5
1.573918E2,-1.357385E-2,9.272359E-5
1.574251E2,-1.356093E-2,9.118005E-5
1.574586E2,-1.357865E-2,9.205320E-5
1.574919E2,-1.355218E-2,9.701995E-5
1.575253E2,-1.354218E-2,9.606230E-5
1.575586E2,-1.352911E-2,9.612877E-5
1.575921E2,-1.351662E-2,9.510917E-5
1.576254E2,-1.350929E-2,9.618681E-5
1.576588E2,-1.350509E-2,9.732576E-5
1.576921E2,-1.350782E-2,1.006259E-4
1.577256E2,-1.350186E-2,9.797397E-5
1.577590E2,-1.350110E-2,9.816052E-5
1.577923E2,-1.349393E-2,1.012009E-4
1.578256E2,-1.349015E-2,1.007454E-4
1.578591E2,-1.346889E-2,1.026990E-4
1.578925E2,-1.346413E-2,1.056075E-4
1.579258E2,-1.344606E-2,1.051997E-4
1.579591E2,-1.344266E-2,1.032282E-4
1.579926E2,-1.341185E-2,1.035203E-4
1.580259E2,-1.338548E-2,9.734334E-5
1.580593E2,-1.336541E-2,9.575003E-5
1.580926E2,-1.335156E-2,9.679631E-5
1.581261E2,-1.334003E-2,9.261858E-5
1.581594E2,-1.334003E-2,9.403431E-5
1.581928E2,-1.332780E-2,9.398792E-5
1.582261E2,-1.331917E-2,9.854273E-5
1.582596E2,-1.330011E-2,9.393541E-5
1.582929E2,-1.326621E-2,9.903196E-5
1.583263E2,-1.325627E-2,9.646515E-5
1.583596E2,-1.323172E-2,7.660470E-5
1.583931E2,-1.310026E-2,9.662379E-5
1.584264E2,-1.304353E-2,9.541883E-5
1.584598E2,-1.300179E-2,9.880135E-5
1.584931E2,-1.293992E-2,1.025129E-4
1.585266E2,-1.292481E-2,1.048501E-4
1.585599E2,-1.282289E-2,8.103328E-5
1.585933E2,-1.271287E-2,8.647493E-5
1.586266E2,-1.261720E-2,9.316982E-5
1.586601E2,-1.252530E-2,8.905105E-5
1.586934E2,-1.248991E-2,1.004054E-4
1.587268E2,-1.246100E-2,7.743142E-5
1.587601E2,-1.231596E-2,9.010047E-5
1.587936E2,-1.222644E-2,9.419328E-5
1.588269E2,-1.211931E-2,1.055446E-4
1.588603E2,-1.203318E-2,7.557613E-5
1.588936E2,-1.190278E-2,8.799746E-5
1.589271E2,-1.180406E-2,9.245914E-5
1.589604E2,-1.172904E-2,1.056188E-4
1.589937E2,-1.165925E-2,7.462739E-5
1.590271E2,-1.151290E-2,8.738892E-5
1.590606E2,-1.137128E-2,1.025884E-4
1.590939E2,-1.128614E-2,6.943006E-5
1.591272E2,-1.113317E-2,9.590084E-5
1.591606E2,-1.101968E-2,1.021916E-4
1.591941E2,-1.088959E-2,8.198356E-5
1.592274E2,-1.074929E-2,9.088531E-5
1.592607E2,-1.063617E-2,9.705948E-5
1.592941E2,-1.050750E-2,7.995869E-5
1.593276E2,-1.034059E-2,9.494997E-5
1.593609E2,-1.020364E-2,1.109423E-4
1.593942E2,-1.009333E-2,8.122115E-5
1.594276E2,-9.940368E-3,9.692760E-5
1.594611E2,-9.791866E-3,6.846120E-5
1.594944E2,-9.612619E-3,9.019603E-5
1.595277E2,-9.474761E-3,1.035465E-4
1.595611E2,-9.357708E-3,7.797065E-5
1.595946E2,-9.181759E-3,9.277009E-5
1.596279E2,-9.001104E-3,7.528167E-5
1.596612E2,-8.844551E-3,8.283333E-5
1.596946E2,-8.657879E-3,1.022906E-4
1.597281E2,-8.519117E-3,8.071317E-5
1.597614E2,-8.365886E-3,1.032176E-4
1.597947E2,-8.236527E-3,7.588098E-5
1.598281E2,-8.018457E-3,9.439558E-5
1.598615E2,-7.860145E-3,7.328529E-5
1.598949E2,-7.660111E-3,9.316217E-5
1.599282E2,-7.497020E-3,7.538787E-5
1.599615E2,-7.275256E-3,9.240030E-5
1.599951E2,-7.114530E-3,7.371476E-5
1.600284E2,-6.913672E-3,9.235789E-5
1.600617E2,-6.748854E-3,1.031314E-4
1.600950E2,-6.614740E-3,8.581670E-5
1.601285E2,-6.406678E-3,1.042944E-4
1.601619E2,-6.244613E-3,8.735290E-5
1.601952E2,-6.041945E-3,9.499653E-5
1.602285E2,-5.873513E-3,8.388568E-5
1.602621E2,-5.668816E-3,1.050721E-4
1.602954E2,-5.524564E-3,8.569576E-5
1.603287E2,-5.315109E-3,1.001017E-4
1.603620E2,-5.153183E-3,8.234207E-5
1.603955E2,-4.922302E-3,9.671278E-5
1.604289E2,-4.732902E-3,8.613073E-5
1.604622E2,-4.537421E-3,9.753487E-5
1.604955E2,-4.352025E-3,7.569659E-5
1.605291E2,-4.140773E-3,1.032954E-4
1.605624E2,-3.974801E-3,7.808119E-5
1.605957E2,-3.771648E-3,9.933721E-5
1.606290E2,-3.587267E-3,8.646304E-5
1.606625E2,-3.378303E-3,1.051535E-4
1.606958E2,-3.185568E-3,8.871128E-5
1.607292E2,-2.952403E-3,1.091299E-4
1.607625E2,-2.787962E-3,8.537888E-5
1.607960E2,-2.580189E-3,9.937121E-5
1.608294E2,-2.425239E-3,8.347280E-5
1.608627E2,-2.196220E-3,1.049470E-4
1.608960E2,-2.022666E-3,8.862734E-5
1.609296E2,-1.801397E-3,1.167915E-4
1.609629E2,-1.634539E-3,8.897032E-5
1.609962E2,-1.398089E-3,7.556856E-5
1.610295E2,-1.172616E-3,9.281065E-5
1.610630E2,-9.596675E-4,7.831437E-5
1.610964E2,-7.321394E-4,1.047973E-4
1.611297E2,-5.471520E-4,8.739781E-5
1.611630E2,-3.383237E-4,1.110505E-4
1.611965E2,-1.314905E-4,9.546676E-5
1.612299E2,1.103185E-4,1.059247E-4
1.612632E2,2.782693E-4,8.689298E-5
1.612965E2,4.925484E-4,1.101594E-4
1.613300E2,6.609092E-4,8.570591E-5
1.613633E2,8.736856E-4,1.092538E-4
1.613967E2,1.040645E-3,9.356914E-5
1.614300E2,1.255086E-3,1.116651E-4
1.614635E2,1.444629E-3,9.527292E-5
1.614969E2,1.657560E-3,1.108308E-4
1.615302E2,1.817250E-3,8.882738E-5
1.615635E2,2.039795E-3,1.133180E-4
1.615970E2,2.214750E-3,9.653126E-5
1.616304E2,2.415432E-3,1.179418E-4
1.616637E2,2.578938E-3,9.915676E-5
1.616970E2,2.792233E-3,1.234458E-4
1.617305E2,2.975623E-3,9.724484E-5
1.617638E2,3.191270E-3,7.910109E-5
1.617972E2,3.438848E-3,1.053697E-4
1.618305E2,3.631934E-3,8.709393E-5
1.618640E2,3.858242E-3,1.071001E-4
1.618973E2,4.026974E-3,8.886505E-5
1.619307E2,4.254634E-3,1.196814E-4
1.619640E2,4.428851E-3,8.818501E-5
1.619975E2,4.652794E-3,1.095853E-4
1.620308E2,4.828427E-3,9.319974E-5
1.620641E2,5.065315E-3,1.164900E-4
1.620975E2,5.222811E-3,9.353897E-5
1.621310E2,5.424449E-3,1.069782E-4
1.621644E2,5.584469E-3,9.261912E-5
1.621977E2,5.792273E-3,1.158674E-4
1.622310E2,5.968061E-3,9.775135E-5
1.622645E2,6.166360E-3,1.201505E-4
1.622978E2,6.353287E-3,9.557106E-5
1.623311E2,6.560978E-3,1.186554E-4
1.623645E2,6.722545E-3,9.381291E-5
1.623980E2,6.924881E-3,1.106216E-4
1.624313E2,7.080310E-3,9.599173E-5
1.624646E2,7.285837E-3,1.167278E-4
1.624980E2,7.452886E-3,9.513137E-5
1.625315E2,7.656921E-3,1.112302E-4
1.625648E2,7.834738E-3,9.318430E-5
1.625982E2,8.034829E-3,1.108623E-4
1.626315E2,8.208881E-3,8.961154E-5
1.626650E2,8.403637E-3,1.083822E-4
1.626983E2,8.541605E-3,9.017552E-5
1.627316E2,8.755683E-3,1.103608E-4
1.627650E2,8.923779E-3,8.950160E-5
1.627985E2,9.132565E-3,9.895936E-5
1.628318E2,9.293715E-3,1.171065E-4
1.628651E2,9.399214E-3,8.851204E-5
1.628984E2,9.598105E-3,1.087723E-4
1.629320E2,9.744048E-3,9.033166E-5
1.629653E2,9.900370E-3,1.108494E-4
1.629986E2,1.004148E-2,1.249557E-4
1.630320E2,1.017011E-2,9.400691E-5
1.630655E2,1.034441E-2,1.095467E-4
1.630988E2,1.048030E-2,8.887190E-5
1.631321E2,1.066105E-2,1.040157E-4
1.631655E2,1.080385E-2,1.129477E-4
1.631990E2,1.091773E-2,9.363854E-5
1.632323E2,1.106242E-2,1.052925E-4
1.632656E2,1.116744E-2,1.109034E-4
1.632990E2,1.128108E-2,1.000589E-4
1.633324E2,1.146302E-2,1.188106E-4
1.633658E2,1.158023E-2,1.174362E-4
1.633991E2,1.166588E-2,9.041132E-5
1.634324E2,1.181920E-2,1.053189E-4
1.634660E2,1.192977E-2,1.190243E-4
1.634993E2,1.202055E-2,9.787956E-5
1.635326E2,1.216670E-2,1.132190E-4
1.635660E2,1.228352E-2,1.265127E-4
1.635995E2,1.237837E-2,9.768050E-5
1.636328E2,1.253713E-2,1.101531E-4
1.636661E2,1.263677E-2,1.081815E-4
1.636994E2,1.273107E-2,1.223859E-4
1.637330E2,1.281723E-2,1.001180E-4
1.637663E2,1.292278E-2,1.061410E-4
1.637996E2,1.300988E-2,1.189420E-4
1.638329E2,1.308346E-2,1.258835E-4
1.638665E2,1.312505E-2,9.942522E-5
1.638999E2,1.330022E-2,1.070199E-4
1.639332E2,1.336968E-2,1.114758E-4
1.639665E2,1.345632E-2,1.191976E-4
1.639999E2,1.352652E-2,8.858944E-5
1.640333E2,1.363793E-2,1.015015E-4
1.640666E2,1.371173E-2,1.048716E-4
1.640999E2,1.377820E-2,1.148422E-4
1.641334E2,1.381330E-2,1.177802E-4
1.641668E2,1.388197E-2,1.226155E-4
1.642001E2,1.391951E-2,9.496082E-5
1.642334E2,1.402812E-2,9.491810E-5
1.642669E2,1.410581E-2,1.073193E-4
1.643003E2,1.412893E-2,1.119400E-4
1.643336E2,1.416879E-2,1.154377E-4
1.643669E2,1.419054E-2,1.169495E-4
1.644005E2,1.422407E-2,1.265060E-4
1.644338E2,1.421388E-2,1.266420E-4
1.644671E2,1.426194E-2,1.298582E-4
1.645004E2,1.427205E-2,9.392031E-5
1.645339E2,1.436461E-2,9.849332E-5
1.645673E2,1.440793E-2,1.005638E-4
1.646006E2,1.446142E-2,1.075576E-4
1.646339E2,1.446886E-2,1.064979E-4
1.646675E2,1.450255E-2,1.113585E-4
1.647008E2,1.450376E-2,1.089520E-4
1.647341E2,1.451672E-2,1.166771E-4
1.647675E2,1.453750E-2,1.269365E-4
1.648011E2,1.454220E-2,1.201260E-4
1.648344E2,1.453456E-2,1.186392E-4
1.648678E2,1.452921E-2,1.156360E-4
1.649011E2,1.452333E-2,1.155412E-4
1.649344E2,1.452941E-2,1.085200E-4
1.649678E2,1.451549E-2,1.112237E-4
1.650011E2,1.450522E-2,1.131512E-4
1.650344E2,1.450201E-2,1.135591E-4
1.650679E2,1.450484E-2,1.147596E-4
1.651012E2,1.450159E-2,1.143659E-4
1.651345E2,1.449850E-2,1.148425E-4
1.651679E2,1.448904E-2,1.125711E-4
1.652014E2,1.446918E-2,1.083123E-4
1.652347E2,1.446185E-2,1.065934E-4
1.652681E2,1.444084E-2,9.658243E-5
1.653014E2,1.441284E-2,9.838498E-5
1.653349E2,1.440059E-2,1.000924E-4
1.653682E2,1.440263E-2,1.002047E-4
1.654016E2,1.437271E-2,9.435168E-5
1.654349E2,1.437099E-2,9.575182E-5
1.654684E2,1.435604E-2,9.197623E-5
1.655017E2,1.432216E-2,8.478842E-5
1.655350E2,1.431268E-2,8.598881E-5
1.655684E2,1.427618E-2,8.690253E-5
1.656019E2,1.425819E-2,1.045064E-4
1.656352E2,1.417607E-2,1.047408E-4
1.656686E2,1.408805E-2,9.612575E-5
1.657019E2,1.401674E-2,9.195586E-5
1.657356E2,1.399612E-2,8.769372E-5
1.657689E2,1.393250E-2,8.252598E-5
1.658022E2,1.388762E-2,8.103735E-5
1.658356E2,1.383181E-2,1.019490E-4
1.658695E2,1.371151E-2,9.297088E-5
1.659028E2,1.363534E-2,8.674526E-5
1.659361E2,1.359206E-2,8.584716E-5
1.659694E2,1.353979E-2,8.087036E-5
1.660024E2,1.348737E-2,1.050348E-4
1.660357E2,1.332236E-2,8.754653E-5
1.660690E2,1.324708E-2,8.920426E-5
1.661024E2,1.316761E-2,8.638711E-5
1.661359E2,1.306175E-2,9.278818E-5
1.661692E2,1.293812E-2,9.155001E-5
1.662025E2,1.285570E-2,8.342025E-5
1.662359E2,1.276869E-2,7.957331E-5
1.662694E2,1.267463E-2,1.010076E-4
1.663027E2,1.252336E-2,8.953451E-5
1.663360E2,1.242189E-2,9.178904E-5
1.663694E2,1.231554E-2,9.383407E-5
1.664029E2,1.216321E-2,8.739774E-5
1.664362E2,1.206472E-2,8.191829E-5
1.664695E2,1.196588E-2,9.428511E-5
1.665029E2,1.180049E-2,8.742036E-5
1.665364E2,1.167601E-2,7.465004E-5
1.665697E2,1.156001E-2,9.398899E-5
1.666031E2,1.137963E-2,7.883005E-5
1.666364E2,1.125195E-2,7.581847E-5
1.666699E2,1.113073E-2,9.690888E-5
1.667032E2,1.098819E-2,7.735741E-5
1.667365E2,1.086747E-2,6.681133E-5
1.667698E2,1.074992E-2,7.987776E-5
1.668034E2,1.056717E-2,6.396888E-5
1.668367E2,1.043213E-2,9.327226E-5
1.668701E2,1.023659E-2,8.199264E-5
1.669034E2,1.008808E-2,7.775958E-5
1.669369E2,9.969631E-3,8.626584E-5
1.669702E2,9.802834E-3,7.620073E-5
1.670035E2,9.669945E-3,9.655775E-5
1.670368E2,9.463871E-3,8.013473E-5
1.670703E2,9.305896E-3,6.962323E-5
1.671037E2,9.186693E-3,8.655589E-5
1.671370E2,9.018568E-3,7.947148E-5
1.671703E2,8.840385E-3,9.273025E-5
1.672038E2,8.653894E-3,7.028748E-5
1.672372E2,8.520014E-3,9.115896E-5
1.672705E2,8.308182E-3,7.463216E-5
1.673038E2,8.149619E-3,9.326030E-5
1.673373E2,7.925243E-3,7.997465E-5
1.673707E2,7.753533E-3,9.551537E-5
1.674040E2,7.538643E-3,8.230433E-5
1.674373E2,7.383463E-3,9.810580E-5
1.674708E2,7.144983E-3,7.999419E-5
1.675041E2,7.007273E-3,6.416746E-5
1.675375E2,6.859317E-3,8.418134E-5
1.675708E2,6.683130E-3,7.153766E-5
1.676044E2,6.501821E-3,8.205561E-5
1.676377E2,6.311533E-3,6.875123E-5
1.676710E2,6.136115E-3,9.109031E-5
1.677043E2,5.941949E-3,7.210496E-5
1.677378E2,5.764672E-3,8.121290E-5
1.677712E2,5.578003E-3,6.934140E-5
1.678045E2,5.404765E-3,8.384867E-5
1.678378E2,5.191836E-3,6.930077E-5
1.678713E2,5.007978E-3,8.501966E-5
1.679047E2,4.794376E-3,7.140665E-5
1.679380E2,4.596707E-3,8.710254E-5
1.679713E2,4.412064E-3,7.146134E-5
1.680048E2,4.228677E-3,8.346907E-5
1.680382E2,4.034165E-3,7.070723E-5
1.680715E2,3.853970E-3,8.489983E-5
1.681048E2,3.641843E-3,6.728313E-5
1.681383E2,3.487405E-3,8.559590E-5
1.681716E2,3.249971E-3,7.578086E-5
1.682050E2,3.034020E-3,8.272538E-5
1.682383E2,2.843656E-3,7.507798E-5
1.682718E2,2.680010E-3,7.943892E-5
1.683051E2,2.492251E-3,7.250310E-5
1.683385E2,2.296405E-3,8.063768E-5
1.683718E2,2.091343E-3,7.143438E-5
1.684053E2,1.907041E-3,8.575481E-5
1.684386E2,1.708096E-3,7.733771E-5
1.684720E2,1.507470E-3,8.288916E-5
1.685053E2,1.306836E-3,7.351156E-5
1.685388E2,1.129083E-3,8.355127E-5
1.685721E2,9.344331E-4,7.445470E-5
1.686055E2,7.605887E-4,8.275678E-5
1.686388E2,5.450097E-4,7.319562E-5
1.686723E2,3.604233E-4,8.626343E-5
1.687056E2,1.539289E-4,7.314990E-5
1.687389E2,-4.130948E-5,8.659092E-5
1.687723E2,-2.374861E-4,7.081366E-5
1.688058E2,-4.058890E-4,8.176613E-5
1.688391E2,-5.992150E-4,7.827774E-5
1.688724E2,-7.790405E-4,7.636154E-5
1.689058E2,-9.772915E-4,6.820648E-5
1.689393E2,-1.175067E-3,8.112508E-5
1.689726E2,-1.372898E-3,6.729816E-5
1.690059E2,-1.553047E-3,8.807574E-5
1.690393E2,-1.752595E-3,7.472676E-5
1.690729E2,-1.933449E-3,8.290173E-5
1.691062E2,-2.112326E-3,7.453993E-5
1.691395E2,-2.299982E-3,8.037963E-5
1.691729E2,-2.492606E-3,6.786020E-5
1.692063E2,-2.676693E-3,9.456101E-5
1.692396E2,-2.894312E-3,7.831727E-5
1.692729E2,-3.097827E-3,9.395748E-5
1.693063E2,-3.262754E-3,8.016691E-5
1.693398E2,-3.442682E-3,8.302086E-5
1.693731E2,-3.619289E-3,6.966439E-5
1.694064E2,-3.789766E-3,8.252472E-5
1.694398E2,-4.013783E-3,8.139280E-5
1.694733E2,-4.179643E-3,8.141423E-5
1.695067E2,-4.387680E-3,7.328234E-5
1.695400E2,-4.566589E-3,9.124254E-5
1.695733E2,-4.771836E-3,8.281516E-5
1.696067E2,-4.940605E-3,9.905613E-5
1.696401E2,-5.115004E-3,7.967752E-5
1.696734E2,-5.292463E-3,9.010121E-5
1.697067E2,-5.487430E-3,8.103463E-5
1.697403E2,-5.683876E-3,9.145217E-5
1.697736E2,-5.881822E-3,7.672381E-5
1.698069E2,-6.053021E-3,9.148919E-5
1.698402E2,-6.256377E-3,7.849066E-5
1.698738E2,-6.420023E-3,9.287432E-5
1.699071E2,-6.607289E-3,8.026435E-5
1.699404E2,-6.772022E-3,8.912530E-5
1.699738E2,-6.984245E-3,7.971531E-5
1.700073E2,-7.135152E-3,9.010472E-5
1.700406E2,-7.370243E-3,7.855469E-5
1.700739E2,-7.518151E-3,9.445458E-5
1.701073E2,-7.719618E-3,8.281054E-5
1.701408E2,-7.870317E-3,6.901285E-5
1.701741E2,-7.985071E-3,8.157148E-5
1.702074E2,-8.155813E-3,7.483917E-5
1.702407E2,-8.298763E-3,9.338967E-5
1.702742E2,-8.500252E-3,8.103955E-5
1.703076E2,-8.633044E-3,6.634322E-5
1.703409E2,-8.763698E-3,9.048328E-5
1.703742E2,-8.937630E-3,7.764435E-5
1.704077E2,-9.065741E-3,8.977734E-5
1.704411E2,-9.236401E-3,8.197006E-5
1.704744E2,-9.354257E-3,7.115434E-5
1.705077E2,-9.473012E-3,8.867233E-5
1.705412E2,-9.663752E-3,7.182522E-5
1.705746E2,-9.772776E-3,7.499567E-5
1.706079E2,-9.887736E-3,9.885199E-5
1.706412E2,-1.003819E-2,8.675174E-5
1.706748E2,-1.015119E-2,7.626163E-5
1.707081E2,-1.023063E-2,9.657491E-5
1.707414E2,-1.037953E-2,8.636245E-5
1.707747E2,-1.050125E-2,6.877658E-5
1.708083E2,-1.060736E-2,9.530269E-5
1.708416E2,-1.077031E-2,8.672224E-5
1.708749E2,-1.086796E-2,8.188784E-5
1.709083E2,-1.096227E-2,1.005375E-4
1.709417E2,-1.112722E-2,8.994053E-5
1.709750E2,-1.121930E-2,7.774860E-5
1.710084E2,-1.128383E-2,7.398073E-5
1.710417E2,-1.135451E-2,9.178528E-5
1.710752E2,-1.151758E-2,8.456794E-5
1.711085E2,-1.161735E-2,7.961294E-5
1.711419E2,-1.169587E-2,7.704585E-5
1.711752E2,-1.174563E-2,9.756874E-5
1.712087E2,-1.189224E-2,8.868258E-5
1.712421E2,-1.196668E-2,8.135524E-5
1.712754E2,-1.201430E-2,7.537373E-5
1.713087E2,-1.206595E-2,7.196511E-5
1.713422E2,-1.209051E-2,7.491091E-5
1.713756E2,-1.216789E-2,8.695837E-5
1.714089E2,-1.228273E-2,8.720923E-5
1.714422E2,-1.236165E-2,9.017843E-5
1.714757E2,-1.241306E-2,7.863186E-5
1.715090E2,-1.243224E-2,8.188200E-5
1.715424E2,-1.245294E-2,7.650565E-5
1.715757E2,-1.246586E-2,8.542282E-5
1.716092E2,-1.248493E-2,9.479439E-5
1.716425E2,-1.261872E-2,9.086688E-5
1.716759E2,-1.269183E-2,8.785678E-5
1.717092E2,-1.274434E-2,8.558629E-5
1.717427E2,-1.278081E-2,8.541603E-5
1.717760E2,-1.277909E-2,8.310286E-5
1.718093E2,-1.279233E-2,8.669087E-5
1.718427E2,-1.277425E-2,8.894503E-5
1.718762E2,-1.279221E-2,8.808315E-5
1.719095E2,-1.280188E-2,8.476094E-5
1.719428E2,-1.281745E-2,8.300936E-5
1.719762E2,-1.280999E-2,8.614173E-5
1.720097E2,-1.281156E-2,8.837060E-5
1.720430E2,-1.279225E-2,9.238443E-5
1.720764E2,-1.278108E-2,9.207851E-5
1.721097E2,-1.277888E-2,9.291125E-5
1.721433E2,-1.279289E-2,8.874583E-5
1.721766E2,-1.277460E-2,9.327620E-5
1.722099E2,-1.276560E-2,9.308142E-5
1.722432E2,-1.275332E-2,9.387216E-5
1.722767E2,-1.275924E-2,9.232856E-5
1.723100E2,-1.275028E-2,9.319857E-5
1.723434E2,-1.274716E-2,9.335735E-5
1.723767E2,-1.274358E-2,9.514086E-5
1.724102E2,-1.273348E-2,9.597292E-5
1.724435E2,-1.273030E-2,9.642894E-5
1.724768E2,-1.272798E-2,9.675016E-5
1.725102E2,-1.272685E-2,9.697866E-5
1.725437E2,-1.271229E-2,9.998352E-5
1.725770E2,-1.271519E-2,9.845224E-5
1.726103E2,-1.268744E-2,1.029143E-4
1.726437E2,-1.268042E-2,1.014179E-4
1.726772E2,-1.265511E-2,9.729480E-5
1.727105E2,-1.264713E-2,1.023811E-4
1.727439E2,-1.261582E-2,1.034655E-4
1.727772E2,-1.259343E-2,9.430548E-5
1.728107E2,-1.259227E-2,9.556968E-5
1.728440E2,-1.259125E-2,9.823522E-5
1.728773E2,-1.257796E-2,9.548334E-5
1.729107E2,-1.256984E-2,9.397727E-5
1.729442E2,-1.255265E-2,9.764245E-5
1.729775E2,-1.252208E-2,1.035059E-4
1.730109E2,-1.251481E-2,9.854431E-5
1.730442E2,-1.247777E-2,8.236682E-5
1.730777E2,-1.234918E-2,8.803481E-5
1.731110E2,-1.231068E-2,8.364576E-5
1.731443E2,-1.224845E-2,9.631965E-5
1.731776E2,-1.220649E-2,8.771942E-5
1.732112E2,-1.216354E-2,9.599429E-5
1.732445E2,-1.209926E-2,9.808365E-5
1.732778E2,-1.204353E-2,7.947035E-5
1.733111E2,-1.193168E-2,9.082666E-5
1.733447E2,-1.184278E-2,8.802089E-5
1.733780E2,-1.178656E-2,9.112806E-5
1.734113E2,-1.175442E-2,9.525648E-5
1.734446E2,-1.170037E-2,7.479278E-5
1.734781E2,-1.157983E-2,8.329174E-5
1.735115E2,-1.146207E-2,8.892417E-5
1.735448E2,-1.138452E-2,9.548822E-5
1.735781E2,-1.130552E-2,6.849233E-5
1.736117E2,-1.114447E-2,7.710241E-5
1.736450E2,-1.107053E-2,8.978393E-5
1.736783E2,-1.101046E-2,9.588251E-5
1.737116E2,-1.093339E-2,7.569725E-5
1.737451E2,-1.077079E-2,9.197551E-5
1.737785E2,-1.066007E-2,9.960677E-5
1.738118E2,-1.054133E-2,7.441680E-5
1.738451E2,-1.038210E-2,8.427313E-5
1.738787E2,-1.027370E-2,9.545997E-5
1.739120E2,-1.019944E-2,1.062816E-4
1.739453E2,-1.012195E-2,7.653391E-5
1.739786E2,-9.982044E-3,8.708335E-5
1.740121E2,-9.832551E-3,1.096489E-4
1.740455E2,-9.754822E-3,7.782004E-5
1.740788E2,-9.577661E-3,9.174498E-5
1.741121E2,-9.461317E-3,1.070788E-4
1.741456E2,-9.339842E-3,7.967707E-5
1.741789E2,-9.219896E-3,9.012092E-5
1.742123E2,-9.097278E-3,1.093885E-4
1.742456E2,-8.968065E-3,8.624243E-5
1.742792E2,-8.811603E-3,1.012257E-4
1.743125E2,-8.656833E-3,6.284907E-5
1.743458E2,-8.495457E-3,8.543327E-5
1.743791E2,-8.336092E-3,1.033270E-4
1.744126E2,-8.188275E-3,7.558509E-5
1.744460E2,-8.038462E-3,9.502581E-5
1.744793E2,-7.927793E-3,1.080951E-4
1.745126E2,-7.811479E-3,8.371695E-5
1.745461E2,-7.621646E-3,1.030443E-4
1.745794E2,-7.458722E-3,7.829570E-5
1.746128E2,-7.293610E-3,1.013626E-4
1.746461E2,-7.115129E-3,8.037064E-5
1.746796E2,-6.951475E-3,8.763134E-5
1.747129E2,-6.826279E-3,1.073822E-4
1.747463E2,-6.685197E-3,8.186164E-5
1.747796E2,-6.493656E-3,1.033995E-4
1.748131E2,-6.324488E-3,7.804183E-5
1.748465E2,-6.128842E-3,1.017527E-4
1.748798E2,-5.953287E-3,7.651554E-5
1.749131E2,-5.743271E-3,9.697217E-5
1.749466E2,-5.580238E-3,7.233257E-5
1.749799E2,-5.394003E-3,1.065230E-4
1.750133E2,-5.250824E-3,1.253349E-4
1.750466E2,-5.095116E-3,9.482474E-5
1.750801E2,-4.910121E-3,1.186233E-4
1.751134E2,-4.745398E-3,9.094501E-5
1.751468E2,-4.555251E-3,1.087324E-4
1.751801E2,-4.386594E-3,8.039761E-5
1.752136E2,-4.173031E-3,1.149688E-4
1.752469E2,-4.030624E-3,8.682263E-5
1.752803E2,-3.831842E-3,1.159774E-4
1.753136E2,-3.668729E-3,8.433079E-5
1.753472E2,-3.426202E-3,1.150683E-4
1.753805E2,-3.252405E-3,8.077886E-5
1.754138E2,-3.053602E-3,1.104222E-4
1.754472E2,-2.868883E-3,7.909702E-5
1.754806E2,-2.656236E-3,1.128776E-4
1.755139E2,-2.501414E-3,8.559805E-5
1.755473E2,-2.292946E-3,1.153765E-4
1.755806E2,-2.108651E-3,8.672243E-5
1.756141E2,-1.899984E-3,1.122202E-4
1.756474E2,-1.708338E-3,8.450377E-5
1.756807E2,-1.464178E-3,1.251080E-4
1.757141E2,-1.309995E-3,9.364814E-5
1.757476E2,-1.109427E-3,1.068842E-4
1.757809E2,-9.648503E-4,8.341947E-5
1.758142E2,-7.678505E-4,1.098610E-4
1.758476E2,-5.609755E-4,8.215158E-5
1.758811E2,-3.330952E-4,1.156424E-4
1.759144E2,-1.583881E-4,8.338817E-5
1.759477E2,5.794810E-5,1.074603E-4
1.759811E2,2.376223E-4,8.101935E-5
1.760146E2,4.448969E-4,1.133532E-4
1.760479E2,6.039236E-4,8.384300E-5
1.760812E2,8.227264E-4,1.164997E-4
1.761146E2,9.974672E-4,8.363296E-5
1.761481E2,1.206510E-3,1.207732E-4
1.761814E2,1.388961E-3,8.586372E-5
1.762147E2,1.620423E-3,1.137589E-4
1.762480E2,1.761790E-3,8.376073E-5
1.762816E2,1.977785E-3,1.125680E-4
1.763149E2,2.145710E-3,8.701719E-5
1.763482E2,2.357091E-3,1.186185E-4
1.763815E2,2.507809E-3,9.201059E-5
1.764151E2,2.748245E-3,1.177932E-4
1.764484E2,2.919290E-3,9.158220E-5
1.764817E2,3.139358E-3,1.227899E-4
1.765151E2,3.311253E-3,8.814964E-5
1.765486E2,3.514511E-3,1.176173E-4
1.765819E2,3.672985E-3,9.145122E-5
1.766152E2,3.874019E-3,1.139339E-4
1.766485E2,4.030866E-3,8.915577E-5
1.766820E2,4.229551E-3,1.091336E-4
1.767154E2,4.452248E-3,9.262509E-5
1.767487E2,4.665078E-3,1.099310E-4
1.767820E2,4.813531E-3,9.523118E-5
1.768156E2,5.021940E-3,1.049413E-4
1.768489E2,5.172871E-3,8.605426E-5
1.768822E2,5.385342E-3,1.059852E-4
1.769155E2,5.552070E-3,8.988576E-5
1.769490E2,5.765883E-3,1.102683E-4
1.769824E2,5.939906E-3,8.931156E-5
1.770157E2,6.138648E-3,9.544662E-5
1.770490E2,6.311002E-3,8.257327E-5
1.770826E2,6.510814E-3,1.077288E-4
1.771159E2,6.656418E-3,7.758278E-5
1.771492E2,6.861127E-3,1.029132E-4
1.771825E2,7.025467E-3,8.697930E-5
1.772160E2,7.255010E-3,1.105732E-4
1.772494E2,7.407571E-3,8.369863E-5
1.772827E2,7.611760E-3,9.571646E-5
1.773160E2,7.794976E-3,8.528885E-5
1.773495E2,7.994668E-3,1.061437E-4
1.773829E2,8.129513E-3,1.196387E-4
1.774162E2,8.240979E-3,9.545024E-5
1.774495E2,8.421709E-3,1.095988E-4
1.774830E2,8.583744E-3,9.036386E-5
1.775164E2,8.773194E-3,1.045152E-4
1.775497E2,8.921533E-3,8.756789E-5
1.775830E2,9.108540E-3,9.419225E-5
1.776165E2,9.264252E-3,1.101665E-4
1.776499E2,9.364809E-3,9.959820E-5
1.776832E2,9.532521E-3,1.097015E-4
1.777165E2,9.673309E-3,1.168532E-4
1.777500E2,9.790772E-3,9.543741E-5
1.777833E2,9.958600E-3,1.071059E-4
1.778167E2,1.007297E-2,8.730786E-5
1.778500E2,1.023259E-2,9.950085E-5
1.778835E2,1.039438E-2,1.063865E-4
1.779168E2,1.046645E-2,8.233290E-5
1.779502E2,1.062951E-2,9.219958E-5
1.779835E2,1.075474E-2,1.052275E-4
1.780170E2,1.088726E-2,9.504951E-5
1.780503E2,1.102502E-2,1.052776E-4
1.780836E2,1.114962E-2,1.130036E-4
1.781170E2,1.125026E-2,9.286129E-5
1.781505E2,1.139303E-2,9.639212E-5
1.781838E2,1.149118E-2,1.080892E-4
1.782172E2,1.157015E-2,1.179314E-4
1.782505E2,1.164693E-2,9.774697E-5
1.782840E2,1.180066E-2,1.034479E-4
1.783173E2,1.190015E-2,1.109870E-4
1.783507E2,1.198228E-2,8.932241E-5
1.783840E2,1.213828E-2,1.008798E-4
1.784175E2,1.225095E-2,1.093450E-4
1.784508E2,1.231357E-2,1.155542E-4
1.784842E2,1.237320E-2,9.884172E-5
1.785175E2,1.250542E-2,1.069947E-4
1.785510E2,1.259342E-2,1.182816E-4
1.785843E2,1.266589E-2,1.158128E-4
1.786177E2,1.274550E-2,9.081188E-5
1.786510E2,1.287242E-2,9.981608E-5
1.786845E2,1.296109E-2,1.059172E-4
1.787179E2,1.301327E-2,1.095988E-4
1.787512E2,1.305773E-2,1.129494E-4
1.787845E2,1.310286E-2,1.210983E-4
1.788180E2,1.311546E-2,1.133215E-4
1.788513E2,1.316658E-2,9.802789E-5
1.788847E2,1.326721E-2,1.023754E-4
1.789180E2,1.335083E-2,1.032021E-4
1.789515E2,1.340277E-2,1.110874E-4
1.789848E2,1.340884E-2,1.053098E-4
1.790181E2,1.345223E-2,1.164556E-4
1.790515E2,1.344955E-2,1.162033E-4
1.790850E2,1.347974E-2,1.168812E-4
1.791183E2,1.349350E-2,1.247170E-4
1.791516E2,1.351187E-2,9.255966E-5
1.791850E2,1.361426E-2,9.753588E-5
1.792185E2,1.367940E-2,1.067126E-4
1.792518E2,1.370041E-2,1.055421E-4
1.792851E2,1.373184E-2,1.088983E-4
1.793185E2,1.373974E-2,1.084695E-4
1.793520E2,1.376282E-2,1.148161E-4
1.793853E2,1.376679E-2,1.097737E-4
1.794186E2,1.378314E-2,1.187343E-4
1.794519E2,1.377848E-2,1.193614E-4
1.794855E2,1.379039E-2,1.148101E-4
1.795188E2,1.378978E-2,1.168541E-4
1.795521E2,1.378181E-2,1.133831E-4
1.795855E2,1.377129E-2,1.147237E-4
1.796190E2,1.377428E-2,1.136052E-4
1.796523E2,1.376584E-2,1.151423E-4
1.796856E2,1.375819E-2,1.156891E-4
1.797190E2,1.375208E-2,1.159325E-4
1.797525E2,1.374401E-2,1.175239E-4
1.797858E2,1.374152E-2,1.173564E-4
1.798191E2,1.373868E-2,1.172977E-4
1.798525E2,1.373489E-2,1.157805E-4
1.798859E2,1.373813E-2,1.157011E-4
1.799193E2,1.371434E-2,1.127602E-4
1.799526E2,1.369686E-2,1.076151E-4
1.799859E2,1.369282E-2,1.040646E-4
1.800194E2,1.365770E-2,1.005696E-4
1.800528E2,1.366513E-2,1.035677E-4
1.800861E2,1.362938E-2,9.709576E-5
1.801194E2,1.363654E-2,9.944114E-5
1.801529E2,1.362179E-2,9.628946E-5
1.801863E2,1.359589E-2,9.156142E-5
1.802196E2,1.358071E-2,8.695853E-5
1.802529E2,1.354629E-2,8.600521E-5
1.802865E2,1.353768E-2,7.945009E-5
1.803198E2,1.353693E-2,8.392913E-5
1.803531E2,1.352842E-2,8.207356E-5
1.803864E2,1.351146E-2,8.615033E-5
1.804200E2,1.348113E-2,9.549776E-5
1.804533E2,1.335350E-2,9.070505E-5
1.804866E2,1.327931E-2,8.993945E-5
1.805199E2,1.322031E-2,8.938991E-5
1.805534E2,1.316316E-2,9.008357E-5
1.805868E2,1.314328E-2,8.499397E-5
1.806201E2,1.311112E-2,9.644979E-5
1.806534E2,1.296698E-2,8.725683E-5
1.806870E2,1.289155E-2,8.641063E-5
1.807203E2,1.279805E-2,8.475704E-5
1.807536E2,1.272373E-2,9.911710E-5
1.807869E2,1.258690E-2,9.631418E-5
1.808212E2,1.249709E-2,9.188585E-5
1.808545E2,1.243486E-2,8.786893E-5
1.808878E2,1.237021E-2,7.964846E-5
1.809212E2,1.230196E-2,9.556700E-5
1.809539E2,1.215737E-2,8.968872E-5
1.809873E2,1.205367E-2,8.273251E-5
1.810206E2,1.195647E-2,9.949262E-5
1.810539E2,1.180243E-2,9.018599E-5
1.810874E2,1.169278E-2,7.601400E-5
1.811207E2,1.162528E-2,7.494094E-5
1.811541E2,1.153825E-2,9.111186E-5
1.811874E2,1.138600E-2,8.347062E-5
1.812209E2,1.126441E-2,7.958484E-5
1.812542E2,1.115014E-2,8.635277E-5
1.812876E2,1.099636E-2,8.154979E-5
1.813209E2,1.088139E-2,7.272752E-5
1.813544E2,1.076903E-2,8.763892E-5
1.813877E2,1.062095E-2,7.841749E-5
1.814211E2,1.050337E-2,6.676542E-5
1.814544E2,1.038194E-2,9.008424E-5
1.814879E2,1.020173E-2,7.962283E-5
1.815212E2,1.008817E-2,7.515076E-5
1.815545E2,9.954699E-3,8.379523E-5
1.815879E2,9.800734E-3,8.052296E-5
1.816214E2,9.661432E-3,9.579534E-5
1.816547E2,9.482873E-3,7.924888E-5
1.816881E2,9.350005E-3,7.175672E-5
1.817214E2,9.239313E-3,8.275100E-5
1.817549E2,9.043047E-3,7.630679E-5
1.817882E2,8.885971E-3,9.005287E-5
1.818215E2,8.709414E-3,8.285036E-5
1.818549E2,8.559510E-3,6.827970E-5
1.818884E2,8.411213E-3,8.214932E-5
1.819217E2,8.266670E-3,7.468041E-5
1.819551E2,8.118667E-3,9.308629E-5
1.819884E2,7.929270E-3,7.573246E-5
1.820219E2,7.729006E-3,9.011698E-5
1.820552E2,7.554826E-3,8.478618E-5
1.820885E2,7.412501E-3,7.397389E-5
1.821219E2,7.256724E-3,8.943564E-5
1.821554E2,7.060675E-3,6.750929E-5
1.821887E2,6.934265E-3,8.215953E-5
1.822220E2,6.752705E-3,7.013445E-5
1.822554E2,6.584304E-3,8.215851E-5
1.822889E2,6.378763E-3,7.516783E-5
1.823222E2,6.207281E-3,8.441853E-5
1.823555E2,5.992428E-3,7.686336E-5
1.823889E2,5.828437E-3,9.036661E-5
1.824224E2,5.614765E-3,7.518044E-5
1.824558E2,5.458526E-3,9.232443E-5
1.824891E2,5.249541E-3,7.658432E-5
1.825224E2,5.083408E-3,8.819040E-5
1.825559E2,4.856185E-3,7.387498E-5
1.825892E2,4.678102E-3,9.312517E-5
1.826225E2,4.467704E-3,7.535524E-5
1.826558E2,4.285135E-3,9.118220E-5
1.826894E2,4.072155E-3,7.473997E-5
1.827227E2,3.915551E-3,8.838969E-5
1.827560E2,3.701296E-3,7.615274E-5
1.827894E2,3.523478E-3,9.020436E-5
1.828229E2,3.317318E-3,7.111678E-5
1.828562E2,3.135868E-3,9.850599E-5
1.828895E2,2.901165E-3,7.112202E-5
1.829228E2,2.748106E-3,9.671031E-5
1.829564E2,2.528845E-3,6.687016E-5
1.829897E2,2.374591E-3,9.453818E-5
1.830230E2,2.156707E-3,6.942372E-5
1.830564E2,1.973690E-3,9.409964E-5
1.830898E2,1.778147E-3,7.199242E-5
1.831232E2,1.591346E-3,9.391392E-5
1.831565E2,1.371001E-3,7.145647E-5
1.831898E2,1.196127E-3,9.979285E-5
1.832234E2,9.816872E-4,7.458536E-5
1.832567E2,8.490576E-4,9.868558E-5
1.832900E2,6.160853E-4,7.016541E-5
1.833233E2,4.454639E-4,8.755629E-5
1.833569E2,2.275334E-4,7.232637E-5
1.833902E2,5.145560E-5,9.422804E-5
1.834235E2,-1.685998E-4,7.217375E-5
1.834569E2,-3.310671E-4,9.571132E-5
1.834904E2,-5.375115E-4,7.424328E-5
1.835237E2,-6.823132E-4,9.223390E-5
1.835571E2,-9.123919E-4,7.156664E-5
1.835904E2,-1.098967E-3,9.787025E-5
1.836239E2,-1.302694E-3,7.264491E-5
1.836572E2,-1.474974E-3,9.329790E-5
1.836905E2,-1.683392E-3,7.369152E-5
1.837238E2,-1.854133E-3,9.927314E-5
1.837573E2,-2.058652E-3,7.572756E-5
1.837907E2,-2.214675E-3,9.337895E-5
1.838240E2,-2.428453E-3,6.404450E-5
1.838573E2,-2.595352E-3,9.275872E-5
1.838909E2,-2.812607E-3,7.096329E-5
1.839242E2,-2.991229E-3,9.979191E-5
1.839575E2,-3.200068E-3,7.757050E-5
1.839909E2,-3.352761E-3,1.074840E-4
1.840243E2,-3.573467E-3,7.700163E-5
1.840577E2,-3.719652E-3,1.031791E-4
1.840910E2,-3.929089E-3,7.685799E-5
1.841243E2,-4.082010E-3,1.084060E-4
1.841578E2,-4.314424E-3,8.458211E-5
1.841911E2,-4.487058E-3,1.019620E-4
1.842245E2,-4.693820E-3,8.213827E-5
1.842578E2,-4.856558E-3,1.083113E-4
1.842913E2,-5.062994E-3,7.992794E-5
1.843246E2,-5.197081E-3,6.496168E-5
1.843580E2,-5.332733E-3,9.631047E-5
1.843913E2,-5.513537E-3,7.553159E-5
1.844248E2,-5.659306E-3,1.003977E-4
1.844582E2,-5.862914E-3,7.863469E-5
1.844915E2,-6.019642E-3,1.127396E-4
1.845248E2,-6.219424E-3,8.433303E-5
1.845585E2,-6.368732E-3,1.142860E-4
1.845918E2,-6.563450E-3,9.046765E-5
1.846251E2,-6.696248E-3,6.781203E-5
1.846585E2,-6.839910E-3,9.511995E-5
1.846918E2,-7.022271E-3,7.071169E-5
1.847251E2,-7.151446E-3,1.084983E-4
1.847585E2,-7.358107E-3,8.725733E-5
1.847918E2,-7.480341E-3,7.286572E-5
1.848253E2,-7.620163E-3,9.315474E-5
1.848586E2,-7.763857E-3,7.753257E-5
1.848920E2,-7.879483E-3,6.640329E-5
1.849253E2,-8.003307E-3,8.926412E-5
1.849588E2,-8.165027E-3,7.368352E-5
1.849922E2,-8.301072E-3,9.922529E-5
1.850255E2,-8.474595E-3,8.591034E-5
1.850588E2,-8.597622E-3,7.463924E-5
1.850923E2,-8.720008E-3,1.037420E-4
1.851256E2,-8.874535E-3,8.640752E-5
1.851590E2,-8.988271E-3,6.749019E-5
1.851923E2,-9.079664E-3,1.017439E-4
1.852259E2,-9.276306E-3,7.624684E-5
1.852592E2,-9.383361E-3,7.456478E-5
1.852926E2,-9.455433E-3,1.086137E-4
1.853259E2,-9.637229E-3,8.649989E-5
1.853593E2,-9.745927E-3,7.617699E-5
1.853926E2,-9.810790E-3,1.049795E-4
1.854260E2,-9.983198E-3,8.689540E-5
1.854593E2,-1.008485E-2,7.543528E-5
1.854928E2,-1.018773E-2,1.041345E-4
1.855261E2,-1.035544E-2,9.109268E-5
1.855594E2,-1.045303E-2,8.316926E-5
1.855928E2,-1.053331E-2,6.688901E-5
1.856263E2,-1.061677E-2,9.951947E-5
1.856596E2,-1.074724E-2,9.042844E-5
1.856929E2,-1.084063E-2,7.618929E-5
1.857263E2,-1.090998E-2,7.163594E-5
1.857598E2,-1.098357E-2,1.002089E-4
1.857931E2,-1.112754E-2,9.237174E-5
1.858265E2,-1.120930E-2,8.806475E-5
1.858598E2,-1.128594E-2,7.520895E-5
1.858933E2,-1.133711E-2,1.057076E-4
1.859266E2,-1.147019E-2,9.780121E-5
1.859599E2,-1.155284E-2,8.288508E-5
1.859933E2,-1.161422E-2,8.249418E-5
1.860268E2,-1.165567E-2,7.329644E-5
1.860601E2,-1.171396E-2,1.004093E-4
1.860934E2,-1.185019E-2,1.008594E-4
1.861268E2,-1.193259E-2,9.376354E-5
1.861603E2,-1.198461E-2,7.690014E-5
1.861936E2,-1.201100E-2,7.893567E-5
1.862269E2,-1.202247E-2,7.883733E-5
1.862602E2,-1.204653E-2,7.447209E-5
1.862937E2,-1.206311E-2,7.206505E-5
1.863271E2,-1.209972E-2,1.009552E-4
1.863604E2,-1.220035E-2,9.403880E-5
1.863937E2,-1.229829E-2,8.822592E-5
1.864273E2,-1.234235E-2,8.548123E-5
1.864606E2,-1.235528E-2,8.711900E-5
1.864939E2,-1.237026E-2,8.827123E-5
1.865273E2,-1.237004E-2,8.717496E-5
1.865608E2,-1.238699E-2,8.505098E-5
1.865941E2,-1.239977E-2,8.304379E-5
1.866274E2,-1.240804E-2,7.737856E-5
1.866608E2,-1.240574E-2,8.177308E-5
1.866943E2,-1.241278E-2,8.033310E-5
1.867276E2,-1.240285E-2,8.541234E-5
1.867610E2,-1.239404E-2,8.785432E-5
1.867943E2,-1.238451E-2,8.645245E-5
1.868277E2,-1.239610E-2,8.306972E-5
1.868611E2,-1.237757E-2,8.640847E-5
1.868944E2,-1.236645E-2,8.845088E-5
1.869277E2,-1.235800E-2,8.854836E-5
1.869613E2,-1.235815E-2,8.889584E-5
1.869946E2,-1.235247E-2,9.125440E-5
1.870279E2,-1.234624E-2,8.949478E-5
1.870613E2,-1.234344E-2,9.127926E-5
1.870948E2,-1.234327E-2,9.238117E-5
1.871281E2,-1.234063E-2,9.258899E-5
1.871614E2,-1.234183E-2,9.402487E-5
1.871948E2,-1.233861E-2,9.393445E-5
1.872282E2,-1.232167E-2,9.256752E-5
1.872616E2,-1.232322E-2,9.305290E-5
1.872949E2,-1.231735E-2,9.315087E-5
1.873282E2,-1.228467E-2,9.378354E-5
1.873617E2,-1.225870E-2,9.485393E-5
1.873950E2,-1.226521E-2,9.443410E-5
1.874284E2,-1.225197E-2,9.565636E-5
1.874617E2,-1.223466E-2,9.595613E-5
1.874952E2,-1.219493E-2,9.541965E-5
1.875286E2,-1.220387E-2,9.019399E-5
1.875619E2,-1.218046E-2,9.705242E-5
1.875952E2,-1.219407E-2,9.632308E-5
1.876287E2,-1.218719E-2,1.001664E-4
1.876621E2,-1.213565E-2,1.029232E-4
1.876954E2,-1.212871E-2,1.003888E-4
1.877287E2,-1.209872E-2,1.008973E-4
1.877622E2,-1.207966E-2,7.296323E-5
1.877956E2,-1.197850E-2,8.270792E-5
1.878289E2,-1.192022E-2,8.682833E-5
1.878622E2,-1.184484E-2,9.421219E-5
1.878957E2,-1.181206E-2,9.904705E-5
1.879290E2,-1.175412E-2,1.040842E-4
1.879624E2,-1.169525E-2,7.214317E-5
1.879957E2,-1.157373E-2,8.530501E-5
1.880292E2,-1.148299E-2,9.356403E-5
1.880625E2,-1.142969E-2,9.626628E-5
1.880959E2,-1.139081E-2,1.057016E-4
1.881292E2,-1.134351E-2,1.081996E-4
1.881627E2,-1.128836E-2,7.534611E-5
1.881960E2,-1.114790E-2,9.040055E-5
1.882294E2,-1.105954E-2,9.550802E-5
1.882627E2,-1.098138E-2,1.041146E-4
1.882962E2,-1.091039E-2,7.846239E-5
1.883296E2,-1.078347E-2,8.924866E-5
1.883629E2,-1.068803E-2,1.010773E-4
1.883962E2,-1.060693E-2,1.047636E-4
1.884297E2,-1.049325E-2,8.780868E-5
1.884630E2,-1.037025E-2,9.766658E-5
1.884963E2,-1.024924E-2,1.090981E-4
1.885297E2,-1.017123E-2,7.739524E-5
1.885632E2,-1.000681E-2,8.359316E-5
1.885965E2,-9.918543E-3,9.933262E-5
1.886299E2,-9.830340E-3,1.081825E-4
1.886632E2,-9.749559E-3,7.218562E-5
1.886967E2,-9.576710E-3,9.092380E-5
1.887300E2,-9.459848E-3,1.025197E-4
1.887634E2,-9.356275E-3,7.945293E-5
1.887967E2,-9.213220E-3,9.173873E-5
1.888302E2,-9.079417E-3,9.844457E-5
1.888635E2,-8.989546E-3,7.204401E-5
1.888969E2,-8.819414E-3,9.547424E-5
1.889302E2,-8.703523E-3,1.034258E-4
1.889637E2,-8.574320E-3,7.534829E-5
1.889970E2,-8.414199E-3,9.495974E-5
1.890304E2,-8.271317E-3,6.736971E-5
1.890637E2,-8.081572E-3,9.096454E-5
1.890972E2,-7.939010E-3,1.039580E-4
1.891305E2,-7.839323E-3,7.333515E-5
1.891638E2,-7.672408E-3,9.387413E-5
1.891972E2,-7.539475E-3,1.166028E-4
1.892307E2,-7.393009E-3,8.834626E-5
1.892640E2,-7.225716E-3,1.027432E-4
1.892974E2,-7.082938E-3,7.606201E-5
1.893307E2,-6.901014E-3,1.009641E-4
1.893642E2,-6.716977E-3,7.653617E-5
1.893975E2,-6.552993E-3,9.931241E-5
1.894309E2,-6.403036E-3,1.120073E-4
1.894642E2,-6.271237E-3,8.662093E-5
1.894977E2,-6.078688E-3,1.057988E-4
1.895310E2,-5.918218E-3,8.322362E-5
1.895643E2,-5.728252E-3,1.003827E-4
1.895976E2,-5.565418E-3,7.738315E-5
1.896312E2,-5.358219E-3,9.015330E-5
1.896645E2,-5.226149E-3,1.170014E-4
1.896978E2,-5.098784E-3,8.665887E-5
1.897312E2,-4.899548E-3,1.045830E-4
1.897647E2,-4.742768E-3,7.875879E-5
1.897980E2,-4.548516E-3,1.019494E-4
1.898313E2,-4.399711E-3,7.092365E-5
1.898647E2,-4.180099E-3,9.840268E-5
1.898982E2,-4.000498E-3,8.321150E-5
1.899315E2,-3.821688E-3,9.925339E-5
1.899648E2,-3.655460E-3,8.554745E-5
1.899981E2,-3.455212E-3,9.593681E-5
1.900317E2,-3.274421E-3,8.423286E-5
1.900650E2,-3.066692E-3,9.353178E-5
1.900983E2,-2.885461E-3,7.706193E-5
1.901316E2,-2.667497E-3,9.566183E-5
1.901651E2,-2.487947E-3,8.081985E-5
1.901985E2,-2.309611E-3,9.504274E-5
1.902318E2,-2.124507E-3,8.066507E-5
1.902651E2,-1.913935E-3,9.754320E-5
1.902987E2,-1.745573E-3,8.029581E-5
1.903320E2,-1.519255E-3,9.874635E-5
1.903653E2,-1.333433E-3,8.637429E-5
1.903987E2,-1.129850E-3,1.037595E-4
1.904321E2,-9.590346E-4,8.283028E-5
1.904655E2,-7.541857E-4,9.977802E-5
1.904988E2,-5.854508E-4,9.059819E-5
1.905321E2,-3.809735E-4,1.003043E-4
1.905656E2,-1.996765E-4,8.527539E-5
1.905990E2,1.255789E-5,9.687422E-5
1.906323E2,2.166254E-4,8.511008E-5
1.906656E2,3.945325E-4,9.217206E-5
1.906991E2,5.820243E-4,8.570915E-5
1.907325E2,7.781442E-4,9.833435E-5
1.907658E2,9.472470E-4,9.254887E-5
1.907991E2,1.150698E-3,1.027770E-4
1.908326E2,1.335964E-3,8.548667E-5
1.908659E2,1.551623E-3,9.398922E-5
1.908993E2,1.738100E-3,8.334719E-5
1.909326E2,1.915641E-3,9.288123E-5
1.909661E2,2.088503E-3,8.740697E-5
1.909995E2,2.292194E-3,9.558404E-5
1.910328E2,2.466428E-3,8.466189E-5
1.910661E2,2.669365E-3,9.836304E-5
1.910996E2,2.847384E-3,9.054344E-5
1.911329E2,3.057353E-3,1.015955E-4
1.911663E2,3.240767E-3,8.333777E-5
1.911996E2,3.438991E-3,9.648616E-5
1.912331E2,3.616275E-3,8.894721E-5
1.912664E2,3.809735E-3,9.820767E-5
1.912997E2,3.975121E-3,8.632571E-5
1.913331E2,4.181784E-3,1.055625E-4
1.913667E2,4.358641E-3,8.496590E-5
1.914000E2,4.573519E-3,9.933761E-5
1.914333E2,4.740110E-3,8.576376E-5
1.914667E2,4.944483E-3,9.675101E-5
1.915001E2,5.115808E-3,9.177951E-5
1.915335E2,5.308148E-3,1.047226E-4
1.915668E2,5.452101E-3,1.153821E-4
1.916001E2,5.599921E-3,9.589674E-5
1.916336E2,5.771058E-3,9.791586E-5
1.916669E2,5.949134E-3,9.452787E-5
1.917003E2,6.106528E-3,9.962753E-5
1.917336E2,6.281652E-3,8.819642E-5
1.917671E2,6.488799E-3,9.801695E-5
1.918004E2,6.603993E-3,1.117488E-4
1.918338E2,6.736756E-3,1.035044E-4
1.918671E2,6.897147E-3,1.033975E-4
1.919006E2,7.080264E-3,9.543391E-5
1.919340E2,7.257586E-3,9.838517E-5
1.919673E2,7.404409E-3,9.228139E-5
1.920006E2,7.590329E-3,9.570871E-5
1.920341E2,7.745087E-3,1.014695E-4
1.920675E2,7.837774E-3,9.339364E-5
1.921008E2,8.017007E-3,1.049543E-4
1.921341E2,8.165964E-3,8.808198E-5
1.921676E2,8.348003E-3,9.601680E-5
1.922009E2,8.487516E-3,1.067939E-4
1.922342E2,8.606606E-3,8.948353E-5
1.922676E2,8.782372E-3,1.029431E-4
1.923011E2,8.939133E-3,8.870758E-5
1.923344E2,9.087103E-3,9.925474E-5
1.923677E2,9.205860E-3,1.036800E-4
1.924011E2,9.315599E-3,9.519236E-5
1.924346E2,9.502961E-3,1.017982E-4
1.924679E2,9.626942E-3,1.002476E-4
1.925012E2,9.741062E-3,8.982704E-5
1.925346E2,9.898992E-3,9.912608E-5
1.925681E2,1.001072E-2,1.049791E-4
1.926014E2,1.010281E-2,9.877123E-5
1.926347E2,1.025265E-2,1.048451E-4
1.926681E2,1.036182E-2,1.104379E-4
1.927016E2,1.050850E-2,9.965765E-5
1.927349E2,1.063631E-2,1.007170E-4
1.927682E2,1.074963E-2,1.043716E-4
1.928016E2,1.083873E-2,9.103756E-5
1.928351E2,1.100982E-2,9.503000E-5
1.928684E2,1.109357E-2,1.064832E-4
1.929017E2,1.116547E-2,1.122826E-4
1.929350E2,1.124206E-2,9.458975E-5
1.929686E2,1.139937E-2,1.095147E-4
1.930019E2,1.148899E-2,1.099676E-4
1.930352E2,1.157226E-2,1.140470E-4
1.930686E2,1.163598E-2,9.187249E-5
1.931021E2,1.177541E-2,1.057447E-4
1.931354E2,1.184809E-2,1.101902E-4
1.931687E2,1.190252E-2,1.118588E-4
1.932021E2,1.196430E-2,1.201052E-4
1.932356E2,1.201259E-2,9.180969E-5
1.932689E2,1.215506E-2,1.023550E-4
1.933022E2,1.223954E-2,1.093245E-4
1.933355E2,1.231536E-2,1.170632E-4
1.933690E2,1.236434E-2,8.333485E-5
1.934024E2,1.247535E-2,1.015723E-4
1.934357E2,1.253509E-2,1.105285E-4
1.934690E2,1.260252E-2,1.091641E-4
1.935025E2,1.264538E-2,1.056561E-4
1.935359E2,1.270370E-2,1.168278E-4
1.935692E2,1.274778E-2,9.475408E-5
1.936025E2,1.286500E-2,9.452221E-5
1.936361E2,1.294044E-2,1.050924E-4
1.936694E2,1.297137E-2,1.062731E-4
1.937027E2,1.300480E-2,1.076212E-4
1.937360E2,1.302503E-2,1.153601E-4
1.937695E2,1.305119E-2,1.115054E-4
1.938029E2,1.307720E-2,1.170271E-4
1.938362E2,1.310161E-2,1.160157E-4
1.938695E2,1.313383E-2,9.158269E-5
1.939030E2,1.320940E-2,9.476139E-5
1.939364E2,1.324958E-2,9.793631E-5
1.939697E2,1.330339E-2,9.827906E-5
1.940030E2,1.331434E-2,9.934995E-5
1.940365E2,1.333932E-2,1.080578E-4
1.940698E2,1.334731E-2,1.138865E-4
1.941032E2,1.335062E-2,1.131607E-4
1.941365E2,1.338106E-2,1.175699E-4
1.941700E2,1.337974E-2,1.079278E-4
1.942034E2,1.337182E-2,1.089472E-4
1.942367E2,1.337008E-2,1.048333E-4
1.942700E2,1.336311E-2,1.063161E-4
1.943035E2,1.336846E-2,1.062080E-4
1.943368E2,1.335963E-2,1.067309E-4
1.943701E2,1.335348E-2,1.084105E-4
1.944035E2,1.334874E-2,1.081175E-4
1.944370E2,1.334209E-2,1.047791E-4
1.944704E2,1.333922E-2,1.051177E-4
1.945037E2,1.333900E-2,1.053370E-4
1.945370E2,1.333529E-2,1.045491E-4
1.945705E2,1.332909E-2,1.017251E-4
1.946038E2,1.332509E-2,9.875183E-5
1.946372E2,1.330924E-2,9.384803E-5
1.946705E2,1.329609E-2,9.485020E-5
1.947040E2,1.326861E-2,9.622339E-5
1.947373E2,1.326716E-2,9.630403E-5
1.947707E2,1.325781E-2,9.459942E-5
1.948040E2,1.323307E-2,9.577476E-5
1.948375E2,1.324260E-2,9.460082E-5
1.948708E2,1.320618E-2,8.840494E-5
1.949042E2,1.319878E-2,9.282255E-5
1.949375E2,1.316197E-2,9.147569E-5
1.949710E2,1.313600E-2,8.092619E-5
1.950043E2,1.316153E-2,8.732741E-5
1.950377E2,1.313499E-2,8.486798E-5
1.950710E2,1.313679E-2,7.736019E-5
1.951045E2,1.310771E-2,1.025419E-4
1.951378E2,1.296118E-2,9.492900E-5
1.951711E2,1.289484E-2,8.567064E-5
1.952045E2,1.281719E-2,8.297659E-5
1.952380E2,1.276360E-2,8.019334E-5
1.952713E2,1.274254E-2,7.850803E-5
1.953047E2,1.272467E-2,9.227286E-5
1.953380E2,1.259034E-2,8.782365E-5
1.953715E2,1.250257E-2,7.595390E-5
1.954048E2,1.241826E-2,8.074020E-5
1.954381E2,1.235478E-2,9.086382E-5
1.954715E2,1.220721E-2,8.626179E-5
1.955050E2,1.209761E-2,8.880524E-5
1.955383E2,1.203657E-2,8.017898E-5
1.955716E2,1.199207E-2,8.007808E-5
1.956050E2,1.192356E-2,9.199953E-5
1.956385E2,1.177959E-2,8.307777E-5
1.956719E2,1.168858E-2,8.135408E-5
1.957052E2,1.159764E-2,7.726746E-5
1.957385E2,1.151774E-2,8.857054E-5
1.957720E2,1.136178E-2,8.004398E-5
1.958053E2,1.128454E-2,8.274076E-5
1.958387E2,1.120675E-2,8.842847E-5
1.958720E2,1.104246E-2,8.301429E-5
1.959055E2,1.092050E-2,7.656248E-5
1.959388E2,1.081562E-2,8.667139E-5
1.959721E2,1.065289E-2,8.942645E-5
1.960055E2,1.050404E-2,8.108719E-5
1.960390E2,1.039945E-2,9.229948E-5
1.960723E2,1.025533E-2,8.134094E-5
1.961056E2,1.013884E-2,6.907838E-5
1.961389E2,1.002584E-2,8.999614E-5
1.961725E2,9.846816E-3,8.161457E-5
1.962058E2,9.725964E-3,7.937899E-5
1.962391E2,9.606277E-3,8.799644E-5
1.962725E2,9.451969E-3,8.521034E-5
1.963060E2,9.309526E-3,7.378333E-5
1.963393E2,9.220586E-3,8.387131E-5
1.963726E2,9.062657E-3,7.540136E-5
1.964060E2,8.930163E-3,7.113796E-5
1.964394E2,8.794906E-3,8.477874E-5
1.964728E2,8.639851E-3,7.337555E-5
1.965061E2,8.502266E-3,8.319186E-5
1.965394E2,8.304403E-3,7.760567E-5
1.965730E2,8.154828E-3,7.168040E-5
1.966063E2,8.058040E-3,8.095933E-5
1.966396E2,7.884132E-3,7.094476E-5
1.966729E2,7.737716E-3,8.383525E-5
1.967065E2,7.541578E-3,8.041161E-5
1.967398E2,7.387248E-3,8.320596E-5
1.967731E2,7.182291E-3,7.177441E-5
1.968064E2,7.010016E-3,6.159656E-5
1.968400E2,6.882199E-3,8.601011E-5
1.968733E2,6.723995E-3,7.730191E-5
1.969066E2,6.584967E-3,8.728715E-5
1.969399E2,6.383901E-3,7.488571E-5
1.969734E2,6.200515E-3,8.870502E-5
1.970067E2,6.003491E-3,7.907006E-5
1.970401E2,5.859099E-3,9.447746E-5
1.970734E2,5.633617E-3,7.722877E-5
1.971069E2,5.453331E-3,8.905915E-5
1.971403E2,5.258972E-3,8.222685E-5
1.971736E2,5.103598E-3,6.276980E-5
1.972069E2,4.956673E-3,7.799310E-5
1.972404E2,4.770374E-3,7.100314E-5
1.972737E2,4.611169E-3,8.639658E-5
1.973071E2,4.424611E-3,7.431564E-5
1.973404E2,4.253204E-3,8.219296E-5
1.973739E2,4.042976E-3,7.109371E-5
1.974073E2,3.895169E-3,9.355341E-5
1.974406E2,3.696105E-3,7.581196E-5
1.974739E2,3.517148E-3,8.684810E-5
1.975074E2,3.313537E-3,7.146677E-5
1.975408E2,3.130104E-3,8.990656E-5
1.975741E2,2.917373E-3,7.300494E-5
1.976074E2,2.749933E-3,8.494714E-5
1.976409E2,2.543214E-3,7.670882E-5
1.976743E2,2.392467E-3,8.819512E-5
1.977076E2,2.174447E-3,7.159866E-5
1.977409E2,2.008891E-3,8.859463E-5
1.977744E2,1.788618E-3,7.343149E-5
1.978077E2,1.613505E-3,9.552213E-5
1.978411E2,1.394001E-3,7.593812E-5
1.978744E2,1.216706E-3,9.068862E-5
1.979079E2,1.005513E-3,7.333332E-5
1.979413E2,8.593443E-4,9.222980E-5
1.979746E2,6.363681E-4,6.801226E-5
1.980079E2,4.653434E-4,8.737474E-5
1.980414E2,2.506337E-4,7.165651E-5
1.980747E2,7.986755E-5,9.460251E-5
1.981081E2,-1.504101E-4,8.007348E-5
1.981414E2,-3.084166E-4,9.835234E-5
1.981749E2,-5.153143E-4,7.099652E-5
1.982082E2,-6.669174E-4,9.647308E-5
1.982415E2,-8.801065E-4,7.028226E-5
1.982749E2,-1.055558E-3,9.682359E-5
1.983084E2,-1.283617E-3,7.949839E-5
1.983417E2,-1.453259E-3,9.479745E-5
1.983751E2,-1.674066E-3,7.750753E-5
1.984084E2,-1.839501E-3,1.012734E-4
1.984420E2,-2.041635E-3,7.781009E-5
1.984753E2,-2.194305E-3,9.996536E-5
1.985086E2,-2.403209E-3,7.948336E-5
1.985419E2,-2.557932E-3,1.059199E-4
1.985754E2,-2.783076E-3,8.224928E-5
1.986088E2,-2.944178E-3,1.068864E-4
1.986421E2,-3.159367E-3,8.738457E-5
1.986754E2,-3.314357E-3,1.177105E-4
1.987089E2,-3.539465E-3,8.690865E-5
1.987422E2,-3.684953E-3,6.075211E-5
1.987756E2,-3.811189E-3,9.393303E-5
1.988089E2,-3.999146E-3,7.271814E-5
1.988424E2,-4.145918E-3,1.047014E-4
1.988757E2,-4.343549E-3,7.046637E-5
1.989091E2,-4.515257E-3,1.006843E-4
1.989424E2,-4.713597E-3,8.094911E-5
1.989759E2,-4.847520E-3,1.062435E-4
1.990092E2,-5.050398E-3,8.627468E-5
1.990425E2,-5.207334E-3,6.219438E-5
1.990759E2,-5.327631E-3,9.580671E-5
1.991094E2,-5.518826E-3,7.541083E-5
1.991427E2,-5.669540E-3,1.009903E-4
1.991760E2,-5.830724E-3,8.159009E-5
1.992094E2,-6.005172E-3,9.886250E-5
1.992429E2,-6.209728E-3,8.091663E-5
1.992762E2,-6.314997E-3,7.156869E-5
1.993095E2,-6.455744E-3,9.189122E-5
1.993429E2,-6.633413E-3,6.507760E-5
1.993764E2,-6.765669E-3,1.054084E-4
1.994097E2,-6.974717E-3,8.538990E-5
1.994430E2,-7.088923E-3,7.255870E-5
1.994764E2,-7.215382E-3,1.057844E-4
1.995099E2,-7.399893E-3,8.260213E-5
1.995432E2,-7.495418E-3,7.562923E-5
1.995765E2,-7.604740E-3,9.126038E-5
1.996098E2,-7.768189E-3,8.230858E-5
1.996434E2,-7.892354E-3,7.002530E-5
1.996767E2,-7.992581E-3,9.618609E-5
1.997100E2,-8.156078E-3,8.829050E-5
1.997433E2,-8.269058E-3,7.035513E-5
1.997769E2,-8.387759E-3,9.517439E-5
1.998102E2,-8.510610E-3,7.658556E-5
1.998435E2,-8.629430E-3,6.713689E-5
1.998768E2,-8.716783E-3,9.306969E-5
1.999104E2,-8.901775E-3,7.501670E-5
1.999437E2,-9.008379E-3,7.776977E-5
1.999770E2,-9.105824E-3,1.023335E-4
2.000103E2,-9.256231E-3,8.950184E-5
2.000439E2,-9.370013E-3,8.030548E-5
2.000772E2,-9.437604E-3,1.025131E-4
2.001105E2,-9.589817E-3,8.814718E-5
2.001439E2,-9.696498E-3,7.563408E-5
2.001774E2,-9.813540E-3,1.028991E-4
2.002107E2,-9.977472E-3,8.937541E-5
2.002440E2,-1.006753E-2,8.457997E-5
2.002773E2,-1.014067E-2,7.861172E-5
2.003108E2,-1.025111E-2,9.342257E-5
2.003442E2,-1.036885E-2,8.599389E-5
2.003775E2,-1.045021E-2,7.834692E-5
2.004108E2,-1.052299E-2,7.128788E-5
2.004443E2,-1.058061E-2,9.749769E-5
2.004777E2,-1.073810E-2,8.477847E-5
2.005110E2,-1.083533E-2,8.059146E-5
2.005443E2,-1.090285E-2,7.192855E-5
2.005779E2,-1.097070E-2,1.032939E-4
2.006112E2,-1.108649E-2,9.503886E-5
2.006445E2,-1.114961E-2,8.923466E-5
2.006779E2,-1.122295E-2,8.135030E-5
2.007113E2,-1.127286E-2,7.450792E-5
2.007447E2,-1.133353E-2,1.023450E-4
2.007780E2,-1.145856E-2,9.374412E-5
2.008113E2,-1.155319E-2,9.024182E-5
2.008449E2,-1.160947E-2,8.631838E-5
2.008782E2,-1.162328E-2,8.392858E-5
2.009115E2,-1.165457E-2,8.458491E-5
2.009448E2,-1.166728E-2,7.552810E-5
2.009784E2,-1.168790E-2,7.540801E-5
2.010117E2,-1.171943E-2,1.005896E-4
2.010450E2,-1.183299E-2,9.498447E-5
2.010783E2,-1.192209E-2,8.881233E-5
2.011118E2,-1.195705E-2,8.359775E-5
2.011452E2,-1.197538E-2,8.725034E-5
2.011785E2,-1.199380E-2,8.376151E-5
2.012118E2,-1.199515E-2,8.232424E-5
2.012453E2,-1.199687E-2,8.507657E-5
2.012786E2,-1.202586E-2,8.627315E-5
2.013120E2,-1.204336E-2,7.642870E-5
2.013453E2,-1.203891E-2,8.098119E-5
2.013788E2,-1.204087E-2,7.959402E-5
2.014122E2,-1.202230E-2,8.447502E-5
2.014455E2,-1.201094E-2,8.710705E-5
2.014788E2,-1.201549E-2,8.246780E-5
2.015123E2,-1.200403E-2,8.606598E-5
2.015457E2,-1.198970E-2,8.730904E-5
2.015790E2,-1.198161E-2,8.648596E-5
2.016123E2,-1.197889E-2,8.564575E-5
2.016458E2,-1.197628E-2,8.714229E-5
2.016791E2,-1.197158E-2,9.010532E-5
2.017125E2,-1.196771E-2,9.005259E-5
2.017458E2,-1.196191E-2,9.055687E-5
2.017793E2,-1.196047E-2,8.976301E-5
2.018127E2,-1.195698E-2,9.001628E-5
2.018460E2,-1.195378E-2,9.040404E-5
2.018793E2,-1.195244E-2,9.054004E-5
2.019128E2,-1.194533E-2,9.123193E-5
2.019461E2,-1.194414E-2,9.023481E-5
2.019794E2,-1.193827E-2,9.016357E-5
2.020128E2,-1.192955E-2,9.224079E-5
2.020463E2,-1.189892E-2,9.178293E-5
2.020796E2,-1.189164E-2,9.705148E-5
2.021130E2,-1.187683E-2,1.029891E-4
2.021463E2,-1.184812E-2,9.633189E-5
2.021798E2,-1.183191E-2,9.646667E-5
2.022131E2,-1.184182E-2,9.845278E-5
2.022465E2,-1.181162E-2,9.905204E-5
2.022798E2,-1.182862E-2,9.831839E-5
2.023133E2,-1.182428E-2,8.964310E-5
2.023466E2,-1.177641E-2,1.023818E-4
2.023799E2,-1.174418E-2,1.017952E-4
2.024133E2,-1.169684E-2,8.213833E-5
2.024468E2,-1.160538E-2,8.868689E-5
2.024801E2,-1.155394E-2,9.199742E-5
2.025134E2,-1.149720E-2,9.624079E-5
2.025468E2,-1.145080E-2,1.020368E-4
2.025803E2,-1.142347E-2,9.928561E-5
2.026136E2,-1.137114E-2,1.032212E-4
2.026469E2,-1.132202E-2,7.169640E-5
2.026803E2,-1.119644E-2,8.755884E-5
2.027138E2,-1.111212E-2,8.830114E-5
2.027471E2,-1.105530E-2,9.537075E-5
2.027804E2,-1.103147E-2,9.351354E-5
2.028137E2,-1.097913E-2,1.023548E-4
2.028473E2,-1.094471E-2,7.710788E-5
2.028806E2,-1.079419E-2,7.927853E-5
2.029139E2,-1.069662E-2,9.096524E-5
2.029472E2,-1.061214E-2,9.276806E-5
2.029808E2,-1.054068E-2,6.662946E-5
2.030141E2,-1.042237E-2,8.315480E-5
2.030474E2,-1.033898E-2,9.068474E-5
2.030807E2,-1.025413E-2,1.007842E-4
2.031143E2,-1.017573E-2,7.442957E-5
2.031476E2,-1.001954E-2,8.589446E-5
2.031809E2,-9.916772E-3,9.088334E-5
2.032142E2,-9.825666E-3,1.041697E-4
2.032477E2,-9.733190E-3,7.576592E-5
2.032811E2,-9.617500E-3,8.789135E-5
2.033144E2,-9.521834E-3,1.000490E-4
2.033477E2,-9.425663E-3,1.138458E-4
2.033812E2,-9.308572E-3,8.301659E-5
2.034146E2,-9.196360E-3,9.341146E-5
2.034479E2,-9.092833E-3,1.020142E-4
2.034812E2,-8.991858E-3,7.856916E-5
2.035147E2,-8.815840E-3,8.803082E-5
2.035481E2,-8.706874E-3,1.052063E-4
2.035814E2,-8.612550E-3,7.905699E-5
2.036147E2,-8.455515E-3,9.352831E-5
2.036483E2,-8.313211E-3,1.163634E-4
2.036816E2,-8.200029E-3,7.909186E-5
2.037149E2,-8.035695E-3,9.762574E-5
2.037483E2,-7.909723E-3,1.083052E-4
2.037817E2,-7.812675E-3,7.361325E-5
2.038151E2,-7.673539E-3,9.361733E-5
2.038484E2,-7.526791E-3,1.104456E-4
2.038817E2,-7.416268E-3,8.170058E-5
2.039153E2,-7.251042E-3,1.036112E-4
2.039486E2,-7.093059E-3,8.198748E-5
2.039819E2,-6.921491E-3,9.096517E-5
2.040153E2,-6.771203E-3,1.049207E-4
2.040487E2,-6.633271E-3,7.806131E-5
2.040821E2,-6.487432E-3,1.019209E-4
2.041154E2,-6.347851E-3,7.950299E-5
2.041487E2,-6.157195E-3,8.944300E-5
2.041822E2,-5.997824E-3,1.048871E-4
2.042156E2,-5.865337E-3,7.934086E-5
2.042489E2,-5.675528E-3,1.097323E-4
2.042822E2,-5.537641E-3,7.460362E-5
2.043157E2,-5.334873E-3,9.851671E-5
2.043491E2,-5.225244E-3,1.139423E-4
2.043824E2,-5.090606E-3,8.108887E-5
2.044157E2,-4.897870E-3,1.076724E-4
2.044492E2,-4.742933E-3,7.629797E-5
2.044825E2,-4.565701E-3,9.843068E-5
2.045159E2,-4.399756E-3,7.893194E-5
2.045492E2,-4.195063E-3,9.802558E-5
2.045827E2,-4.027243E-3,7.740809E-5
2.046160E2,-3.857559E-3,9.798673E-5
2.046494E2,-3.698147E-3,1.157771E-4
2.046827E2,-3.555521E-3,8.831031E-5
2.047162E2,-3.359614E-3,1.084499E-4
2.047495E2,-3.201721E-3,9.349504E-5
2.047829E2,-3.008356E-3,1.077636E-4
2.048162E2,-2.844716E-3,7.954483E-5
2.048497E2,-2.642520E-3,1.073412E-4
2.048831E2,-2.496006E-3,8.554108E-5
2.049164E2,-2.288001E-3,1.091415E-4
2.049497E2,-2.122025E-3,8.609903E-5
2.049832E2,-1.915577E-3,1.096419E-4
2.050165E2,-1.730040E-3,8.621580E-5
2.050499E2,-1.520879E-3,1.020022E-4
2.050832E2,-1.344751E-3,8.703557E-5
2.051167E2,-1.138057E-3,9.895923E-5
2.051500E2,-9.864034E-4,8.594155E-5
2.051833E2,-7.673432E-4,1.030697E-4
2.052167E2,-5.903950E-4,8.612098E-5
2.052502E2,-3.898511E-4,9.416991E-5
2.052835E2,-2.032157E-4,8.121268E-5
2.053169E2,5.146710E-6,9.640177E-5
2.053502E2,1.831118E-4,8.081072E-5
2.053837E2,3.797360E-4,9.068996E-5
2.054170E2,5.436966E-4,8.530409E-5
2.054504E2,7.578469E-4,9.681346E-5
2.054837E2,9.368433E-4,8.313258E-5
2.055173E2,1.110551E-3,8.729802E-5
2.055506E2,1.312091E-3,8.457017E-5
2.055839E2,1.554017E-3,9.156177E-5
2.056172E2,1.721404E-3,8.451243E-5
2.056507E2,1.899778E-3,8.082033E-5
2.056840E2,2.035042E-3,9.988051E-5
2.057174E2,2.180929E-3,9.097745E-5
2.057507E2,2.385922E-3,1.061513E-4
2.057842E2,2.535329E-3,9.134102E-5
2.058175E2,2.723240E-3,1.007616E-4
2.058508E2,2.896255E-3,8.520079E-5
2.058842E2,3.101220E-3,1.003992E-4
2.059177E2,3.257853E-3,9.432486E-5
2.059510E2,3.442803E-3,1.049547E-4
2.059843E2,3.607994E-3,9.063433E-5
2.060177E2,3.819645E-3,1.069014E-4
2.060512E2,3.977530E-3,9.052705E-5
2.060845E2,4.190343E-3,1.045549E-4
2.061178E2,4.356823E-3,9.211602E-5
2.061512E2,4.565232E-3,1.027322E-4
2.061847E2,4.728892E-3,8.555666E-5
2.062180E2,4.932195E-3,9.893540E-5
2.062513E2,5.080910E-3,1.144377E-4
2.062847E2,5.209092E-3,9.638140E-5
2.063183E2,5.397492E-3,1.042733E-4
2.063516E2,5.543547E-3,8.952775E-5
2.063850E2,5.731084E-3,1.015583E-4
2.064183E2,5.901515E-3,8.103075E-5
2.064517E2,6.093746E-3,1.005424E-4
2.064850E2,6.225455E-3,1.136860E-4
2.065183E2,6.340064E-3,9.100137E-5
2.065517E2,6.522603E-3,1.011745E-4
2.065852E2,6.692998E-3,8.826109E-5
2.066185E2,6.849558E-3,9.707320E-5
2.066518E2,6.975890E-3,9.755021E-5
2.066851E2,7.124076E-3,8.805759E-5
2.067187E2,7.306801E-3,1.000985E-4
2.067520E2,7.409132E-3,8.349228E-5
2.067853E2,7.589577E-3,9.682024E-5
2.068186E2,7.717812E-3,1.141374E-4
2.068522E2,7.866237E-3,9.006639E-5
2.068855E2,8.044935E-3,1.103765E-4
2.069188E2,8.179108E-3,8.577556E-5
2.069521E2,8.347322E-3,9.685283E-5
2.069856E2,8.497842E-3,1.107106E-4
2.070190E2,8.581529E-3,8.940770E-5
2.070523E2,8.754043E-3,1.040887E-4
2.070856E2,8.872042E-3,1.151477E-4
2.071191E2,8.990562E-3,9.115334E-5
2.071525E2,9.148474E-3,1.096372E-4
2.071858E2,9.265196E-3,1.218872E-4
2.072191E2,9.369433E-3,9.246843E-5
2.072526E2,9.532267E-3,1.120470E-4
2.072860E2,9.633520E-3,1.218291E-4
2.073193E2,9.724950E-3,9.351057E-5
2.073526E2,9.874385E-3,1.059549E-4
2.073861E2,1.000188E-2,1.196578E-4
2.074195E2,1.009911E-2,9.720646E-5
2.074528E2,1.025935E-2,1.051470E-4
2.074861E2,1.036377E-2,1.152399E-4
2.075196E2,1.047042E-2,8.397442E-5
2.075529E2,1.060318E-2,9.491640E-5
2.075863E2,1.070265E-2,1.113456E-4
2.076196E2,1.079536E-2,1.216397E-4
2.076531E2,1.088788E-2,9.235662E-5
2.076865E2,1.101428E-2,1.012623E-4
2.077198E2,1.110323E-2,1.104005E-4
2.077531E2,1.118249E-2,1.152544E-4
2.077866E2,1.125484E-2,8.386255E-5
2.078199E2,1.137722E-2,9.334951E-5
2.078533E2,1.145263E-2,1.037244E-4
2.078866E2,1.152428E-2,1.120922E-4
2.079201E2,1.156721E-2,1.098905E-4
2.079535E2,1.164854E-2,8.930499E-5
2.079868E2,1.175677E-2,9.395652E-5
2.080201E2,1.185021E-2,1.030331E-4
2.080536E2,1.191167E-2,1.080135E-4
2.080869E2,1.194969E-2,1.121184E-4
2.081203E2,1.197717E-2,8.827230E-5
2.081536E2,1.211461E-2,9.848648E-5
2.081871E2,1.217722E-2,1.042052E-4
2.082205E2,1.224793E-2,1.146914E-4
2.082538E2,1.230062E-2,1.148705E-4
2.082871E2,1.233668E-2,1.199142E-4
2.083206E2,1.236819E-2,9.524853E-5
2.083539E2,1.246424E-2,9.985161E-5
2.083873E2,1.252564E-2,1.025223E-4
2.084206E2,1.256539E-2,1.108802E-4
2.084541E2,1.260315E-2,1.036276E-4
2.084874E2,1.265776E-2,1.153429E-4
2.085207E2,1.266979E-2,1.172929E-4
2.085541E2,1.268645E-2,1.240519E-4
2.085876E2,1.269784E-2,1.203641E-4
2.086209E2,1.268688E-2,1.159037E-4
2.086543E2,1.268812E-2,1.219407E-4
2.086876E2,1.267123E-2,1.195656E-4
2.087211E2,1.267969E-2,1.232863E-4
2.087544E2,1.269817E-2,1.285124E-4
2.087877E2,1.268222E-2,1.214826E-4
2.088211E2,1.269560E-2,1.247903E-4
2.088546E2,1.270345E-2,1.269090E-4
2.088879E2,1.267679E-2,1.228323E-4
2.089213E2,1.267007E-2,1.234167E-4
2.089546E2,1.265524E-2,1.224661E-4
2.089881E2,1.265329E-2,1.238345E-4
2.090214E2,1.264041E-2,1.230570E-4
2.090547E2,1.263193E-2,1.231747E-4
2.090881E2,1.262492E-2,1.224522E-4
2.091216E2,1.262129E-2,1.211958E-4
2.091549E2,1.261730E-2,1.206309E-4
2.091882E2,1.261372E-2,1.201946E-4
2.092215E2,1.261145E-2,1.207012E-4
2.092552E2,1.260683E-2,1.194827E-4
2.092885E2,1.260552E-2,1.187021E-4
2.093219E2,1.259458E-2,1.159591E-4
2.093552E2,1.256846E-2,1.018298E-4
2.093886E2,1.255463E-2,1.047850E-4
2.094219E2,1.255251E-2,1.046108E-4
2.094552E2,1.253087E-2,1.061199E-4
2.094885E2,1.252366E-2,9.939935E-5
2.095221E2,1.251322E-2,1.045651E-4
2.095554E2,1.249059E-2,9.163441E-5
2.095887E2,1.246836E-2,9.619866E-5
2.096220E2,1.244856E-2,9.234423E-5
2.096556E2,1.244890E-2,8.928503E-5
2.096890E2,1.245692E-2,9.261315E-5
2.097223E2,1.242996E-2,9.041184E-5
2.097556E2,1.243153E-2,9.153059E-5
2.097891E2,1.240189E-2,8.464159E-5
2.098224E2,1.237310E-2,8.173718E-5
2.098557E2,1.237779E-2,8.243758E-5
2.098891E2,1.233908E-2,1.118417E-4
2.099226E2,1.220744E-2,9.509944E-5
2.099559E2,1.215411E-2,9.042193E-5
2.099892E2,1.211365E-2,8.770769E-5
2.100225E2,1.205098E-2,7.911454E-5
2.100560E2,1.201189E-2,7.746608E-5
2.100894E2,1.196051E-2,1.022750E-4
2.101227E2,1.182491E-2,9.548889E-5
2.101560E2,1.173223E-2,8.308363E-5
2.101895E2,1.166339E-2,7.836820E-5
2.102229E2,1.162320E-2,7.746200E-5
2.102562E2,1.159070E-2,1.028569E-4
2.102895E2,1.145008E-2,9.006371E-5
2.103230E2,1.134503E-2,7.493295E-5
2.103564E2,1.126742E-2,7.516650E-5
2.103897E2,1.118899E-2,9.796252E-5
2.104230E2,1.104246E-2,8.613517E-5
2.104565E2,1.093875E-2,7.515063E-5
2.104899E2,1.088416E-2,7.496877E-5
2.105232E2,1.080581E-2,8.699506E-5
2.105565E2,1.065342E-2,7.876549E-5
2.105901E2,1.054733E-2,7.406343E-5
2.106234E2,1.045398E-2,7.469690E-5
2.106567E2,1.034938E-2,9.049295E-5
2.106900E2,1.021164E-2,8.372203E-5
2.107235E2,1.011843E-2,8.194304E-5
2.107569E2,1.003348E-2,9.042715E-5
2.107902E2,9.881235E-3,8.318712E-5
2.108235E2,9.760890E-3,8.289869E-5
2.108571E2,9.643979E-3,1.062569E-4
2.108904E2,9.466710E-3,8.206684E-5
2.109237E2,9.357859E-3,7.238092E-5
2.109570E2,9.257693E-3,8.961565E-5
2.109905E2,9.080074E-3,7.281835E-5
2.110238E2,8.981372E-3,6.723082E-5
2.110572E2,8.863891E-3,9.208587E-5
2.110905E2,8.701513E-3,7.651413E-5
2.111241E2,8.559903E-3,6.848905E-5
2.111574E2,8.446202E-3,8.899292E-5
2.111907E2,8.280226E-3,8.111142E-5
2.112241E2,8.148633E-3,9.402657E-5
2.112575E2,7.952546E-3,8.509156E-5
2.112908E2,7.837706E-3,7.631992E-5
2.113242E2,7.704591E-3,8.722436E-5
2.113575E2,7.527199E-3,7.822955E-5
2.113910E2,7.386065E-3,9.333762E-5
2.114244E2,7.190759E-3,8.162824E-5
2.114577E2,7.041900E-3,6.940624E-5
2.114910E2,6.918398E-3,8.743507E-5
2.115245E2,6.726039E-3,7.741873E-5
2.115578E2,6.617292E-3,8.760741E-5
2.115912E2,6.417608E-3,7.598491E-5
2.116245E2,6.283154E-3,7.505366E-5
2.116582E2,6.130112E-3,8.733713E-5
2.116915E2,5.953241E-3,7.394910E-5
2.117249E2,5.798770E-3,7.709729E-5
2.117582E2,5.604578E-3,6.831528E-5
2.117915E2,5.441958E-3,9.866668E-5
2.118249E2,5.253516E-3,8.559915E-5
2.118582E2,5.125055E-3,6.262322E-5
2.118915E2,4.970638E-3,8.148702E-5
2.119250E2,4.770955E-3,8.012639E-5
2.119583E2,4.634723E-3,8.886466E-5
2.119916E2,4.457441E-3,8.221626E-5
2.120250E2,4.279104E-3,8.994026E-5
2.120585E2,4.077933E-3,6.513780E-5
2.120918E2,3.943075E-3,9.342765E-5
2.121252E2,3.734033E-3,7.850339E-5
2.121585E2,3.557445E-3,8.421666E-5
2.121920E2,3.334072E-3,7.119728E-5
2.122253E2,3.177067E-3,1.009015E-4
2.122587E2,2.958852E-3,8.644724E-5
2.122920E2,2.796716E-3,9.812194E-5
2.123255E2,2.560467E-3,6.381866E-5
2.123589E2,2.423085E-3,6.357968E-5
2.123922E2,2.288744E-3,8.769134E-5
2.124255E2,2.104941E-3,7.256292E-5
2.124590E2,1.929427E-3,8.759135E-5
2.124923E2,1.742003E-3,6.899540E-5
2.125256E2,1.583762E-3,1.006555E-4
2.125589E2,1.384000E-3,8.086778E-5
2.125925E2,1.204889E-3,9.322785E-5
2.126258E2,1.022031E-3,6.943825E-5
2.126591E2,8.678082E-4,9.593371E-5
2.126925E2,6.501715E-4,7.692452E-5
2.127260E2,4.837803E-4,1.002164E-4
2.127593E2,2.637932E-4,7.891418E-5
2.127926E2,1.039189E-4,1.016536E-4
2.128260E2,-1.198713E-4,8.543143E-5
2.128595E2,-2.777779E-4,9.654096E-5
2.128928E2,-4.726957E-4,8.007524E-5
2.129262E2,-6.329722E-4,6.599040E-5
2.129595E2,-7.894668E-4,7.624023E-5
2.129930E2,-9.604324E-4,7.290989E-5
2.130263E2,-1.129235E-3,8.794289E-5
2.130596E2,-1.348629E-3,6.123311E-5
2.130929E2,-1.479074E-3,8.565101E-5
2.131264E2,-1.676710E-3,6.928768E-5
2.131598E2,-1.809315E-3,9.607255E-5
2.131931E2,-2.024456E-3,7.053772E-5
2.132264E2,-2.177715E-3,8.940123E-5
2.132600E2,-2.398688E-3,7.570276E-5
2.132933E2,-2.562325E-3,1.059128E-4
2.133266E2,-2.773402E-3,8.050165E-5
2.133600E2,-2.936858E-3,1.028080E-4
2.133935E2,-3.167468E-3,8.203996E-5
2.134268E2,-3.295396E-3,6.760810E-5
2.134601E2,-3.411344E-3,9.939186E-5
2.134935E2,-3.605965E-3,7.429329E-5
2.135269E2,-3.758410E-3,9.692986E-5
2.135603E2,-3.958466E-3,8.216520E-5
2.135936E2,-4.090386E-3,1.143196E-4
2.136269E2,-4.304477E-3,8.537396E-5
2.136605E2,-4.475966E-3,1.118115E-4
2.136938E2,-4.653669E-3,9.079511E-5
2.137271E2,-4.794305E-3,7.632517E-5
2.137605E2,-4.908093E-3,9.977913E-5
2.137940E2,-5.111722E-3,8.096486E-5
2.138273E2,-5.256991E-3,1.069823E-4
2.138606E2,-5.454362E-3,7.872854E-5
2.138939E2,-5.584896E-3,7.131327E-5
2.139274E2,-5.718378E-3,9.360700E-5
2.139608E2,-5.871650E-3,8.186661E-5
2.139941E2,-5.991868E-3,1.110066E-4
2.140274E2,-6.190929E-3,8.614249E-5
2.140609E2,-6.347241E-3,7.585984E-5
2.140942E2,-6.447786E-3,9.379436E-5
2.141276E2,-6.617197E-3,8.123241E-5
2.141609E2,-6.758696E-3,1.098525E-4
2.141944E2,-6.960574E-3,7.562131E-5
2.142277E2,-7.062176E-3,6.708395E-5
2.142611E2,-7.168052E-3,9.434091E-5
2.142944E2,-7.359898E-3,7.787495E-5
2.143279E2,-7.489171E-3,6.197346E-5
2.143613E2,-7.605655E-3,9.643268E-5
2.143946E2,-7.744092E-3,8.008116E-5
2.144279E2,-7.859006E-3,7.409502E-5
2.144614E2,-7.968929E-3,9.454647E-5
2.144948E2,-8.110006E-3,8.030488E-5
2.145281E2,-8.211013E-3,6.572023E-5
2.145614E2,-8.311646E-3,9.391726E-5
2.145949E2,-8.502118E-3,7.871332E-5
2.146283E2,-8.602549E-3,6.724712E-5
2.146616E2,-8.693598E-3,1.006892E-4
2.146949E2,-8.867083E-3,8.163096E-5
2.147284E2,-8.979031E-3,7.338325E-5
2.147617E2,-9.044274E-3,1.086073E-4
2.147950E2,-9.208525E-3,9.371013E-5
2.148284E2,-9.303348E-3,8.293999E-5
2.148619E2,-9.391119E-3,7.794607E-5
2.148953E2,-9.475247E-3,1.054299E-4
2.149286E2,-9.623933E-3,9.579437E-5
2.149619E2,-9.724272E-3,8.517140E-5
2.149954E2,-9.798322E-3,7.340925E-5
2.150287E2,-9.840842E-3,1.055070E-4
2.150621E2,-9.975972E-3,9.084005E-5
2.150954E2,-1.006836E-2,8.128079E-5
2.151289E2,-1.012003E-2,7.126391E-5
2.151622E2,-1.020711E-2,1.060902E-4
2.151955E2,-1.034453E-2,8.809876E-5
2.152289E2,-1.043464E-2,8.467004E-5
2.152624E2,-1.051823E-2,8.011658E-5
2.152957E2,-1.055549E-2,7.517696E-5
2.153290E2,-1.055973E-2,7.736877E-5
2.153624E2,-1.061746E-2,9.566762E-5
2.153959E2,-1.073135E-2,9.177154E-5
2.154292E2,-1.082065E-2,7.728701E-5
2.154625E2,-1.087043E-2,7.287866E-5
2.154959E2,-1.092969E-2,7.241256E-5
2.155294E2,-1.096181E-2,9.227419E-5
2.155627E2,-1.107369E-2,9.030630E-5
2.155961E2,-1.114297E-2,8.165589E-5
2.156294E2,-1.118627E-2,7.667322E-5
2.156629E2,-1.122730E-2,6.995629E-5
2.156962E2,-1.127033E-2,7.000658E-5
2.157295E2,-1.129081E-2,7.227528E-5
2.157629E2,-1.131648E-2,7.034861E-5
2.157964E2,-1.134188E-2,1.025190E-4
2.158297E2,-1.142744E-2,9.596293E-5
2.158630E2,-1.149949E-2,9.434949E-5
2.158964E2,-1.152338E-2,8.823843E-5
2.159299E2,-1.156771E-2,8.711475E-5
2.159632E2,-1.159304E-2,8.387419E-5
2.159966E2,-1.162134E-2,8.370286E-5
2.160299E2,-1.162521E-2,8.947010E-5
2.160634E2,-1.163342E-2,9.002568E-5
2.160967E2,-1.161945E-2,9.141734E-5
2.161300E2,-1.162376E-2,9.230824E-5
2.161634E2,-1.161487E-2,8.884616E-5
2.161969E2,-1.163374E-2,8.369972E-5
2.162302E2,-1.161689E-2,8.816762E-5
2.162635E2,-1.160915E-2,8.659648E-5
2.162969E2,-1.159781E-2,8.697958E-5
2.163304E2,-1.159959E-2,9.369956E-5
2.163637E2,-1.158923E-2,9.506224E-5
2.163970E2,-1.158861E-2,9.273705E-5
2.164303E2,-1.158535E-2,9.517376E-5
2.164639E2,-1.159966E-2,9.350580E-5
2.164972E2,-1.159007E-2,9.310017E-5
2.165305E2,-1.158214E-2,9.446046E-5
2.165639E2,-1.157666E-2,9.423676E-5
2.165974E2,-1.155627E-2,9.180674E-5
2.166307E2,-1.155762E-2,9.196473E-5
2.166640E2,-1.155625E-2,9.255396E-5
2.166973E2,-1.155074E-2,9.285932E-5
2.167308E2,-1.153084E-2,8.934346E-5
2.167642E2,-1.153499E-2,9.053360E-5
2.167975E2,-1.150505E-2,8.975332E-5
2.168308E2,-1.149004E-2,9.685312E-5
2.168644E2,-1.147437E-2,9.226572E-5
2.168977E2,-1.145803E-2,8.563418E-5
2.169310E2,-1.145394E-2,8.574366E-5
2.169644E2,-1.145146E-2,9.349086E-5
2.169979E2,-1.141916E-2,9.073519E-5
2.170312E2,-1.140673E-2,9.495614E-5
2.170645E2,-1.138701E-2,9.458336E-5
2.170978E2,-1.138051E-2,1.010244E-4
2.171313E2,-1.134096E-2,1.096624E-4
2.171647E2,-1.134864E-2,1.072758E-4
2.171980E2,-1.133819E-2,1.088025E-4
2.172313E2,-1.133021E-2,7.619715E-5
2.172648E2,-1.121997E-2,9.351254E-5
2.172982E2,-1.112241E-2,1.001797E-4
2.173315E2,-1.108238E-2,1.056077E-4
2.173648E2,-1.102197E-2,1.079505E-4
2.173983E2,-1.094907E-2,7.190427E-5
2.174317E2,-1.084100E-2,8.080559E-5
2.174650E2,-1.077858E-2,8.684642E-5
2.174983E2,-1.070471E-2,9.829424E-5
2.175318E2,-1.064179E-2,9.951112E-5
2.175652E2,-1.058208E-2,1.084014E-4
2.175985E2,-1.051589E-2,7.418745E-5
2.176318E2,-1.039288E-2,9.079230E-5
2.176653E2,-1.030141E-2,9.669271E-5
2.176987E2,-1.025424E-2,1.015797E-4
2.177320E2,-1.021172E-2,1.081039E-4
2.177653E2,-1.015183E-2,7.177688E-5
2.177988E2,-1.002363E-2,8.018136E-5
2.178321E2,-9.900595E-3,9.288995E-5
2.178655E2,-9.806718E-3,1.071242E-4
2.178988E2,-9.740958E-3,7.232109E-5
2.179323E2,-9.611989E-3,8.298209E-5
2.179656E2,-9.510937E-3,1.041956E-4
2.179990E2,-9.436963E-3,1.085146E-4
2.180323E2,-9.363862E-3,7.660548E-5
2.180658E2,-9.192245E-3,1.006894E-4
2.180992E2,-9.089035E-3,1.062703E-4
2.181325E2,-8.991875E-3,7.060253E-5
2.181658E2,-8.831233E-3,8.708379E-5
2.181993E2,-8.713317E-3,1.043683E-4
2.182327E2,-8.639089E-3,7.255169E-5
2.182660E2,-8.478617E-3,9.450413E-5
2.182993E2,-8.367820E-3,1.040130E-4
2.183328E2,-8.203350E-3,8.654698E-5
2.183661E2,-8.067515E-3,9.716900E-5
2.183994E2,-7.962452E-3,1.068379E-4
2.184328E2,-7.833356E-3,7.503256E-5
2.184663E2,-7.668258E-3,9.520860E-5
2.184996E2,-7.561234E-3,1.108971E-4
2.185329E2,-7.455532E-3,9.057496E-5
2.185663E2,-7.293150E-3,1.014555E-4
2.185998E2,-7.133109E-3,1.164869E-4
2.186331E2,-7.030947E-3,8.286036E-5
2.186665E2,-6.865942E-3,9.596205E-5
2.186998E2,-6.722179E-3,7.434765E-5
2.187333E2,-6.535256E-3,9.077297E-5
2.187666E2,-6.416371E-3,1.033979E-4
2.188000E2,-6.297753E-3,8.712062E-5
2.188333E2,-6.119636E-3,9.905765E-5
2.188668E2,-5.963777E-3,7.114024E-5
2.189001E2,-5.765385E-3,9.043634E-5
2.189334E2,-5.612915E-3,1.042752E-4
2.189668E2,-5.494597E-3,8.143986E-5
2.190003E2,-5.305921E-3,9.776412E-5
2.190336E2,-5.195249E-3,6.778390E-5
2.190669E2,-5.000538E-3,9.282304E-5
2.191003E2,-4.837129E-3,1.127766E-4
2.191338E2,-4.718678E-3,8.028487E-5
2.191671E2,-4.531518E-3,9.897748E-5
2.192004E2,-4.383451E-3,7.619003E-5
2.192337E2,-4.186537E-3,9.705552E-5
2.192673E2,-4.023552E-3,8.097963E-5
2.193006E2,-3.853155E-3,9.563263E-5
2.193339E2,-3.695523E-3,1.181605E-4
2.193673E2,-3.554051E-3,9.204127E-5
2.194008E2,-3.356889E-3,1.069701E-4
2.194341E2,-3.231717E-3,8.368157E-5
2.194674E2,-3.044331E-3,1.008449E-4
2.195008E2,-2.866815E-3,7.608041E-5
2.195343E2,-2.656404E-3,1.026244E-4
2.195676E2,-2.522382E-3,8.308200E-5
2.196009E2,-2.321422E-3,1.050695E-4
2.196343E2,-2.157301E-3,7.867181E-5
2.196678E2,-1.926706E-3,1.020339E-4
2.197011E2,-1.748124E-3,8.530443E-5
2.197345E2,-1.552052E-3,9.521104E-5
2.197678E2,-1.377880E-3,7.765202E-5
2.198013E2,-1.165986E-3,9.732059E-5
2.198346E2,-1.018014E-3,1.132220E-4
2.198679E2,-8.914415E-4,9.326318E-5
2.199013E2,-6.921161E-4,1.052792E-4
2.199347E2,-5.309876E-4,9.276955E-5
2.199681E2,-3.445408E-4,1.007019E-4
2.200014E2,-1.820328E-4,7.884479E-5
2.200347E2,2.959592E-5,9.219178E-5
2.200683E2,2.059862E-4,8.096586E-5
2.201016E2,3.629705E-4,9.615698E-5
2.201349E2,5.347015E-4,8.120972E-5
2.201682E2,7.463787E-4,9.968205E-5
2.202018E2,9.344721E-4,8.061759E-5
2.202351E2,1.134642E-3,1.007357E-4
2.202684E2,1.310250E-3,7.922759E-5
2.203017E2,1.509134E-3,9.152127E-5
2.203353E2,1.694410E-3,8.328888E-5
2.203686E2,1.870559E-3,9.421916E-5
2.204019E2,2.029145E-3,1.123691E-4
2.204352E2,2.175260E-3,9.169284E-5
2.204687E2,2.377369E-3,1.052006E-4
2.205021E2,2.521200E-3,8.598461E-5
2.205354E2,2.716039E-3,1.004817E-4
2.205687E2,2.889246E-3,8.414232E-5
2.206022E2,3.059861E-3,9.515947E-5
2.206356E2,3.193437E-3,9.001577E-5
2.206689E2,3.404470E-3,1.036407E-4
2.207022E2,3.571468E-3,8.746938E-5
2.207358E2,3.776541E-3,1.047264E-4
2.207691E2,3.952131E-3,8.134184E-5
2.208024E2,4.143238E-3,9.301617E-5
2.208357E2,4.322780E-3,1.091722E-4
2.208692E2,4.467416E-3,9.356221E-5
2.209026E2,4.617320E-3,1.038479E-4
2.209359E2,4.763031E-3,8.519532E-5
2.209692E2,4.952678E-3,9.581817E-5
2.210027E2,5.122017E-3,9.014850E-5
2.210360E2,5.308384E-3,9.825199E-5
2.210694E2,5.459648E-3,1.053724E-4
2.211027E2,5.598794E-3,8.565895E-5
2.211362E2,5.777643E-3,9.643079E-5
2.211696E2,5.893002E-3,8.720220E-5
2.212029E2,6.069358E-3,1.030130E-4
2.212362E2,6.209201E-3,1.146959E-4
2.212697E2,6.350000E-3,9.550775E-5
2.213031E2,6.522609E-3,1.020385E-4
2.213364E2,6.660930E-3,8.937444E-5
2.213697E2,6.844004E-3,9.630908E-5
2.214032E2,6.975935E-3,1.049382E-4
2.214365E2,7.080600E-3,8.976729E-5
2.214699E2,7.242450E-3,1.028825E-4
2.215032E2,7.378807E-3,1.186487E-4
2.215367E2,7.502322E-3,8.657114E-5
2.215700E2,7.659934E-3,1.091715E-4
2.216033E2,7.790432E-3,8.144915E-5
2.216367E2,7.968382E-3,1.037494E-4
2.216702E2,8.111600E-3,1.097336E-4
2.217035E2,8.205787E-3,9.596399E-5
2.217368E2,8.356116E-3,1.058649E-4
2.217702E2,8.474787E-3,1.111515E-4
2.218037E2,8.606697E-3,9.350395E-5
2.218370E2,8.766417E-3,1.063311E-4
2.218703E2,8.888465E-3,1.167409E-4
2.219037E2,8.986718E-3,8.978566E-5
2.219372E2,9.131908E-3,9.980089E-5
2.219705E2,9.222059E-3,1.108562E-4
2.220039E2,9.328890E-3,9.201882E-5
2.220372E2,9.472390E-3,1.045960E-4
2.220707E2,9.586616E-3,1.093797E-4
2.221040E2,9.686594E-3,8.593554E-5
2.221373E2,9.851979E-3,9.798539E-5
2.221707E2,9.960946E-3,1.079855E-4
2.222042E2,1.005385E-2,1.152595E-4
2.222375E2,1.010891E-2,8.856885E-5
2.222709E2,1.025225E-2,1.003324E-4
2.223042E2,1.035176E-2,1.135650E-4
2.223377E2,1.045035E-2,8.943224E-5
2.223710E2,1.059107E-2,9.585981E-5
2.224044E2,1.069513E-2,9.777352E-5
2.224377E2,1.077931E-2,1.119359E-4
2.224712E2,1.084722E-2,8.043350E-5
2.225045E2,1.097566E-2,9.562800E-5
2.225379E2,1.105220E-2,1.058784E-4
2.225712E2,1.112927E-2,1.114332E-4
2.226047E2,1.115223E-2,1.139287E-4
2.226380E2,1.124668E-2,9.104672E-5
2.226713E2,1.136871E-2,1.003032E-4
2.227047E2,1.145228E-2,1.006901E-4
2.227382E2,1.152948E-2,1.117388E-4
2.227715E2,1.155994E-2,1.192220E-4
2.228049E2,1.157388E-2,1.228830E-4
2.228382E2,1.161238E-2,9.147425E-5
2.228717E2,1.171513E-2,9.663677E-5
2.229050E2,1.181650E-2,1.060814E-4
2.229383E2,1.186412E-2,1.098897E-4
2.229717E2,1.192014E-2,1.145025E-4
2.230052E2,1.194786E-2,1.220396E-4
2.230385E2,1.196409E-2,1.229130E-4
2.230719E2,1.196818E-2,1.253858E-4
2.231052E2,1.196657E-2,1.214292E-4
2.231386E2,1.198159E-2,9.423266E-5
2.231720E2,1.209748E-2,1.098532E-4
2.232053E2,1.216062E-2,1.086807E-4
2.232386E2,1.220159E-2,1.069936E-4
2.232722E2,1.224104E-2,1.148524E-4
2.233055E2,1.225181E-2,1.134582E-4
2.233388E2,1.225579E-2,1.176030E-4
2.233721E2,1.225216E-2,1.122872E-4
2.234057E2,1.227413E-2,1.200027E-4
2.234390E2,1.226345E-2,1.163769E-4
2.234723E2,1.229844E-2,1.269091E-4
2.235056E2,1.229548E-2,1.219651E-4
2.235392E2,1.230086E-2,1.238251E-4
2.235725E2,1.228007E-2,1.212660E-4
2.236058E2,1.227869E-2,1.205832E-4
2.236391E2,1.226877E-2,1.201679E-4
2.236727E2,1.225863E-2,1.156067E-4
2.237060E2,1.226313E-2,1.190057E-4
2.237393E2,1.223892E-2,1.158235E-4
2.237726E2,1.223455E-2,1.161003E-4
2.238061E2,1.225105E-2,1.186675E-4
2.238395E2,1.224303E-2,1.189069E-4
2.238728E2,1.223677E-2,1.180700E-4
2.239061E2,1.223294E-2,1.194428E-4
2.239397E2,1.222540E-2,1.183194E-4
2.239730E2,1.222292E-2,1.184673E-4
2.240063E2,1.221730E-2,1.153258E-4
2.240396E2,1.220835E-2,1.128462E-4
2.240731E2,1.218750E-2,1.116530E-4
2.241065E2,1.218714E-2,1.118332E-4
2.241398E2,1.215672E-2,1.076117E-4
2.241731E2,1.215474E-2,1.050905E-4
2.242066E2,1.213497E-2,1.019399E-4
2.242399E2,1.212307E-2,1.004071E-4
2.242733E2,1.209876E-2,9.973791E-5
2.243066E2,1.209636E-2,1.048375E-4
2.243401E2,1.207674E-2,9.272849E-5
2.243735E2,1.206592E-2,8.998460E-5
2.244068E2,1.206092E-2,9.183025E-5
2.244401E2,1.204962E-2,8.719443E-5
2.244736E2,1.204163E-2,9.035401E-5
2.245070E2,1.200384E-2,8.110751E-5
2.245403E2,1.198944E-2,7.868038E-5
2.245736E2,1.195663E-2,1.042548E-4
2.246071E2,1.184156E-2,9.642901E-5
2.246404E2,1.177813E-2,8.925300E-5
2.246738E2,1.173697E-2,8.916119E-5
2.247071E2,1.167888E-2,8.640908E-5
2.247407E2,1.167204E-2,8.114993E-5
2.247740E2,1.159611E-2,7.435098E-5
2.248073E2,1.156668E-2,1.086088E-4
2.248406E2,1.143700E-2,9.985539E-5
2.248741E2,1.134482E-2,7.661360E-5
2.249074E2,1.129370E-2,7.671371E-5
2.249407E2,1.126649E-2,7.115158E-5
2.249741E2,1.119521E-2,8.860090E-5
2.250076E2,1.106653E-2,9.352686E-5
2.250409E2,1.095735E-2,8.053016E-5
2.250743E2,1.088326E-2,7.334128E-5
2.251076E2,1.080754E-2,9.360072E-5
2.251411E2,1.066260E-2,8.620084E-5
2.251744E2,1.058281E-2,8.280935E-5
2.252078E2,1.050279E-2,7.091606E-5
2.252411E2,1.043720E-2,9.276158E-5
2.252746E2,1.027175E-2,8.403746E-5
2.253079E2,1.016668E-2,8.178222E-5
2.253412E2,1.007289E-2,7.418062E-5
2.253746E2,9.995792E-3,9.234601E-5
2.254082E2,9.831479E-3,8.124194E-5
2.254415E2,9.760184E-3,8.129669E-5
2.254748E2,9.672612E-3,9.357203E-5
2.255081E2,9.512765E-3,8.711100E-5
2.255416E2,9.364793E-3,8.289887E-5
2.255749E2,9.278845E-3,1.016136E-4
2.256083E2,9.105793E-3,8.490670E-5
2.256416E2,8.987815E-3,8.556535E-5
2.256751E2,8.883960E-3,1.000609E-4
2.257084E2,8.734105E-3,8.830402E-5
2.257417E2,8.614899E-3,7.517955E-5
2.257751E2,8.493722E-3,9.202638E-5
2.258086E2,8.314826E-3,8.998303E-5
2.258419E2,8.194226E-3,7.418639E-5
2.258752E2,8.094601E-3,9.869756E-5
2.259086E2,7.906346E-3,8.831095E-5
2.259421E2,7.777897E-3,6.644321E-5
2.259754E2,7.688576E-3,8.507589E-5
2.260087E2,7.531245E-3,7.714095E-5
2.260421E2,7.414369E-3,7.232332E-5
2.260756E2,7.274885E-3,8.295920E-5
2.261089E2,7.112306E-3,6.936165E-5
2.261423E2,6.977471E-3,8.775175E-5
2.261756E2,6.785851E-3,8.061309E-5
2.262091E2,6.655314E-3,6.684075E-5
2.262424E2,6.542840E-3,8.633003E-5
2.262757E2,6.379573E-3,7.146887E-5
2.263091E2,6.227666E-3,9.064467E-5
2.263425E2,6.021634E-3,7.751222E-5
2.263759E2,5.879028E-3,6.114097E-5
2.264092E2,5.746827E-3,7.885446E-5
2.264425E2,5.566910E-3,7.581917E-5
2.264761E2,5.406297E-3,8.794147E-5
2.265094E2,5.245064E-3,7.167475E-5
2.265427E2,5.105003E-3,6.201063E-5
2.265760E2,4.986676E-3,7.912406E-5
2.266096E2,4.790011E-3,7.020497E-5
2.266429E2,4.631233E-3,8.705857E-5
2.266762E2,4.455759E-3,8.372917E-5
2.267095E2,4.293943E-3,9.161536E-5
2.267430E2,4.090894E-3,6.943662E-5
2.267764E2,3.957443E-3,6.977389E-5
2.268097E2,3.826811E-3,8.676720E-5
2.268430E2,3.635486E-3,7.893599E-5
2.268765E2,3.474082E-3,9.610208E-5
2.269099E2,3.302262E-3,8.417388E-5
2.269432E2,3.135955E-3,9.249252E-5
2.269765E2,2.935687E-3,7.862397E-5
2.270100E2,2.765435E-3,9.206261E-5
2.270434E2,2.584797E-3,8.100642E-5
2.270767E2,2.427363E-3,7.053282E-5
2.271100E2,2.271426E-3,8.217891E-5
2.271435E2,2.086614E-3,7.213700E-5
2.271769E2,1.932897E-3,9.194619E-5
2.272102E2,1.755494E-3,7.648711E-5
2.272435E2,1.595574E-3,8.557314E-5
2.272771E2,1.381029E-3,7.577205E-5
2.273104E2,1.239430E-3,8.901432E-5
2.273437E2,1.047673E-3,7.678263E-5
2.273771E2,8.718530E-4,8.210673E-5
2.274106E2,6.510293E-4,7.318997E-5
2.274439E2,4.910478E-4,8.493283E-5
2.274772E2,2.834784E-4,7.741472E-5
2.275105E2,1.182512E-4,8.913817E-5
2.275440E2,-1.049588E-4,7.851979E-5
2.275774E2,-2.467283E-4,5.748191E-5
2.276107E2,-3.746248E-4,7.587485E-5
2.276440E2,-5.564225E-4,6.748015E-5
2.276775E2,-7.295523E-4,8.633666E-5
2.277109E2,-9.178712E-4,6.651335E-5
2.277442E2,-1.076194E-3,8.967329E-5
2.277775E2,-1.278958E-3,6.984281E-5
2.278110E2,-1.437756E-3,8.798508E-5
2.278444E2,-1.627233E-3,8.068781E-5
2.278777E2,-1.764552E-3,6.489742E-5
2.279110E2,-1.922350E-3,8.682154E-5
2.279445E2,-2.106381E-3,7.461437E-5
2.279778E2,-2.245314E-3,9.249036E-5
2.280112E2,-2.421343E-3,8.347692E-5
2.280445E2,-2.593592E-3,1.029554E-4
2.280780E2,-2.797829E-3,8.297791E-5
2.281114E2,-2.921703E-3,7.432837E-5
2.281447E2,-3.051087E-3,8.654214E-5
2.281780E2,-3.225666E-3,7.797508E-5
2.282115E2,-3.394625E-3,1.002381E-4
2.282448E2,-3.574205E-3,8.325659E-5
2.282782E2,-3.726757E-3,1.035599E-4
2.283115E2,-3.909514E-3,8.943878E-5
2.283450E2,-4.068202E-3,7.685572E-5
2.283784E2,-4.182623E-3,9.082343E-5
2.284117E2,-4.349100E-3,8.099677E-5
2.284450E2,-4.484052E-3,9.638240E-5
2.284785E2,-4.689472E-3,8.628137E-5
2.285118E2,-4.824748E-3,6.728418E-5
2.285452E2,-4.960625E-3,9.190890E-5
2.285785E2,-5.113432E-3,7.251940E-5
2.286120E2,-5.280740E-3,9.388000E-5
2.286453E2,-5.438714E-3,7.906529E-5
2.286787E2,-5.563685E-3,6.206310E-5
2.287120E2,-5.678023E-3,8.233197E-5
2.287455E2,-5.866057E-3,7.494122E-5
2.287788E2,-6.006076E-3,9.127790E-5
2.288121E2,-6.182687E-3,7.284244E-5
2.288455E2,-6.315941E-3,6.580747E-5
2.288790E2,-6.458307E-3,8.820251E-5
2.289123E2,-6.600290E-3,7.777433E-5
2.289457E2,-6.719573E-3,6.446578E-5
2.289790E2,-6.824180E-3,8.492140E-5
2.290125E2,-7.017652E-3,7.487271E-5
2.290458E2,-7.115665E-3,7.097267E-5
2.290791E2,-7.208122E-3,8.670792E-5
2.291124E2,-7.365427E-3,7.659786E-5
2.291460E2,-7.496065E-3,7.554444E-5
2.291793E2,-7.563474E-3,9.901009E-5
2.292127E2,-7.720762E-3,9.105250E-5
2.292460E2,-7.833274E-3,7.781987E-5
2.292795E2,-7.941070E-3,9.949674E-5
2.293128E2,-8.093267E-3,8.965276E-5
2.293461E2,-8.216477E-3,7.710696E-5
2.293795E2,-8.306076E-3,9.996486E-5
2.294130E2,-8.473866E-3,9.097883E-5
2.294463E2,-8.557993E-3,8.522763E-5
2.294797E2,-8.620178E-3,8.683398E-5
2.295130E2,-8.702886E-3,9.970972E-5
2.295465E2,-8.869024E-3,8.292479E-5
2.295798E2,-8.973416E-3,7.867473E-5
2.296131E2,-9.049670E-3,1.030558E-4
2.296464E2,-9.203715E-3,9.861163E-5
2.296800E2,-9.316568E-3,8.197957E-5
2.297133E2,-9.375797E-3,7.191757E-5
2.297466E2,-9.422721E-3,9.810087E-5
2.297800E2,-9.576683E-3,8.436959E-5
2.298135E2,-9.664047E-3,7.735278E-5
2.298468E2,-9.754521E-3,6.354632E-5
2.298801E2,-9.816619E-3,9.343959E-5
2.299135E2,-9.960870E-3,8.003308E-5
2.299470E2,-1.004633E-2,8.390557E-5
2.299803E2,-1.010803E-2,7.488833E-5
2.300137E2,-1.012868E-2,6.814813E-5
2.300470E2,-1.017806E-2,6.687443E-5
2.300804E2,-1.018310E-2,7.120110E-5
2.301138E2,-1.026583E-2,7.820969E-5
2.301471E2,-1.037631E-2,8.411879E-5
2.301804E2,-1.045087E-2,7.096172E-5
2.302139E2,-1.051198E-2,6.950915E-5
2.302473E2,-1.050821E-2,8.084081E-5
2.302806E2,-1.053582E-2,8.008814E-5
2.303139E2,-1.055021E-2,8.150320E-5
2.303474E2,-1.056834E-2,1.019140E-4
2.303808E2,-1.071487E-2,9.601889E-5
2.304141E2,-1.076754E-2,9.438445E-5
2.304474E2,-1.081921E-2,9.094648E-5
2.304809E2,-1.085207E-2,8.735937E-5
2.305143E2,-1.086370E-2,8.896693E-5
2.305476E2,-1.088375E-2,8.340502E-5
2.305809E2,-1.087788E-2,8.917165E-5
2.306144E2,-1.089461E-2,8.839613E-5
2.306478E2,-1.089939E-2,8.855998E-5
2.306811E2,-1.091638E-2,9.101186E-5
2.307144E2,-1.091076E-2,8.836503E-5
2.307479E2,-1.091496E-2,8.361813E-5
2.307813E2,-1.090426E-2,9.017379E-5
2.308146E2,-1.090681E-2,9.491819E-5
2.308479E2,-1.088245E-2,9.482269E-5
2.308815E2,-1.088876E-2,8.688781E-5
2.309148E2,-1.087414E-2,8.653996E-5
2.309481E2,-1.086313E-2,9.061785E-5
2.309814E2,-1.086968E-2,8.511776E-5
2.310152E2,-1.086529E-2,8.302816E-5
2.310485E2,-1.085629E-2,8.795178E-5
2.310818E2,-1.085441E-2,8.925614E-5
2.311152E2,-1.084701E-2,9.195764E-5
2.311484E2,-1.084966E-2,9.511534E-5
2.311817E2,-1.084530E-2,9.520469E-5
2.312151E2,-1.082056E-2,9.303501E-5
2.312484E2,-1.081930E-2,9.329831E-5
2.312819E2,-1.083090E-2,9.113025E-5
2.313153E2,-1.082642E-2,9.267779E-5
2.313486E2,-1.082263E-2,9.363582E-5
2.313819E2,-1.080354E-2,9.733411E-5
2.314154E2,-1.078146E-2,9.571853E-5
2.314487E2,-1.078417E-2,9.774055E-5
2.314821E2,-1.077309E-2,1.010752E-4
2.315154E2,-1.073329E-2,1.044851E-4
2.315489E2,-1.074048E-2,9.717391E-5
2.315823E2,-1.072923E-2,9.791312E-5
2.316156E2,-1.070731E-2,9.720148E-5
2.316489E2,-1.071587E-2,9.838487E-5
2.316824E2,-1.069250E-2,1.087369E-4
2.317157E2,-1.066650E-2,1.084161E-4
2.317490E2,-1.065885E-2,1.011202E-4
2.317824E2,-1.064266E-2,1.035346E-4
2.318159E2,-1.062898E-2,9.718766E-5
2.318492E2,-1.063748E-2,9.591219E-5
2.318826E2,-1.062808E-2,9.918111E-5
2.319159E2,-1.062224E-2,9.242380E-5
2.319494E2,-1.058988E-2,1.031866E-4
2.319827E2,-1.058324E-2,9.746703E-5
2.320161E2,-1.054660E-2,7.305100E-5
2.320494E2,-1.043592E-2,7.531564E-5
2.320829E2,-1.034830E-2,7.983587E-5
2.321162E2,-1.029680E-2,8.810555E-5
2.321496E2,-1.028477E-2,9.096712E-5
2.321829E2,-1.023678E-2,9.947475E-5
2.322164E2,-1.020367E-2,1.087429E-4
2.322497E2,-1.015651E-2,6.251022E-5
2.322830E2,-1.002376E-2,7.097986E-5
2.323164E2,-9.940078E-3,7.540151E-5
2.323499E2,-9.870105E-3,8.442596E-5
2.323832E2,-9.826243E-3,9.727895E-5
2.324166E2,-9.788595E-3,6.306211E-5
2.324499E2,-9.651819E-3,7.800959E-5
2.324834E2,-9.575187E-3,9.475848E-5
2.325167E2,-9.474214E-3,9.313570E-5
2.325501E2,-9.396927E-3,7.626926E-5
2.325834E2,-9.259535E-3,8.497635E-5
2.326169E2,-9.152498E-3,9.512654E-5
2.326502E2,-9.091911E-3,1.071621E-4
2.326835E2,-9.022321E-3,8.956004E-5
2.327169E2,-8.878705E-3,9.734412E-5
2.327503E2,-8.775043E-3,1.080895E-4
2.327837E2,-8.651906E-3,7.990574E-5
2.328170E2,-8.504028E-3,8.650678E-5
2.328503E2,-8.387092E-3,9.915951E-5
2.328839E2,-8.284700E-3,1.061276E-4
2.329172E2,-8.219096E-3,7.958368E-5
2.329505E2,-8.070435E-3,1.035792E-4
2.329839E2,-7.963406E-3,1.053964E-4
2.330174E2,-7.846365E-3,8.418231E-5
2.330507E2,-7.699656E-3,8.822107E-5
2.330840E2,-7.575900E-3,1.007684E-4
2.331174E2,-7.464031E-3,8.193314E-5
2.331509E2,-7.303122E-3,8.645367E-5
2.331842E2,-7.203117E-3,1.012417E-4
2.332175E2,-7.100872E-3,7.234015E-5
2.332508E2,-6.942866E-3,8.303149E-5
2.332844E2,-6.770047E-3,9.234919E-5
2.333177E2,-6.679644E-3,7.060553E-5
2.333511E2,-6.530125E-3,8.684403E-5
2.333844E2,-6.403718E-3,1.001362E-4
2.334179E2,-6.275724E-3,6.201486E-5
2.334512E2,-6.133033E-3,8.706352E-5
2.334845E2,-6.005206E-3,1.001159E-4
2.335178E2,-5.890898E-3,7.243373E-5
2.335514E2,-5.703429E-3,9.270739E-5
2.335847E2,-5.560790E-3,6.876561E-5
2.336180E2,-5.401972E-3,8.768312E-5
2.336513E2,-5.256499E-3,9.932434E-5
2.336849E2,-5.122119E-3,7.586692E-5
2.337182E2,-4.974122E-3,1.016657E-4
2.337515E2,-4.824934E-3,7.828265E-5
2.337849E2,-4.646384E-3,9.829533E-5
2.338183E2,-4.480998E-3,1.126055E-4
2.338517E2,-4.358819E-3,8.760576E-5
2.338850E2,-4.167504E-3,1.126142E-4
2.339183E2,-4.023513E-3,8.295356E-5
2.339518E2,-3.828982E-3,1.047741E-4
2.339851E2,-3.722164E-3,1.185862E-4
2.340185E2,-3.595991E-3,8.386878E-5
2.340518E2,-3.417737E-3,1.070472E-4
2.340853E2,-3.255853E-3,8.722325E-5
2.341187E2,-3.069312E-3,1.113320E-4
2.341520E2,-2.911659E-3,7.879196E-5
2.341853E2,-2.699975E-3,9.942752E-5
2.342188E2,-2.531929E-3,7.847032E-5
2.342522E2,-2.352364E-3,9.154147E-5
2.342855E2,-2.208402E-3,1.017089E-4
2.343188E2,-2.060345E-3,8.159693E-5
2.343523E2,-1.861540E-3,9.814428E-5
2.343856E2,-1.721475E-3,7.722269E-5
2.344190E2,-1.539738E-3,9.083592E-5
2.344523E2,-1.367091E-3,7.088401E-5
2.344858E2,-1.160946E-3,8.243515E-5
2.345191E2,-1.023453E-3,9.835960E-5
2.345525E2,-9.019565E-4,8.027639E-5
2.345858E2,-7.086123E-4,9.710314E-5
2.346193E2,-5.531791E-4,7.614516E-5
2.346527E2,-3.751969E-4,9.035704E-5
2.346860E2,-2.130651E-4,7.166451E-5
2.347193E2,-2.429357E-6,9.120464E-5
2.347528E2,1.614307E-4,7.831869E-5
2.347862E2,3.388694E-4,9.067802E-5
2.348195E2,4.885393E-4,1.095031E-4
2.348528E2,6.228680E-4,8.553899E-5
2.348863E2,8.206631E-4,1.094327E-4
2.349197E2,9.798376E-4,8.893586E-5
2.349530E2,1.164514E-3,1.089470E-4
2.349863E2,1.331178E-3,8.473856E-5
2.350198E2,1.527112E-3,1.023693E-4
2.350531E2,1.673676E-3,9.111264E-5
2.350865E2,1.851243E-3,1.048489E-4
2.351198E2,2.013076E-3,1.188574E-4
2.351533E2,2.167184E-3,9.625884E-5
2.351866E2,2.364822E-3,1.108004E-4
2.352200E2,2.504251E-3,8.923427E-5
2.352533E2,2.686632E-3,1.047645E-4
2.352868E2,2.846592E-3,8.679557E-5
2.353201E2,3.029176E-3,1.048760E-4
2.353535E2,3.186707E-3,8.645806E-5
2.353868E2,3.375921E-3,9.440864E-5
2.354203E2,3.555955E-3,1.114521E-4
2.354537E2,3.692565E-3,9.055945E-5
2.354870E2,3.831570E-3,9.827391E-5
2.355203E2,4.013986E-3,8.359642E-5
2.355538E2,4.189247E-3,8.837724E-5
2.355871E2,4.316821E-3,1.033409E-4
2.356205E2,4.435970E-3,8.393141E-5
2.356538E2,4.606221E-3,9.630766E-5
2.356873E2,4.765310E-3,8.513806E-5
2.357206E2,4.947918E-3,8.903674E-5
2.357539E2,5.098110E-3,7.762292E-5
2.357873E2,5.294287E-3,8.967986E-5
2.358208E2,5.442612E-3,1.016738E-4
2.358541E2,5.550309E-3,8.400168E-5
2.358874E2,5.719781E-3,1.000680E-4
2.359208E2,5.862004E-3,8.524659E-5
2.359543E2,6.051684E-3,1.010866E-4
2.359876E2,6.191697E-3,1.096911E-4
2.360209E2,6.312393E-3,8.959501E-5
2.360543E2,6.484346E-3,1.066854E-4
2.360878E2,6.637170E-3,9.436309E-5
2.361211E2,6.791792E-3,1.012061E-4
2.361544E2,6.912068E-3,1.156432E-4
2.361877E2,7.037499E-3,9.835636E-5
2.362213E2,7.221686E-3,1.014151E-4
2.362546E2,7.366417E-3,1.142086E-4
2.362879E2,7.467883E-3,9.670004E-5
2.363213E2,7.628822E-3,1.031699E-4
2.363548E2,7.753450E-3,1.105462E-4
2.363881E2,7.828617E-3,9.378843E-5
2.364214E2,7.975270E-3,1.057475E-4
2.364548E2,8.099903E-3,1.142029E-4
2.364883E2,8.231604E-3,9.005535E-5
2.365216E2,8.363552E-3,9.839642E-5
2.365549E2,8.474551E-3,1.019152E-4
2.365882E2,8.557976E-3,7.994866E-5
2.366217E2,8.737593E-3,9.336987E-5
2.366551E2,8.825760E-3,1.022415E-4
2.366884E2,8.921552E-3,8.356162E-5
2.367217E2,9.071499E-3,9.115545E-5
2.367553E2,9.188134E-3,1.089740E-4
2.367886E2,9.284016E-3,1.065664E-4
2.368219E2,9.358609E-3,8.976773E-5
2.368553E2,9.491385E-3,9.629487E-5
2.368888E2,9.607132E-3,1.003675E-4
2.369221E2,9.673796E-3,1.106475E-4
2.369555E2,9.741299E-3,9.103523E-5
2.369888E2,9.865137E-3,1.011724E-4
2.370223E2,9.959971E-3,1.127628E-4
2.370556E2,1.004970E-2,1.182284E-4
2.370889E2,1.011743E-2,9.350386E-5
2.371222E2,1.024955E-2,1.071742E-4
2.371557E2,1.034299E-2,1.131483E-4
2.371890E2,1.039802E-2,1.206104E-4
2.372224E2,1.044669E-2,8.947700E-5
2.372557E2,1.058468E-2,1.014520E-4
2.372892E2,1.066265E-2,1.100657E-4
2.373226E2,1.074642E-2,1.199408E-4
2.373559E2,1.081011E-2,1.227190E-4
2.373892E2,1.084893E-2,8.607844E-5
2.374227E2,1.097733E-2,1.065445E-4
2.374561E2,1.103761E-2,1.131701E-4
2.374894E2,1.107686E-2,1.096979E-4
2.375227E2,1.114028E-2,1.146563E-4
2.375562E2,1.114649E-2,1.191257E-4
2.375895E2,1.121821E-2,8.628140E-5
2.376229E2,1.134384E-2,9.334941E-5
2.376562E2,1.140484E-2,1.014901E-4
2.376897E2,1.147239E-2,1.010756E-4
2.377231E2,1.147297E-2,1.052390E-4
2.377564E2,1.151726E-2,1.134210E-4
2.377897E2,1.152021E-2,1.140043E-4
2.378232E2,1.154733E-2,1.172852E-4
2.378566E2,1.158582E-2,1.259832E-4
2.378899E2,1.158043E-2,1.228959E-4
2.379232E2,1.160235E-2,8.854064E-5
2.379567E2,1.168812E-2,9.187659E-5
2.379900E2,1.174287E-2,9.217981E-5
2.380234E2,1.178955E-2,9.960641E-5
2.380567E2,1.179768E-2,1.044766E-4
2.380902E2,1.183007E-2,1.080049E-4
2.381235E2,1.184496E-2,1.125525E-4
2.381569E2,1.185879E-2,1.149320E-4
2.381902E2,1.186865E-2,1.171567E-4
2.382237E2,1.186883E-2,1.232781E-4
2.382571E2,1.186514E-2,1.205552E-4
2.382904E2,1.186411E-2,1.176621E-4
2.383237E2,1.185519E-2,1.150217E-4
2.383572E2,1.187605E-2,1.230663E-4
2.383905E2,1.185556E-2,1.184788E-4
2.384239E2,1.184889E-2,1.195913E-4
2.384572E2,1.184227E-2,1.174744E-4
2.384907E2,1.183780E-2,1.140273E-4
2.385241E2,1.183495E-2,1.154916E-4
2.385574E2,1.183077E-2,1.132756E-4
2.385907E2,1.183266E-2,1.129313E-4
2.386242E2,1.182549E-2,1.132982E-4
2.386575E2,1.182204E-2,1.109175E-4
2.386908E2,1.182272E-2,1.127115E-4
2.387242E2,1.181895E-2,1.110539E-4
2.387577E2,1.178755E-2,9.565372E-5
2.387910E2,1.178895E-2,9.764281E-5
2.388243E2,1.175725E-2,9.375512E-5
2.388577E2,1.176113E-2,9.421908E-5
2.388912E2,1.174649E-2,9.689741E-5
2.389245E2,1.174154E-2,9.040857E-5
2.389579E2,1.170637E-2,8.290716E-5
2.389912E2,1.171031E-2,8.064027E-5
2.390247E2,1.167932E-2,8.209179E-5
2.390580E2,1.169239E-2,8.442162E-5
2.390914E2,1.166750E-2,7.729640E-5
2.391247E2,1.166667E-2,7.971511E-5
2.391582E2,1.165553E-2,7.910806E-5
2.391915E2,1.162633E-2,8.129547E-5
2.392249E2,1.161515E-2,8.266115E-5
2.392582E2,1.157782E-2,1.044703E-4
2.392917E2,1.145623E-2,1.011406E-4
2.393250E2,1.139633E-2,1.012635E-4
2.393583E2,1.135200E-2,9.312472E-5
2.393917E2,1.130425E-2,8.764807E-5
2.394252E2,1.127644E-2,8.765760E-5
2.394585E2,1.121819E-2,8.390642E-5
2.394918E2,1.116330E-2,1.057709E-4
2.395252E2,1.105187E-2,1.012265E-4
2.395587E2,1.096608E-2,9.002900E-5
2.395920E2,1.092464E-2,8.865426E-5
2.396253E2,1.089544E-2,8.850633E-5
2.396587E2,1.083061E-2,8.051346E-5
2.396922E2,1.079443E-2,9.270785E-5
2.397255E2,1.063531E-2,8.640478E-5
2.397588E2,1.055405E-2,8.255499E-5
2.397921E2,1.048178E-2,7.763999E-5
2.398258E2,1.038599E-2,9.245245E-5
2.398591E2,1.026474E-2,8.578855E-5
2.398924E2,1.018087E-2,6.901896E-5
2.399257E2,1.011361E-2,6.804133E-5
2.399595E2,1.003304E-2,7.968681E-5
2.399928E2,9.869753E-3,7.308057E-5
2.400261E2,9.762647E-3,6.750864E-5
2.400594E2,9.673870E-3,9.092896E-5
2.400927E2,9.506846E-3,7.656994E-5
2.401260E2,9.421144E-3,7.588557E-5
2.401593E2,9.342163E-3,6.562686E-5
2.401927E2,9.253921E-3,8.079660E-5
2.402261E2,9.084238E-3,7.406236E-5
2.402595E2,8.985481E-3,7.090217E-5
2.402928E2,8.873584E-3,9.753040E-5
2.403261E2,8.715766E-3,8.378040E-5
2.403596E2,8.592004E-3,7.719116E-5
2.403930E2,8.518448E-3,9.589406E-5
2.404263E2,8.356858E-3,8.618663E-5
2.404596E2,8.236034E-3,7.872880E-5
2.404933E2,8.112710E-3,1.000950E-4
2.405266E2,7.953560E-3,9.717227E-5
2.405599E2,7.824271E-3,8.755769E-5
2.405932E2,7.704702E-3,1.058258E-4
2.406266E2,7.545714E-3,9.505235E-5
2.406600E2,7.441046E-3,8.322599E-5
2.406933E2,7.326151E-3,9.649198E-5
2.407266E2,7.165559E-3,8.539824E-5
2.407601E2,7.011926E-3,8.319226E-5
2.407935E2,6.903489E-3,9.534350E-5
2.408268E2,6.764102E-3,8.891675E-5
2.408601E2,6.623193E-3,9.862469E-5
2.408936E2,6.427223E-3,7.733762E-5
2.409270E2,6.305661E-3,7.214727E-5
2.409603E2,6.184631E-3,8.572928E-5
2.409936E2,5.998311E-3,7.006533E-5
2.410271E2,5.867203E-3,5.553402E-5
2.410605E2,5.739918E-3,7.302592E-5
2.410938E2,5.563930E-3,7.031810E-5
2.411271E2,5.425805E-3,7.400318E-5
2.411607E2,5.237638E-3,6.922885E-5
2.411940E2,5.123251E-3,5.776388E-5
2.412273E2,5.009031E-3,7.281798E-5
2.412606E2,4.818678E-3,6.270373E-5
2.412941E2,4.659926E-3,7.702141E-5
2.413274E2,4.476546E-3,7.087979E-5
2.413608E2,4.321610E-3,8.474855E-5
2.413941E2,4.115069E-3,7.642556E-5
2.414276E2,3.965007E-3,6.035746E-5
2.414609E2,3.846904E-3,7.544764E-5
2.414943E2,3.693646E-3,7.119096E-5
2.415276E2,3.523295E-3,8.864116E-5
2.415611E2,3.326226E-3,7.937804E-5
2.415945E2,3.161424E-3,9.615033E-5
2.416278E2,2.965701E-3,8.441199E-5
2.416611E2,2.809764E-3,7.816655E-5
2.416947E2,2.670691E-3,9.176159E-5
2.417280E2,2.528314E-3,8.495719E-5
2.417613E2,2.365559E-3,9.199131E-5
2.417946E2,2.177712E-3,8.073407E-5
2.418281E2,1.991171E-3,9.973171E-5
2.418614E2,1.820051E-3,9.868325E-5
2.418947E2,1.680636E-3,8.006620E-5
2.419281E2,1.516177E-3,9.015691E-5
2.419616E2,1.348318E-3,8.276419E-5
2.419950E2,1.224831E-3,1.015325E-4
2.420283E2,1.032195E-3,7.884751E-5
2.420616E2,8.731593E-4,9.111592E-5
2.420951E2,6.597013E-4,8.077553E-5
2.421284E2,4.981497E-4,9.331014E-5
2.421617E2,2.940895E-4,7.542345E-5
2.421951E2,1.425781E-4,6.797910E-5
2.422286E2,-1.739544E-5,7.833819E-5
2.422619E2,-1.677589E-4,6.822712E-5
2.422952E2,-3.043784E-4,7.868977E-5
2.423286E2,-4.962120E-4,7.162709E-5
2.423621E2,-6.687338E-4,8.329851E-5
2.423954E2,-8.788782E-4,6.160979E-5
2.424287E2,-1.017784E-3,8.832244E-5
2.424621E2,-1.236592E-3,7.258290E-5
2.424956E2,-1.392812E-3,5.256360E-5
2.425289E2,-1.504882E-3,7.482277E-5
2.425622E2,-1.689731E-3,6.160644E-5
2.425956E2,-1.833219E-3,8.879115E-5
2.426291E2,-2.022008E-3,6.577882E-5
2.426624E2,-2.165914E-3,8.931274E-5
2.426957E2,-2.378393E-3,8.248536E-5
2.427291E2,-2.523676E-3,8.123144E-5
2.427626E2,-2.668578E-3,8.840834E-5
2.427959E2,-2.821737E-3,6.873514E-5
2.428292E2,-2.956988E-3,9.902818E-5
2.428625E2,-3.144894E-3,9.418393E-5
2.428961E2,-3.291509E-3,7.921826E-5
2.429294E2,-3.435530E-3,9.619792E-5
2.429627E2,-3.589603E-3,7.762229E-5
2.429961E2,-3.746684E-3,1.071570E-4
2.430296E2,-3.925597E-3,9.893851E-5
2.430629E2,-4.046524E-3,7.641548E-5
2.430962E2,-4.172911E-3,9.367063E-5
2.431296E2,-4.344033E-3,8.073043E-5
2.431631E2,-4.467366E-3,1.213872E-4
2.431964E2,-4.668766E-3,9.431257E-5
2.432297E2,-4.806394E-3,7.071731E-5
2.432631E2,-4.942240E-3,8.889622E-5
2.432966E2,-5.102545E-3,8.660239E-5
2.433299E2,-5.184768E-3,8.186408E-5
2.433632E2,-5.320275E-3,8.660233E-5
2.433965E2,-5.467245E-3,7.236006E-5
2.434300E2,-5.613859E-3,9.063091E-5
2.434634E2,-5.807119E-3,8.272976E-5
2.434967E2,-5.927190E-3,6.557376E-5
2.435300E2,-6.050091E-3,8.268361E-5
2.435635E2,-6.229531E-3,6.853389E-5
2.435969E2,-6.324487E-3,6.435301E-5
2.436302E2,-6.417815E-3,9.635058E-5
2.436635E2,-6.585446E-3,6.883593E-5
2.436971E2,-6.716148E-3,5.560236E-5
2.437304E2,-6.806206E-3,8.421968E-5
2.437637E2,-6.975588E-3,8.008550E-5
2.437970E2,-7.090445E-3,7.393344E-5
2.438306E2,-7.201612E-3,8.366458E-5
2.438639E2,-7.336875E-3,7.854610E-5
2.438972E2,-7.437336E-3,7.400196E-5
2.439306E2,-7.514828E-3,9.671350E-5
2.439640E2,-7.722549E-3,8.273231E-5
2.439974E2,-7.814013E-3,7.775095E-5
2.440307E2,-7.888713E-3,7.637784E-5
2.440640E2,-7.964818E-3,1.027330E-4
2.440975E2,-8.128677E-3,8.271458E-5
2.441309E2,-8.210255E-3,7.817223E-5
2.441642E2,-8.264580E-3,8.273010E-5
2.441975E2,-8.339320E-3,9.461198E-5
2.442311E2,-8.486204E-3,9.351473E-5
2.442644E2,-8.596839E-3,7.884785E-5
2.442977E2,-8.671031E-3,9.928283E-5
2.443310E2,-8.826799E-3,9.039781E-5
2.443645E2,-8.928017E-3,9.077673E-5
2.443978E2,-8.982525E-3,8.905551E-5
2.444312E2,-9.046369E-3,1.037863E-4
2.444645E2,-9.174143E-3,9.360717E-5
2.444980E2,-9.280977E-3,8.511599E-5
2.445313E2,-9.359130E-3,7.816662E-5
2.445647E2,-9.421824E-3,1.037122E-4
2.445980E2,-9.570329E-3,8.817214E-5
2.446315E2,-9.652344E-3,8.204187E-5
2.446649E2,-9.710272E-3,7.840430E-5
2.446982E2,-9.753624E-3,6.870523E-5
2.447315E2,-9.783542E-3,6.944381E-5
2.447650E2,-9.815188E-3,9.650542E-5
2.447984E2,-9.953443E-3,8.805720E-5
2.448317E2,-1.004633E-2,7.598347E-5
2.448650E2,-1.009995E-2,7.381617E-5
2.448985E2,-1.013122E-2,6.762280E-5
2.449319E2,-1.015486E-2,6.108429E-5
2.449652E2,-1.014939E-2,7.086558E-5
2.449985E2,-1.017757E-2,6.586168E-5
2.450320E2,-1.016736E-2,7.332225E-5
2.450653E2,-1.022563E-2,8.580221E-5
2.450987E2,-1.032764E-2,8.218496E-5
2.451320E2,-1.039686E-2,8.038310E-5
2.451655E2,-1.045326E-2,8.168052E-5
2.451988E2,-1.046975E-2,8.567509E-5
2.452321E2,-1.047763E-2,8.312382E-5
2.452655E2,-1.049805E-2,7.966254E-5
2.452990E2,-1.049611E-2,8.280657E-5
2.453323E2,-1.051399E-2,8.576020E-5
2.453657E2,-1.052458E-2,8.836004E-5
2.453990E2,-1.052390E-2,8.979755E-5
2.454325E2,-1.052275E-2,9.081653E-5
2.454658E2,-1.051294E-2,9.304961E-5
2.454992E2,-1.051494E-2,9.496835E-5
2.455325E2,-1.049389E-2,9.495266E-5
2.455660E2,-1.050688E-2,9.122321E-5
2.455993E2,-1.048987E-2,9.221434E-5
2.456326E2,-1.047523E-2,9.374203E-5
2.456660E2,-1.047260E-2,9.508385E-5
2.456995E2,-1.048783E-2,9.996376E-5
2.457328E2,-1.047571E-2,1.002204E-4
2.457661E2,-1.047248E-2,9.722880E-5
2.457995E2,-1.046730E-2,9.846766E-5
2.458330E2,-1.046794E-2,9.386780E-5
2.458663E2,-1.045827E-2,9.640950E-5
2.458997E2,-1.045264E-2,9.577259E-5
2.459330E2,-1.044845E-2,9.591677E-5
2.459665E2,-1.044222E-2,1.001208E-4
2.459998E2,-1.044049E-2,9.871078E-5
2.460331E2,-1.043688E-2,9.823444E-5
2.460665E2,-1.043204E-2,9.695487E-5
2.461000E2,-1.043110E-2,9.810550E-5
2.461333E2,-1.039979E-2,9.318185E-5
2.461666E2,-1.038774E-2,1.054152E-4
2.461999E2,-1.037365E-2,9.223371E-5
2.462335E2,-1.035751E-2,8.810269E-5
2.462668E2,-1.037050E-2,9.005565E-5
2.463001E2,-1.034131E-2,8.576612E-5
2.463335E2,-1.033336E-2,9.278015E-5
2.463670E2,-1.033517E-2,9.488498E-5
2.464003E2,-1.030554E-2,9.424246E-5
2.464336E2,-1.029232E-2,9.265823E-5
2.464670E2,-1.026887E-2,9.516656E-5
2.465005E2,-1.026287E-2,9.106806E-5
2.465338E2,-1.024519E-2,9.493900E-5
2.465671E2,-1.024855E-2,9.660728E-5
2.466005E2,-1.025448E-2,9.540123E-5
2.466339E2,-1.022543E-2,1.021171E-4
2.466673E2,-1.020740E-2,9.821724E-5
2.467006E2,-1.019461E-2,1.089453E-4
2.467339E2,-1.015828E-2,8.516764E-5
2.467674E2,-1.005018E-2,8.346861E-5
2.468008E2,-9.992955E-3,9.310844E-5
2.468341E2,-9.944418E-3,9.964360E-5
2.468674E2,-9.887761E-3,1.074762E-4
2.469009E2,-9.852142E-3,1.102057E-4
2.469343E2,-9.802071E-3,8.203689E-5
2.469676E2,-9.671251E-3,8.731108E-5
2.470009E2,-9.582448E-3,9.696004E-5
2.470345E2,-9.513167E-3,9.944824E-5
2.470678E2,-9.471992E-3,1.048966E-4
2.471011E2,-9.449725E-3,1.081877E-4
2.471345E2,-9.391859E-3,8.092322E-5
2.471680E2,-9.272534E-3,8.661995E-5
2.472013E2,-9.165343E-3,9.567406E-5
2.472346E2,-9.089428E-3,1.011439E-4
2.472679E2,-9.018021E-3,7.170406E-5
2.473014E2,-8.873125E-3,7.448843E-5
2.473348E2,-8.788661E-3,9.091466E-5
2.473681E2,-8.725370E-3,9.772465E-5
2.474014E2,-8.654137E-3,6.690271E-5
2.474349E2,-8.489159E-3,8.071581E-5
2.474683E2,-8.383985E-3,8.250288E-5
2.475016E2,-8.290297E-3,9.674912E-5
2.475349E2,-8.224518E-3,6.572714E-5
2.475684E2,-8.068824E-3,7.750244E-5
2.476018E2,-7.983819E-3,9.141930E-5
2.476351E2,-7.901264E-3,1.042086E-4
2.476684E2,-7.842326E-3,7.671985E-5
2.477019E2,-7.673006E-3,8.497287E-5
2.477353E2,-7.556646E-3,1.063456E-4
2.477686E2,-7.470789E-3,6.922650E-5
2.478019E2,-7.311887E-3,9.432422E-5
2.478354E2,-7.180675E-3,1.029791E-4
2.478687E2,-7.104998E-3,7.459948E-5
2.479021E2,-6.939088E-3,9.783523E-5
2.479354E2,-6.824434E-3,1.080217E-4
2.479689E2,-6.692279E-3,9.117162E-5
2.480022E2,-6.526075E-3,1.048329E-4
2.480356E2,-6.395271E-3,1.082220E-4
2.480689E2,-6.295840E-3,8.152580E-5
2.481024E2,-6.127131E-3,1.060932E-4
2.481358E2,-6.015931E-3,1.162241E-4
2.481691E2,-5.918783E-3,8.604769E-5
2.482024E2,-5.750774E-3,1.050697E-4
2.482359E2,-5.588138E-3,8.139653E-5
2.482692E2,-5.417049E-3,9.678371E-5
2.483026E2,-5.282616E-3,1.121076E-4
2.483359E2,-5.149636E-3,7.595687E-5
2.483694E2,-4.965831E-3,9.679824E-5
2.484027E2,-4.854599E-3,1.162904E-4
2.484361E2,-4.755211E-3,8.985333E-5
2.484694E2,-4.590473E-3,9.828048E-5
2.485029E2,-4.435228E-3,7.083235E-5
2.485362E2,-4.244272E-3,8.878550E-5
2.485696E2,-4.109996E-3,9.958020E-5
2.486029E2,-3.992239E-3,8.102527E-5
2.486364E2,-3.798641E-3,9.377315E-5
2.486698E2,-3.681592E-3,7.288369E-5
2.487031E2,-3.495688E-3,8.500722E-5
2.487364E2,-3.329513E-3,1.069359E-4
2.487699E2,-3.199646E-3,7.812475E-5
2.488032E2,-3.035993E-3,9.900853E-5
2.488366E2,-2.884479E-3,6.977120E-5
2.488699E2,-2.691486E-3,8.974163E-5
2.489034E2,-2.530608E-3,6.991636E-5
2.489367E2,-2.365755E-3,8.286392E-5
2.489701E2,-2.203603E-3,1.038251E-4
2.490034E2,-2.066817E-3,8.535348E-5
2.490369E2,-1.879976E-3,1.051360E-4
2.490702E2,-1.736849E-3,8.060216E-5
2.491036E2,-1.543734E-3,1.012420E-4
2.491369E2,-1.396223E-3,8.119615E-5
2.491704E2,-1.179514E-3,1.014344E-4
2.492037E2,-1.054153E-3,1.102377E-4
2.492371E2,-9.271052E-4,9.230021E-5
2.492704E2,-7.217072E-4,1.110162E-4
2.493039E2,-5.700522E-4,8.998634E-5
2.493372E2,-3.983532E-4,1.037325E-4
2.493705E2,-2.664200E-4,1.206085E-4
2.494039E2,-1.154694E-4,9.475040E-5
2.494374E2,9.437117E-5,1.128176E-4
2.494707E2,2.020490E-4,9.248977E-5
2.495040E2,3.711896E-4,1.116495E-4
2.495374E2,5.191013E-4,9.427740E-5
2.495709E2,7.530578E-4,1.072618E-4
2.496042E2,9.156762E-4,8.420366E-5
2.496375E2,1.097312E-3,9.563410E-5
2.496708E2,1.271105E-3,1.130327E-4
2.497044E2,1.401102E-3,8.218011E-5
2.497377E2,1.556175E-3,1.004732E-4
2.497710E2,1.696679E-3,7.665448E-5
2.498044E2,1.883438E-3,9.061560E-5
2.498379E2,2.044848E-3,7.884332E-5
2.498712E2,2.255528E-3,9.345727E-5
2.499045E2,2.427510E-3,7.610711E-5
2.499378E2,2.626644E-3,8.896200E-5
2.499714E2,2.786449E-3,9.956249E-5
2.500047E2,2.895496E-3,8.006223E-5
2.500380E2,3.054519E-3,9.158627E-5
2.500713E2,3.219676E-3,7.905652E-5
2.501049E2,3.404976E-3,9.356305E-5
2.501382E2,3.550501E-3,1.028740E-4
2.501715E2,3.668501E-3,7.726159E-5
2.502049E2,3.861504E-3,9.373283E-5
2.502384E2,3.995613E-3,8.192544E-5
2.502717E2,4.166624E-3,9.613155E-5
2.503050E2,4.302881E-3,1.157733E-4
2.503384E2,4.423764E-3,9.653722E-5
2.503719E2,4.615799E-3,1.051855E-4
2.504052E2,4.749701E-3,8.696811E-5
2.504385E2,4.913760E-3,9.880656E-5
2.504719E2,5.075176E-3,1.084303E-4
2.505053E2,5.210276E-3,8.970882E-5
2.505387E2,5.356264E-3,1.128925E-4
2.505720E2,5.474639E-3,1.203026E-4
2.506053E2,5.586516E-3,9.310041E-5
2.506388E2,5.764552E-3,1.137871E-4
2.506722E2,5.888857E-3,9.845551E-5
2.507055E2,6.072855E-3,1.109564E-4
2.507388E2,6.210720E-3,1.183522E-4
2.507723E2,6.338079E-3,9.869805E-5
2.508057E2,6.466852E-3,1.107283E-4
2.508390E2,6.595033E-3,1.205358E-4
2.508723E2,6.690761E-3,9.341723E-5
2.509058E2,6.865962E-3,1.055957E-4
2.509391E2,6.980765E-3,1.140409E-4
2.509725E2,7.089158E-3,8.673009E-5
2.510058E2,7.247623E-3,9.827000E-5
2.510393E2,7.368596E-3,1.142745E-4
2.510727E2,7.451720E-3,9.044116E-5
2.511060E2,7.593930E-3,9.299173E-5
2.511393E2,7.710330E-3,1.082105E-4
2.511728E2,7.840050E-3,8.300605E-5
2.512062E2,7.988172E-3,9.670700E-5
2.512395E2,8.101762E-3,1.081014E-4
2.512728E2,8.196368E-3,7.820395E-5
2.513063E2,8.350621E-3,8.923391E-5
2.513397E2,8.443792E-3,1.029252E-4
2.513730E2,8.538402E-3,8.463104E-5
2.514063E2,8.705683E-3,9.748331E-5
2.514398E2,8.831714E-3,1.085074E-4
2.514731E2,8.911767E-3,1.129283E-4
2.515065E2,8.968296E-3,8.110214E-5
2.515398E2,9.109652E-3,1.011573E-4
2.515733E2,9.224610E-3,1.058330E-4
2.516066E2,9.288807E-3,1.235646E-4
2.516400E2,9.358920E-3,1.011257E-4
2.516733E2,9.490019E-3,1.115244E-4
2.517068E2,9.580042E-3,1.171971E-4
2.517402E2,9.660545E-3,1.197319E-4
2.517735E2,9.737102E-3,9.233795E-5
2.518068E2,9.868425E-3,1.091430E-4
2.518403E2,9.950612E-3,1.214169E-4
2.518737E2,1.000903E-2,1.235691E-4
2.519070E2,1.006673E-2,9.304617E-5
2.519403E2,1.020027E-2,1.016245E-4
2.519738E2,1.029575E-2,1.166783E-4
2.520071E2,1.036859E-2,1.147838E-4
2.520405E2,1.042223E-2,1.118168E-4
2.520738E2,1.047311E-2,9.136157E-5
2.521073E2,1.059859E-2,1.031356E-4
2.521406E2,1.067403E-2,1.070799E-4
2.521739E2,1.070687E-2,1.123107E-4
2.522073E2,1.075431E-2,1.193495E-4
2.522408E2,1.079635E-2,1.246734E-4
2.522741E2,1.084652E-2,9.139225E-5
2.523074E2,1.094146E-2,9.296167E-5
2.523408E2,1.103653E-2,9.778324E-5
2.523743E2,1.108973E-2,1.037918E-4
2.524076E2,1.109716E-2,1.064368E-4
2.524409E2,1.113670E-2,1.114640E-4
2.524743E2,1.113663E-2,1.146087E-4
2.525078E2,1.117110E-2,1.150249E-4
2.525411E2,1.120005E-2,1.277491E-4
2.525744E2,1.120747E-2,1.228586E-4
2.526078E2,1.120392E-2,1.208978E-4
2.526413E2,1.123839E-2,8.712809E-5
2.526746E2,1.130992E-2,8.911579E-5
2.527079E2,1.137578E-2,9.685346E-5
2.527412E2,1.140122E-2,1.041028E-4
2.527748E2,1.143427E-2,1.095081E-4
2.528081E2,1.143707E-2,1.099249E-4
2.528414E2,1.146353E-2,1.094282E-4
2.528747E2,1.147851E-2,1.159686E-4
2.529083E2,1.149611E-2,1.185177E-4
2.529416E2,1.148688E-2,1.167190E-4
2.529750E2,1.148788E-2,1.189121E-4
2.530083E2,1.148089E-2,1.178324E-4
2.530417E2,1.149281E-2,1.194690E-4
2.530751E2,1.148178E-2,1.177473E-4
2.531084E2,1.147393E-2,1.178521E-4
2.531417E2,1.146634E-2,1.172580E-4
2.531753E2,1.147593E-2,1.209121E-4
2.532086E2,1.146942E-2,1.193014E-4
2.532419E2,1.146369E-2,1.185599E-4
2.532752E2,1.146156E-2,1.173296E-4
2.533088E2,1.145753E-2,1.174430E-4
2.533421E2,1.145491E-2,1.157792E-4
2.533754E2,1.145487E-2,1.170474E-4
2.534088E2,1.145402E-2,1.148677E-4
2.534423E2,1.143630E-2,1.124960E-4
2.534756E2,1.143270E-2,1.114687E-4
2.535089E2,1.139368E-2,1.043850E-4
2.535422E2,1.140017E-2,1.070359E-4
2.535757E2,1.137195E-2,1.030226E-4
2.536091E2,1.135870E-2,9.219175E-5
2.536424E2,1.133882E-2,9.670001E-5
2.536757E2,1.133345E-2,9.251386E-5
2.537093E2,1.131033E-2,7.704168E-5
2.537426E2,1.132155E-2,8.740534E-5
2.537759E2,1.129788E-2,8.156740E-5
2.538092E2,1.129771E-2,8.719014E-5
2.538427E2,1.130166E-2,8.812057E-5
2.538761E2,1.125072E-2,7.849260E-5
2.539094E2,1.124154E-2,8.022259E-5
2.539427E2,1.121088E-2,7.370966E-5
2.539762E2,1.121351E-2,7.719862E-5
2.540096E2,1.122219E-2,8.087350E-5
2.540429E2,1.121382E-2,7.938177E-5
2.540762E2,1.116836E-2,9.440860E-5
2.541097E2,1.107660E-2,8.894010E-5
2.541431E2,1.098711E-2,8.512750E-5
2.541764E2,1.092970E-2,8.603575E-5
2.542097E2,1.086923E-2,8.122259E-5
2.542432E2,1.082036E-2,9.811205E-5
2.542766E2,1.070399E-2,9.441617E-5
2.543099E2,1.063501E-2,8.912748E-5
2.543432E2,1.055641E-2,8.090262E-5
2.543768E2,1.049444E-2,7.586509E-5
2.544101E2,1.042261E-2,1.008307E-4
2.544434E2,1.028341E-2,9.606290E-5
2.544768E2,1.018461E-2,9.039521E-5
2.545102E2,1.011676E-2,8.099967E-5
2.545436E2,1.007418E-2,8.205330E-5
2.545769E2,1.000906E-2,9.988521E-5
2.546102E2,9.877456E-3,8.766862E-5
2.546437E2,9.799553E-3,8.377659E-5
2.546770E2,9.689714E-3,7.809827E-5
2.547104E2,9.617966E-3,1.026214E-4
2.547437E2,9.481478E-3,8.911143E-5
2.547772E2,9.369293E-3,6.259239E-5
2.548106E2,9.310116E-3,7.010754E-5
2.548439E2,9.242357E-3,8.404416E-5
2.548772E2,9.107572E-3,7.775589E-5
2.549107E2,8.980874E-3,7.557604E-5
2.549441E2,8.883733E-3,8.067568E-5
2.549774E2,8.725482E-3,8.524819E-5
2.550107E2,8.613559E-3,7.655709E-5
2.550442E2,8.507806E-3,8.907091E-5
2.550775E2,8.366066E-3,8.136921E-5
2.551109E2,8.246677E-3,6.449316E-5
2.551442E2,8.163128E-3,6.711575E-5
2.551777E2,8.043300E-3,7.828651E-5
2.552110E2,7.893572E-3,7.241478E-5
2.552444E2,7.782368E-3,7.013467E-5
2.552777E2,7.679545E-3,8.622920E-5
2.553112E2,7.522047E-3,8.678378E-5
2.553445E2,7.417429E-3,8.113538E-5
2.553778E2,7.318486E-3,8.529180E-5
2.554112E2,7.160780E-3,8.136650E-5
2.554447E2,7.017577E-3,7.236227E-5
2.554780E2,6.910906E-3,9.048929E-5
2.555114E2,6.747618E-3,8.327119E-5
2.555447E2,6.616150E-3,8.928995E-5
2.555782E2,6.426654E-3,8.730375E-5
2.556115E2,6.305461E-3,8.066159E-5
2.556448E2,6.178169E-3,8.825479E-5
2.556782E2,6.019721E-3,8.462134E-5
2.557117E2,5.864272E-3,6.826488E-5
2.557450E2,5.750339E-3,8.605597E-5
2.557784E2,5.577411E-3,8.663413E-5
2.558117E2,5.427763E-3,9.304283E-5
2.558452E2,5.250974E-3,7.693060E-5
2.558785E2,5.140168E-3,7.354839E-5
2.559118E2,5.021634E-3,7.952487E-5
2.559451E2,4.832392E-3,7.394704E-5
2.559787E2,4.685050E-3,8.721632E-5
2.560120E2,4.496135E-3,7.802564E-5
2.560453E2,4.346833E-3,7.528216E-5
2.560787E2,4.231871E-3,8.187255E-5
2.561123E2,4.032853E-3,7.149098E-5
2.561456E2,3.928335E-3,8.588394E-5
2.561789E2,3.730172E-3,7.376154E-5
2.562123E2,3.580849E-3,6.488899E-5
2.562457E2,3.442534E-3,8.245846E-5
2.562790E2,3.272792E-3,7.282686E-5
2.563123E2,3.118523E-3,7.936741E-5
2.563457E2,2.937534E-3,7.249883E-5
2.563792E2,2.769960E-3,8.572513E-5
2.564125E2,2.596227E-3,7.008402E-5
2.564458E2,2.447120E-3,6.417395E-5
2.564791E2,2.312961E-3,8.178456E-5
2.565127E2,2.129069E-3,7.038130E-5
2.565460E2,1.977962E-3,9.077733E-5
2.565793E2,1.792225E-3,7.735831E-5
2.566126E2,1.647127E-3,9.198248E-5
2.566462E2,1.425090E-3,8.059674E-5
2.566795E2,1.301842E-3,6.343177E-5
2.567128E2,1.163345E-3,8.459096E-5
2.567462E2,9.958317E-4,7.285315E-5
2.567796E2,8.147332E-4,8.642418E-5
2.568130E2,6.465643E-4,8.201352E-5
2.568463E2,4.851361E-4,9.251107E-5
2.568796E2,2.808589E-4,8.025503E-5
2.569131E2,1.305148E-4,6.833666E-5
2.569465E2,1.489863E-5,8.329692E-5
2.569798E2,-1.540665E-4,7.152974E-5
2.570131E2,-2.958524E-4,9.534546E-5
2.570466E2,-5.122247E-4,7.571206E-5
2.570799E2,-6.526847E-4,9.053280E-5
2.571133E2,-8.670149E-4,7.843311E-5
2.571466E2,-1.017993E-3,8.996913E-5
2.571801E2,-1.232749E-3,8.088615E-5
2.572135E2,-1.351539E-3,7.073181E-5
2.572468E2,-1.478790E-3,8.870123E-5
2.572801E2,-1.667058E-3,7.139179E-5
2.573137E2,-1.828944E-3,9.348053E-5
2.573470E2,-2.011256E-3,7.851475E-5
2.573803E2,-2.156729E-3,6.897404E-5
2.574136E2,-2.284746E-3,8.454594E-5
2.574471E2,-2.465449E-3,7.478475E-5
2.574805E2,-2.580489E-3,8.897800E-5
2.575138E2,-2.767739E-3,7.178847E-5
2.575471E2,-2.912168E-3,6.819197E-5
2.575807E2,-3.037396E-3,8.275715E-5
2.576140E2,-3.194212E-3,7.762876E-5
2.576473E2,-3.355871E-3,9.250725E-5
2.576806E2,-3.534414E-3,7.907202E-5
2.577141E2,-3.680005E-3,6.913314E-5
2.577475E2,-3.778215E-3,8.746514E-5
2.577808E2,-3.947918E-3,7.647894E-5
2.578141E2,-4.089808E-3,9.615215E-5
2.578476E2,-4.287581E-3,8.306474E-5
2.578810E2,-4.424964E-3,7.110752E-5
2.579143E2,-4.531671E-3,9.325447E-5
2.579476E2,-4.662983E-3,8.110925E-5
2.579811E2,-4.842040E-3,1.025045E-4
2.580144E2,-5.021934E-3,9.016471E-5
2.580478E2,-5.144473E-3,7.175688E-5
2.580811E2,-5.253242E-3,1.001232E-4
2.581146E2,-5.439900E-3,8.595129E-5
2.581480E2,-5.572220E-3,6.607078E-5
2.581813E2,-5.680487E-3,1.018611E-4
2.582146E2,-5.844062E-3,8.400919E-5
2.582481E2,-5.960584E-3,7.285380E-5
2.582814E2,-6.034884E-3,1.000215E-4
2.583148E2,-6.199261E-3,8.177203E-5
2.583481E2,-6.299840E-3,7.754754E-5
2.583816E2,-6.429078E-3,9.357672E-5
2.584149E2,-6.596192E-3,8.687205E-5
2.584483E2,-6.711591E-3,7.124518E-5
2.584816E2,-6.800766E-3,9.411792E-5
2.585151E2,-6.954923E-3,8.139406E-5
2.585484E2,-7.050017E-3,7.685701E-5
2.585817E2,-7.142554E-3,9.412668E-5
2.586151E2,-7.315583E-3,7.880763E-5
2.586487E2,-7.423972E-3,7.429991E-5
2.586820E2,-7.509313E-3,6.571931E-5
2.587153E2,-7.600513E-3,9.095049E-5
2.587486E2,-7.739904E-3,7.927407E-5
2.587824E2,-7.843620E-3,7.451465E-5
2.588157E2,-7.893110E-3,6.975071E-5
2.588490E2,-7.957058E-3,8.894038E-5
2.588823E2,-8.095880E-3,8.024895E-5
2.589156E2,-8.186969E-3,7.647156E-5
2.589489E2,-8.273554E-3,6.635673E-5
2.589822E2,-8.340655E-3,8.934580E-5
2.590156E2,-8.469632E-3,8.438092E-5
2.590491E2,-8.570496E-3,6.731659E-5
2.590824E2,-8.624371E-3,7.270476E-5
2.591157E2,-8.661254E-3,9.509371E-5
2.591491E2,-8.816338E-3,8.504590E-5
2.591826E2,-8.892120E-3,8.052056E-5
2.592159E2,-8.989625E-3,7.384874E-5
2.592492E2,-9.048391E-3,9.710035E-5
2.592826E2,-9.187633E-3,9.089070E-5
2.593161E2,-9.277669E-3,8.912342E-5
2.593494E2,-9.328075E-3,8.375226E-5
2.593827E2,-9.361282E-3,7.848025E-5
2.594161E2,-9.408444E-3,7.954264E-5
2.594496E2,-9.440857E-3,9.612004E-5
2.594829E2,-9.586404E-3,9.023786E-5
2.595162E2,-9.669261E-3,8.661950E-5
2.595495E2,-9.714497E-3,7.998706E-5
2.595831E2,-9.769731E-3,7.475290E-5
2.596164E2,-9.762098E-3,8.071160E-5
2.596497E2,-9.771595E-3,7.654947E-5
2.596830E2,-9.789703E-3,7.816805E-5
2.597166E2,-9.790524E-3,7.968947E-5
2.597499E2,-9.810988E-3,8.680494E-5
2.597833E2,-9.946690E-3,9.055782E-5
2.598166E2,-1.001663E-2,8.507923E-5
2.598501E2,-1.006639E-2,8.168746E-5
2.598834E2,-1.008144E-2,8.117282E-5
2.599168E2,-1.010022E-2,8.094102E-5
2.599501E2,-1.010101E-2,8.606560E-5
2.599836E2,-1.012264E-2,7.886413E-5
2.600169E2,-1.013560E-2,8.363568E-5
2.600502E2,-1.012890E-2,8.433418E-5
2.600835E2,-1.015254E-2,8.479337E-5
2.601170E2,-1.016377E-2,7.874169E-5
2.601504E2,-1.013476E-2,8.412970E-5
2.601837E2,-1.015515E-2,8.528997E-5
2.602170E2,-1.013061E-2,8.571015E-5
2.602506E2,-1.013809E-2,8.904722E-5
2.602839E2,-1.011881E-2,8.922340E-5
2.603172E2,-1.011056E-2,9.205276E-5
2.603505E2,-1.010105E-2,9.434359E-5
2.603841E2,-1.010378E-2,9.389519E-5
2.604174E2,-1.009207E-2,9.618933E-5
2.604507E2,-1.008837E-2,9.778877E-5
2.604841E2,-1.008815E-2,9.391985E-5
2.605175E2,-1.010170E-2,9.430647E-5
2.605509E2,-1.009147E-2,9.543601E-5
2.605842E2,-1.008182E-2,9.580646E-5
2.606175E2,-1.007540E-2,9.568599E-5
2.606510E2,-1.006227E-2,9.646750E-5
2.606843E2,-1.005837E-2,9.735117E-5
2.607177E2,-1.005330E-2,9.874752E-5
2.607510E2,-1.004635E-2,1.000724E-4
2.607846E2,-1.003868E-2,1.028399E-4
2.608179E2,-1.001898E-2,1.046196E-4
2.608512E2,-1.000578E-2,9.912935E-5
2.608845E2,-9.995202E-3,1.031933E-4
2.609180E2,-9.973852E-3,9.677540E-5
2.609514E2,-9.986508E-3,9.533764E-5
2.609847E2,-9.964122E-3,9.943910E-5
2.610180E2,-9.953604E-3,9.483242E-5
2.610515E2,-9.966064E-3,9.465060E-5
2.610848E2,-9.933134E-3,9.531507E-5
2.611182E2,-9.924565E-3,9.379338E-5
2.611515E2,-9.902428E-3,9.948589E-5
2.611850E2,-9.878735E-3,9.477168E-5
2.612183E2,-9.893514E-3,8.975939E-5
2.612517E2,-9.879444E-3,9.548562E-5
2.612850E2,-9.884818E-3,9.931851E-5
2.613185E2,-9.859580E-3,9.529098E-5
2.613519E2,-9.830851E-3,9.557122E-5
2.613852E2,-9.829722E-3,9.405690E-5
2.614185E2,-9.793126E-3,7.494563E-5
2.614520E2,-9.683171E-3,7.887098E-5
2.614854E2,-9.617508E-3,8.308434E-5
2.615187E2,-9.584909E-3,8.493777E-5
2.615520E2,-9.519277E-3,9.483319E-5
2.615855E2,-9.490734E-3,1.013372E-4
2.616188E2,-9.425680E-3,1.072217E-4
2.616522E2,-9.398854E-3,7.338745E-5
2.616855E2,-9.277718E-3,8.138028E-5
2.617191E2,-9.190711E-3,9.591968E-5
2.617524E2,-9.138872E-3,1.024901E-4
2.617857E2,-9.102646E-3,9.558699E-5
2.618190E2,-9.054284E-3,1.059572E-4
2.618525E2,-9.005619E-3,8.218475E-5
2.618858E2,-8.858549E-3,9.232445E-5
2.619192E2,-8.772748E-3,1.005318E-4
2.619525E2,-8.688801E-3,1.054628E-4
2.619860E2,-8.629450E-3,7.333422E-5
2.620193E2,-8.508379E-3,9.012046E-5
2.620527E2,-8.421745E-3,9.678350E-5
2.620860E2,-8.344402E-3,1.034890E-4
2.621195E2,-8.270430E-3,7.272781E-5
2.621528E2,-8.115827E-3,8.722572E-5
2.621861E2,-7.995418E-3,8.502049E-5
2.622195E2,-7.919365E-3,9.537811E-5
2.622530E2,-7.828667E-3,6.656044E-5
2.622863E2,-7.716317E-3,8.196729E-5
2.623196E2,-7.629087E-3,9.469019E-5
2.623530E2,-7.538081E-3,1.075029E-4
2.623865E2,-7.452265E-3,7.506371E-5
2.624198E2,-7.296522E-3,9.106082E-5
2.624531E2,-7.176545E-3,9.632675E-5
2.624865E2,-7.094352E-3,7.708742E-5
2.625200E2,-6.935684E-3,8.524864E-5
2.625533E2,-6.839999E-3,9.787927E-5
2.625867E2,-6.752885E-3,1.074681E-4
2.626200E2,-6.653396E-3,8.773998E-5
2.626535E2,-6.495650E-3,9.490329E-5
2.626868E2,-6.380914E-3,1.084614E-4
2.627201E2,-6.279178E-3,8.393968E-5
2.627535E2,-6.130817E-3,9.108771E-5
2.627870E2,-5.999207E-3,1.118969E-4
2.628203E2,-5.919472E-3,8.469361E-5
2.628536E2,-5.757183E-3,1.018716E-4
2.628870E2,-5.623952E-3,1.168937E-4
2.629205E2,-5.514170E-3,8.450637E-5
2.629538E2,-5.355335E-3,1.121157E-4
2.629871E2,-5.218504E-3,7.331571E-5
2.630205E2,-5.025592E-3,9.585342E-5
2.630540E2,-4.881717E-3,1.055031E-4
2.630873E2,-4.801476E-3,7.955567E-5
2.631206E2,-4.622406E-3,1.038619E-4
2.631540E2,-4.495159E-3,1.167694E-4
2.631875E2,-4.345927E-3,8.792284E-5
2.632208E2,-4.191241E-3,1.015534E-4
2.632541E2,-4.049084E-3,7.555511E-5
2.632874E2,-3.885579E-3,8.898110E-5
2.633210E2,-3.726345E-3,1.093190E-4
2.633543E2,-3.623730E-3,7.268569E-5
2.633876E2,-3.452569E-3,9.976913E-5
2.634209E2,-3.323582E-3,1.114511E-4
2.634545E2,-3.176356E-3,8.665369E-5
2.634878E2,-3.018702E-3,1.006580E-4
2.635211E2,-2.867605E-3,7.388915E-5
2.635544E2,-2.686366E-3,8.469680E-5
2.635880E2,-2.542344E-3,6.682741E-5
2.636213E2,-2.357375E-3,8.268393E-5
2.636546E2,-2.201367E-3,1.071264E-4
2.636880E2,-2.083794E-3,8.210030E-5
2.637215E2,-1.895392E-3,9.714860E-5
2.637548E2,-1.749852E-3,7.816982E-5
2.637881E2,-1.563388E-3,9.381321E-5
2.638214E2,-1.394979E-3,7.279162E-5
2.638549E2,-1.194331E-3,8.821489E-5
2.638883E2,-1.064504E-3,1.032045E-4
2.639216E2,-9.356312E-4,9.357743E-5
2.639549E2,-7.560681E-4,1.098508E-4
2.639885E2,-5.872054E-4,8.440667E-5
2.640218E2,-4.103225E-4,9.959099E-5
2.640551E2,-2.645010E-4,1.057017E-4
2.640885E2,-1.200308E-4,9.317123E-5
2.641219E2,5.670020E-5,1.094717E-4
2.641553E2,1.693321E-4,8.821505E-5
2.641886E2,3.467367E-4,9.931070E-5
2.642219E2,4.795816E-4,1.186584E-4
2.642554E2,6.610063E-4,1.000980E-4
2.642887E2,8.239845E-4,1.102686E-4
2.643221E2,9.569854E-4,8.244826E-5
2.643554E2,1.147388E-3,9.683077E-5
2.643889E2,1.304897E-3,8.028980E-5
2.644223E2,1.473074E-3,9.055693E-5
2.644556E2,1.614850E-3,1.096699E-4
2.644889E2,1.764068E-3,8.951877E-5
2.645225E2,1.921475E-3,1.016419E-4
2.645558E2,2.093954E-3,8.564864E-5
2.645891E2,2.270228E-3,9.161802E-5
2.646225E2,2.410223E-3,1.057069E-4
2.646559E2,2.540432E-3,7.529049E-5
2.646893E2,2.695286E-3,9.798607E-5
2.647226E2,2.825732E-3,7.992183E-5
2.647559E2,3.021214E-3,9.460522E-5
2.647894E2,3.172372E-3,1.110936E-4
2.648227E2,3.288919E-3,8.506511E-5
2.648561E2,3.467593E-3,9.958194E-5
2.648894E2,3.618748E-3,8.258814E-5
2.649229E2,3.791404E-3,9.064417E-5
2.649562E2,3.923656E-3,1.078950E-4
2.649896E2,4.037665E-3,9.134715E-5
2.650229E2,4.201550E-3,1.066418E-4
2.650564E2,4.354850E-3,8.310254E-5
2.650897E2,4.539974E-3,9.711679E-5
2.651231E2,4.680907E-3,1.171099E-4
2.651564E2,4.811227E-3,9.347941E-5
2.651899E2,4.981115E-3,1.086821E-4
2.652232E2,5.090260E-3,1.232030E-4
2.652566E2,5.185658E-3,9.995692E-5
2.652899E2,5.345961E-3,1.142995E-4
2.653234E2,5.510048E-3,8.061368E-5
2.653567E2,5.679870E-3,1.038729E-4
2.653900E2,5.795188E-3,1.163958E-4
2.654234E2,5.951720E-3,9.002553E-5
2.654569E2,6.093853E-3,1.067672E-4
2.654902E2,6.192517E-3,1.153217E-4
2.655235E2,6.301016E-3,9.874298E-5
2.655569E2,6.460591E-3,1.118286E-4
2.655904E2,6.600719E-3,1.201848E-4
2.656237E2,6.697177E-3,9.476674E-5
2.656570E2,6.848070E-3,1.012481E-4
2.656904E2,6.966972E-3,1.115636E-4
2.657239E2,7.075710E-3,8.951285E-5
2.657572E2,7.215177E-3,9.896974E-5
2.657905E2,7.331344E-3,1.092498E-4
2.658239E2,7.423794E-3,8.063101E-5
2.658574E2,7.586110E-3,9.822481E-5
2.658907E2,7.693388E-3,1.050838E-4
2.659240E2,7.804595E-3,7.492723E-5
2.659574E2,7.964638E-3,9.390224E-5
2.659909E2,8.081504E-3,1.058775E-4
2.660242E2,8.151180E-3,1.125688E-4
2.660575E2,8.213479E-3,8.549028E-5
2.660909E2,8.354135E-3,9.755959E-5
2.661244E2,8.463215E-3,1.017795E-4
2.661577E2,8.564424E-3,8.192812E-5
2.661910E2,8.702217E-3,9.799763E-5
2.662244E2,8.815984E-3,1.065946E-4
2.662579E2,8.900871E-3,1.113825E-4
2.662912E2,8.955117E-3,8.390453E-5
2.663246E2,9.077155E-3,1.020307E-4
2.663579E2,9.170212E-3,1.135706E-4
2.663913E2,9.221255E-3,1.198205E-4
2.664247E2,9.333619E-3,9.832767E-5
2.664580E2,9.461135E-3,9.677150E-5
2.664913E2,9.556615E-3,1.057123E-4
2.665249E2,9.654928E-3,1.212820E-4
2.665582E2,9.680721E-3,1.217641E-4
2.665915E2,9.717547E-3,9.371918E-5
2.666248E2,9.846081E-3,1.058628E-4
2.666584E2,9.916406E-3,1.128997E-4
2.666917E2,9.998258E-3,1.250919E-4
2.667251E2,1.006004E-2,1.232798E-4
2.667584E2,1.011163E-2,8.845533E-5
2.667919E2,1.021299E-2,9.428796E-5
2.668253E2,1.029039E-2,1.067526E-4
2.668586E2,1.032450E-2,1.083539E-4
2.668919E2,1.037396E-2,1.182849E-4
2.669253E2,1.040978E-2,1.168583E-4
2.669587E2,1.046068E-2,8.474806E-5
2.669920E2,1.057497E-2,9.687270E-5
2.670253E2,1.064360E-2,1.030032E-4
2.670588E2,1.070897E-2,1.051308E-4
2.670922E2,1.071883E-2,1.055498E-4
2.671255E2,1.074955E-2,1.116511E-4
2.671588E2,1.076435E-2,1.180531E-4
2.671924E2,1.078510E-2,1.207556E-4
2.672257E2,1.080002E-2,1.218198E-4
2.672590E2,1.081990E-2,1.227067E-4
2.672923E2,1.082761E-2,8.595218E-5
2.673259E2,1.093257E-2,9.318205E-5
2.673592E2,1.098359E-2,9.505879E-5
2.673925E2,1.103533E-2,1.081069E-4
2.674258E2,1.105084E-2,1.102784E-4
2.674593E2,1.106100E-2,1.051415E-4
2.674926E2,1.107517E-2,1.106860E-4
2.675260E2,1.110837E-2,1.125067E-4
2.675593E2,1.110585E-2,1.114277E-4
2.675928E2,1.112479E-2,1.219804E-4
2.676262E2,1.110736E-2,1.181482E-4
2.676595E2,1.110792E-2,1.152396E-4
2.676928E2,1.109699E-2,1.146738E-4
2.677263E2,1.110374E-2,1.190315E-4
2.677596E2,1.109381E-2,1.180666E-4
2.677930E2,1.108479E-2,1.173912E-4
2.678263E2,1.108244E-2,1.156813E-4
2.678598E2,1.108160E-2,1.170016E-4
2.678932E2,1.107773E-2,1.157541E-4
2.679265E2,1.107407E-2,1.158792E-4
2.679598E2,1.107322E-2,1.135198E-4
2.679934E2,1.107147E-2,1.160137E-4
2.680267E2,1.106877E-2,1.145466E-4
2.680601E2,1.106793E-2,1.143084E-4
2.680934E2,1.106282E-2,1.111269E-4
2.681268E2,1.104587E-2,1.095268E-4
2.681601E2,1.104205E-2,1.072385E-4
2.681935E2,1.102053E-2,1.011500E-4
2.682268E2,1.100245E-2,9.871222E-5
2.682603E2,1.100015E-2,1.034573E-4
2.682936E2,1.099211E-2,9.715557E-5
2.683270E2,1.096007E-2,9.262447E-5
2.683603E2,1.095012E-2,9.139323E-5
2.683940E2,1.093987E-2,8.190881E-5
2.684273E2,1.094890E-2,8.790831E-5
2.684606E2,1.092299E-2,8.243657E-5
2.684940E2,1.093802E-2,8.533793E-5
2.685273E2,1.091467E-2,7.338700E-5
2.685606E2,1.088278E-2,7.944630E-5
2.685939E2,1.087667E-2,7.819879E-5
2.686273E2,1.082955E-2,7.280318E-5
2.686608E2,1.082861E-2,7.980727E-5
2.686941E2,1.084309E-2,7.422395E-5
2.687274E2,1.083921E-2,8.002209E-5
2.687608E2,1.081518E-2,9.612290E-5
2.687943E2,1.069454E-2,9.106625E-5
2.688276E2,1.060131E-2,8.687880E-5
2.688610E2,1.055900E-2,8.695803E-5
2.688943E2,1.049426E-2,8.357730E-5
2.689278E2,1.044486E-2,1.004654E-4
2.689611E2,1.032508E-2,9.736185E-5
2.689945E2,1.025460E-2,9.238563E-5
2.690278E2,1.019017E-2,8.527864E-5
2.690613E2,1.013544E-2,7.774086E-5
2.690946E2,1.006753E-2,8.118250E-5
2.691279E2,1.001613E-2,8.971010E-5
2.691613E2,9.880708E-3,8.158618E-5
2.691948E2,9.784192E-3,8.502094E-5
2.692281E2,9.743293E-3,7.680221E-5
2.692614E2,9.690122E-3,7.925936E-5
2.692948E2,9.622813E-3,9.092983E-5
2.693283E2,9.499102E-3,8.652686E-5
2.693616E2,9.397614E-3,8.257262E-5
2.693949E2,9.313344E-3,7.827125E-5
2.694283E2,9.232192E-3,8.708349E-5
2.694618E2,9.094124E-3,8.264018E-5
2.694951E2,9.013524E-3,8.030631E-5
2.695284E2,8.947786E-3,7.208217E-5
2.695618E2,8.869594E-3,8.482386E-5
2.695953E2,8.704641E-3,8.727266E-5
2.696286E2,8.592978E-3,7.641251E-5
2.696619E2,8.512620E-3,9.205401E-5
2.696953E2,8.343914E-3,9.262204E-5
2.697288E2,8.237134E-3,7.215490E-5
2.697621E2,8.156483E-3,6.947079E-5
2.697955E2,8.095849E-3,8.807059E-5
2.698288E2,7.929783E-3,7.835991E-5
2.698623E2,7.796128E-3,7.306654E-5
2.698956E2,7.711699E-3,8.636239E-5
2.699289E2,7.548815E-3,8.732001E-5
2.699623E2,7.443605E-3,8.322995E-5
2.699958E2,7.328431E-3,8.892977E-5
2.700291E2,7.180882E-3,8.200587E-5
2.700624E2,7.069747E-3,8.316490E-5
2.700958E2,6.958124E-3,9.542307E-5
2.701293E2,6.783652E-3,7.688282E-5
2.701626E2,6.669009E-3,8.120043E-5
2.701959E2,6.555327E-3,8.527405E-5
2.702293E2,6.389158E-3,8.031075E-5
2.702627E2,6.254311E-3,7.243319E-5
2.702961E2,6.159493E-3,7.881502E-5
2.703294E2,6.010139E-3,7.119640E-5
2.703627E2,5.874747E-3,7.100170E-5
2.703962E2,5.754873E-3,8.529082E-5
2.704296E2,5.584448E-3,7.710049E-5
2.704629E2,5.444237E-3,8.887759E-5
2.704962E2,5.273205E-3,8.528981E-5
2.705297E2,5.131662E-3,7.427714E-5
2.705631E2,5.027687E-3,8.402406E-5
2.705964E2,4.852236E-3,7.380906E-5
2.706297E2,4.711212E-3,8.382673E-5
2.706632E2,4.509689E-3,8.690092E-5
2.706966E2,4.371654E-3,7.223686E-5
2.707299E2,4.254802E-3,8.851256E-5
2.707632E2,4.062793E-3,8.407922E-5
2.707967E2,3.927507E-3,9.004399E-5
2.708301E2,3.755344E-3,8.381295E-5
2.708634E2,3.629894E-3,7.038588E-5
2.708967E2,3.476938E-3,8.342887E-5
2.709302E2,3.303877E-3,7.677895E-5
2.709636E2,3.156056E-3,9.004387E-5
2.709969E2,2.965772E-3,8.510457E-5
2.710302E2,2.823453E-3,7.726462E-5
2.710637E2,2.683132E-3,8.447073E-5
2.710971E2,2.538373E-3,7.891682E-5
2.711304E2,2.386172E-3,8.826899E-5
2.711637E2,2.188065E-3,7.578740E-5
2.711972E2,2.036789E-3,9.229889E-5
2.712305E2,1.831115E-3,8.505891E-5
2.712639E2,1.691848E-3,7.419356E-5
2.712972E2,1.553286E-3,8.593474E-5
2.713307E2,1.365459E-3,7.381755E-5
2.713640E2,1.254090E-3,8.750863E-5
2.713974E2,1.065002E-3,7.458847E-5
2.714307E2,9.258637E-4,6.794474E-5
2.714642E2,7.629146E-4,7.094793E-5
2.714975E2,5.979460E-4,6.328082E-5
2.715309E2,4.618973E-4,9.349834E-5
2.715642E2,2.787256E-4,7.615893E-5
2.715977E2,1.283756E-4,9.241986E-5
2.716310E2,-6.607886E-5,7.698382E-5
2.716644E2,-2.098013E-4,6.620456E-5
2.716977E2,-3.279349E-4,9.196349E-5
2.717312E2,-5.335411E-4,7.489526E-5
2.717645E2,-6.865945E-4,9.211482E-5
2.717979E2,-8.448166E-4,8.323771E-5
2.718312E2,-1.004992E-3,6.932045E-5
2.718647E2,-1.143591E-3,8.383363E-5
2.718980E2,-1.286857E-3,7.479964E-5
2.719313E2,-1.422254E-3,8.764810E-5
2.719647E2,-1.616724E-3,8.440366E-5
2.719982E2,-1.771240E-3,7.109280E-5
2.720315E2,-1.880859E-3,9.298479E-5
2.720648E2,-2.065208E-3,7.791262E-5
2.720982E2,-2.189818E-3,9.584923E-5
2.721317E2,-2.401943E-3,8.709448E-5
2.721650E2,-2.501148E-3,8.311864E-5
2.721984E2,-2.637938E-3,9.696208E-5
2.722317E2,-2.799353E-3,8.583522E-5
2.722652E2,-2.952651E-3,9.729948E-5
2.722985E2,-3.143694E-3,8.685629E-5
2.723318E2,-3.273704E-3,7.514136E-5
2.723652E2,-3.401185E-3,9.625342E-5
2.723988E2,-3.574562E-3,8.035316E-5
2.724321E2,-3.671908E-3,7.889910E-5
2.724654E2,-3.775642E-3,9.516610E-5
2.724987E2,-3.949244E-3,7.716669E-5
2.725322E2,-4.085153E-3,9.476307E-5
2.725655E2,-4.280786E-3,7.280191E-5
2.725989E2,-4.399297E-3,7.442673E-5
2.726322E2,-4.519964E-3,9.403954E-5
2.726657E2,-4.691089E-3,7.828402E-5
2.726990E2,-4.795184E-3,6.383589E-5
2.727323E2,-4.892488E-3,8.247921E-5
2.727657E2,-5.061844E-3,8.284683E-5
2.727992E2,-5.212766E-3,6.927484E-5
2.728325E2,-5.299423E-3,9.166005E-5
2.728658E2,-5.439650E-3,8.260383E-5
2.728992E2,-5.574622E-3,7.265053E-5
2.729327E2,-5.685861E-3,8.339905E-5
2.729660E2,-5.826486E-3,7.260069E-5
2.729993E2,-5.921927E-3,7.329153E-5
2.730326E2,-6.032570E-3,8.743313E-5
2.730662E2,-6.206984E-3,7.855949E-5
2.730995E2,-6.318844E-3,7.210036E-5
2.731328E2,-6.409303E-3,9.440095E-5
2.731661E2,-6.576922E-3,8.645530E-5
2.731997E2,-6.684861E-3,8.321132E-5
2.732330E2,-6.763640E-3,9.630063E-5
2.732663E2,-6.918491E-3,9.067074E-5
2.732997E2,-7.033413E-3,8.332926E-5
2.733331E2,-7.121952E-3,7.846418E-5
2.733665E2,-7.203724E-3,9.861989E-5
2.733998E2,-7.359295E-3,8.861065E-5
2.734331E2,-7.446209E-3,8.400504E-5
2.734667E2,-7.526883E-3,1.098968E-4
2.735000E2,-7.670483E-3,9.154084E-5
2.735333E2,-7.755796E-3,9.073786E-5
2.735667E2,-7.834342E-3,8.492723E-5
2.736002E2,-7.910041E-3,1.036994E-4
2.736335E2,-8.069676E-3,9.389198E-5
2.736668E2,-8.168480E-3,8.497887E-5
2.737002E2,-8.244249E-3,7.648463E-5
2.737337E2,-8.312499E-3,9.176203E-5
2.737670E2,-8.446830E-3,8.382632E-5
2.738004E2,-8.512371E-3,7.965511E-5
2.738337E2,-8.582209E-3,7.481268E-5
2.738671E2,-8.618514E-3,6.928927E-5
2.739005E2,-8.711756E-3,8.875883E-5
2.739338E2,-8.834549E-3,8.103655E-5
2.739671E2,-8.915041E-3,7.842965E-5
2.740006E2,-8.988204E-3,6.617716E-5
2.740340E2,-9.019438E-3,6.560567E-5
2.740673E2,-9.011969E-3,6.498536E-5
2.741006E2,-9.080103E-3,8.595046E-5
2.741341E2,-9.166771E-3,8.155059E-5
2.741674E2,-9.267706E-3,7.254396E-5
2.742008E2,-9.334527E-3,6.904103E-5
2.742341E2,-9.383747E-3,7.246583E-5
2.742679E2,-9.415538E-3,7.846760E-5
2.743012E2,-9.411660E-3,7.899256E-5
2.743345E2,-9.423804E-3,9.415252E-5
2.743679E2,-9.538058E-3,8.533229E-5
2.744011E2,-9.608473E-3,8.687174E-5
2.744344E2,-9.668893E-3,8.623251E-5
2.744678E2,-9.700700E-3,8.538346E-5
2.745011E2,-9.724910E-3,8.487860E-5
2.745346E2,-9.758342E-3,8.670965E-5
2.745679E2,-9.749182E-3,9.125310E-5
2.746013E2,-9.758429E-3,8.712493E-5
2.746346E2,-9.747115E-3,8.762272E-5
2.746681E2,-9.758056E-3,9.219180E-5
2.747014E2,-9.735836E-3,9.347031E-5
2.747347E2,-9.784679E-3,8.976403E-5
2.747681E2,-9.760576E-3,9.437844E-5
2.748016E2,-9.774639E-3,9.588801E-5
2.748349E2,-9.764050E-3,9.736469E-5
2.748683E2,-9.762309E-3,9.486462E-5
2.749016E2,-9.743563E-3,9.674325E-5
2.749351E2,-9.754733E-3,9.477159E-5
2.749684E2,-9.735773E-3,9.316503E-5
2.750018E2,-9.721105E-3,9.455227E-5
2.750351E2,-9.716264E-3,9.438108E-5
2.750687E2,-9.733373E-3,8.063030E-5
2.751020E2,-9.721913E-3,8.602985E-5
2.751353E2,-9.727090E-3,9.039760E-5
2.751687E2,-9.716527E-3,9.333241E-5
2.752021E2,-9.702239E-3,9.406957E-5
2.752354E2,-9.697369E-3,9.560465E-5
2.752688E2,-9.690656E-3,9.672504E-5
2.753021E2,-9.686786E-3,9.742367E-5
2.753356E2,-9.682723E-3,9.355013E-5
2.753689E2,-9.680635E-3,9.456361E-5
2.754023E2,-9.679103E-3,9.495216E-5
2.754356E2,-9.673705E-3,9.591502E-5
2.754692E2,-9.659862E-3,9.154186E-5
2.755025E2,-9.660668E-3,9.340155E-5
2.755358E2,-9.638865E-3,9.753884E-5
2.755692E2,-9.632622E-3,1.028836E-4
2.756026E2,-9.604954E-3,9.675836E-5
2.756359E2,-9.607573E-3,9.559069E-5
2.756692E2,-9.594962E-3,9.508432E-5
2.757026E2,-9.580762E-3,9.968577E-5
2.757361E2,-9.578133E-3,9.493131E-5
2.757694E2,-9.562639E-3,9.968486E-5
2.758027E2,-9.541847E-3,1.020596E-4
2.758361E2,-9.522338E-3,1.023571E-4
2.758696E2,-9.522232E-3,1.011726E-4
2.759029E2,-9.522179E-3,9.558009E-5
2.759362E2,-9.512439E-3,9.907909E-5
2.759696E2,-9.512685E-3,1.028734E-4
2.760031E2,-9.493674E-3,1.024831E-4
2.760364E2,-9.460386E-3,9.793223E-5
2.760697E2,-9.422610E-3,9.993970E-5
2.761031E2,-9.416349E-3,8.234582E-5
2.761366E2,-9.306616E-3,7.914020E-5
2.761699E2,-9.251762E-3,8.558650E-5
2.762032E2,-9.204802E-3,8.443790E-5
2.762365E2,-9.153291E-3,8.883708E-5
2.762701E2,-9.133188E-3,9.312242E-5
2.763034E2,-9.068635E-3,9.225548E-5
2.763367E2,-9.042665E-3,9.323684E-5
2.763701E2,-8.997041E-3,7.231999E-5
2.764036E2,-8.883737E-3,8.109311E-5
2.764369E2,-8.820294E-3,8.844795E-5
2.764702E2,-8.772137E-3,9.098844E-5
2.765036E2,-8.710515E-3,9.897279E-5
2.765370E2,-8.651199E-3,6.644150E-5
2.765704E2,-8.509943E-3,7.836937E-5
2.766037E2,-8.419409E-3,8.286776E-5
2.766370E2,-8.344055E-3,9.220857E-5
2.766705E2,-8.273310E-3,6.734352E-5
2.767039E2,-8.145177E-3,8.099127E-5
2.767372E2,-8.063230E-3,9.253392E-5
2.767705E2,-7.982688E-3,1.021792E-4
2.768041E2,-7.915397E-3,1.091629E-4
2.768374E2,-7.846174E-3,8.396926E-5
2.768707E2,-7.706616E-3,9.149627E-5
2.769040E2,-7.607713E-3,1.014720E-4
2.769376E2,-7.516881E-3,1.054551E-4
2.769709E2,-7.473843E-3,8.366224E-5
2.770042E2,-7.334897E-3,9.895563E-5
2.770375E2,-7.245942E-3,1.032983E-4
2.770710E2,-7.148756E-3,1.114921E-4
2.771044E2,-7.057001E-3,7.981480E-5
2.771377E2,-6.919189E-3,9.794758E-5
2.771710E2,-6.816704E-3,9.436088E-5
2.772045E2,-6.699932E-3,7.680329E-5
2.772379E2,-6.567274E-3,9.103972E-5
2.772712E2,-6.463898E-3,1.040894E-4
2.773045E2,-6.363130E-3,7.811227E-5
2.773380E2,-6.182391E-3,9.178165E-5
2.773713E2,-6.073779E-3,9.438368E-5
2.774047E2,-5.956120E-3,7.457758E-5
2.774380E2,-5.792086E-3,8.632618E-5
2.774715E2,-5.660735E-3,9.718625E-5
2.775049E2,-5.584926E-3,7.110766E-5
2.775382E2,-5.419732E-3,8.473196E-5
2.775715E2,-5.296023E-3,9.587545E-5
2.776050E2,-5.183954E-3,7.494353E-5
2.776383E2,-5.012389E-3,8.865515E-5
2.776717E2,-4.879567E-3,9.724289E-5
2.777050E2,-4.770437E-3,7.186867E-5
2.777385E2,-4.609054E-3,8.899507E-5
2.777718E2,-4.503689E-3,9.833013E-5
2.778052E2,-4.399073E-3,8.308074E-5
2.778385E2,-4.236925E-3,9.259252E-5
2.778720E2,-4.078645E-3,1.090794E-4
2.779054E2,-3.973608E-3,9.114694E-5
2.779387E2,-3.822582E-3,9.597848E-5
2.779720E2,-3.689963E-3,7.244100E-5
2.780055E2,-3.498189E-3,9.188438E-5
2.780388E2,-3.363134E-3,1.100842E-4
2.780722E2,-3.268627E-3,8.812736E-5
2.781055E2,-3.082740E-3,1.087865E-4
2.781390E2,-2.928985E-3,1.134743E-4
2.781724E2,-2.820547E-3,8.357128E-5
2.782057E2,-2.664434E-3,9.052916E-5
2.782390E2,-2.503165E-3,7.590059E-5
2.782725E2,-2.334016E-3,9.174851E-5
2.783058E2,-2.205142E-3,1.115771E-4
2.783392E2,-2.091836E-3,8.230886E-5
2.783725E2,-1.903923E-3,1.054284E-4
2.784060E2,-1.759052E-3,8.588972E-5
2.784393E2,-1.572359E-3,9.038014E-5
2.784726E2,-1.424555E-3,1.112858E-4
2.785060E2,-1.305398E-3,8.266292E-5
2.785395E2,-1.123738E-3,9.296028E-5
2.785728E2,-1.015934E-3,7.703742E-5
2.786062E2,-8.247877E-4,9.002547E-5
2.786395E2,-6.623221E-4,1.092758E-4
2.786730E2,-5.399896E-4,8.382513E-5
2.787063E2,-3.796813E-4,9.306300E-5
2.787396E2,-2.326596E-4,7.281685E-5
2.787730E2,-1.829868E-5,9.469589E-5
2.788065E2,1.318743E-4,7.149169E-5
2.788398E2,3.109339E-4,9.232567E-5
2.788731E2,4.322433E-4,1.055085E-4
2.789065E2,5.625167E-4,8.193286E-5
2.789400E2,7.726440E-4,9.379834E-5
2.789733E2,9.222823E-4,8.205432E-5
2.790066E2,1.096919E-3,8.946276E-5
2.790400E2,1.252018E-3,1.051145E-4
2.790736E2,1.378152E-3,8.664168E-5
2.791069E2,1.538308E-3,9.591442E-5
2.791403E2,1.666436E-3,8.076143E-5
2.791736E2,1.860849E-3,9.607926E-5
2.792070E2,1.992597E-3,1.038378E-4
2.792403E2,2.139666E-3,9.097207E-5
2.792736E2,2.278730E-3,9.352640E-5
2.793069E2,2.455551E-3,7.957333E-5
2.793405E2,2.631801E-3,9.565742E-5
2.793738E2,2.744846E-3,1.045758E-4
2.794071E2,2.872860E-3,8.718254E-5
2.794405E2,3.048820E-3,1.021897E-4
2.794740E2,3.199573E-3,8.387231E-5
2.795073E2,3.388335E-3,9.770546E-5
2.795406E2,3.519077E-3,1.044580E-4
2.795740E2,3.658872E-3,8.814307E-5
2.796075E2,3.823909E-3,9.431056E-5
2.796408E2,3.939278E-3,1.108268E-4
2.796741E2,4.029766E-3,8.767881E-5
2.797075E2,4.190936E-3,9.966546E-5
2.797410E2,4.341487E-3,8.450255E-5
2.797743E2,4.529944E-3,8.859415E-5
2.798076E2,4.658806E-3,9.964262E-5
2.798409E2,4.785254E-3,8.845370E-5
2.798745E2,4.950509E-3,9.308074E-5
2.799078E2,5.059306E-3,1.052818E-4
2.799411E2,5.165343E-3,9.416112E-5
2.799744E2,5.325457E-3,1.006245E-4
2.800080E2,5.452078E-3,1.136873E-4
2.800413E2,5.564360E-3,8.821538E-5
2.800746E2,5.721943E-3,1.055555E-4
2.801079E2,5.857423E-3,1.153168E-4
2.801415E2,5.947401E-3,9.081228E-5
2.801748E2,6.079456E-3,1.062669E-4
2.802081E2,6.201890E-3,1.135388E-4
2.802415E2,6.290042E-3,9.470254E-5
2.802749E2,6.499987E-3,1.132516E-4
2.803083E2,6.588252E-3,1.176447E-4
2.803416E2,6.683153E-3,8.996942E-5
2.803749E2,6.821183E-3,9.568881E-5
2.804084E2,6.970245E-3,1.168444E-4
2.804418E2,7.028907E-3,9.340883E-5
2.804751E2,7.187925E-3,1.036133E-4
2.805084E2,7.300816E-3,1.085766E-4
2.805419E2,7.409576E-3,8.677179E-5
2.805753E2,7.567417E-3,9.441753E-5
2.806086E2,7.670425E-3,1.090123E-4
2.806419E2,7.764669E-3,1.153280E-4
2.806756E2,7.860698E-3,8.662445E-5
2.807089E2,7.974597E-3,1.009196E-4
2.807422E2,8.072685E-3,1.127396E-4
2.807756E2,8.154033E-3,8.515521E-5
2.808089E2,8.309356E-3,9.848097E-5
2.808423E2,8.412903E-3,1.110616E-4
2.808756E2,8.502352E-3,1.068866E-4
2.809089E2,8.583153E-3,8.857807E-5
2.809424E2,8.730377E-3,9.984944E-5
2.809757E2,8.804683E-3,1.027619E-4
2.810091E2,8.861554E-3,1.147703E-4
2.810424E2,8.933839E-3,8.663155E-5
2.810759E2,9.056068E-3,9.631761E-5
2.811093E2,9.168651E-3,1.036952E-4
2.811426E2,9.242205E-3,1.126119E-4
2.811759E2,9.313413E-3,8.238770E-5
2.812094E2,9.444172E-3,9.921578E-5
2.812427E2,9.524693E-3,1.083323E-4
2.812761E2,9.569958E-3,1.054715E-4
2.813094E2,9.629660E-3,1.111457E-4
2.813429E2,9.650306E-3,1.103522E-4
2.813762E2,9.740455E-3,9.467945E-5
2.814096E2,9.854799E-3,9.405228E-5
2.814429E2,9.922698E-3,1.004515E-4
2.814764E2,9.989029E-3,1.099178E-4
2.815097E2,9.998665E-3,1.139628E-4
2.815431E2,1.003233E-2,1.216186E-4
2.815764E2,1.007001E-2,8.975471E-5
2.816099E2,1.017740E-2,9.864792E-5
2.816433E2,1.026449E-2,1.075225E-4
2.816766E2,1.032296E-2,1.065608E-4
2.817099E2,1.036643E-2,1.115951E-4
2.817434E2,1.040319E-2,1.101822E-4
2.817767E2,1.039977E-2,1.137636E-4
2.818101E2,1.041139E-2,1.200874E-4
2.818434E2,1.041495E-2,1.201129E-4
2.818769E2,1.041753E-2,1.232006E-4
2.819102E2,1.045720E-2,8.854649E-5
2.819435E2,1.055096E-2,9.680011E-5
2.819769E2,1.061782E-2,1.072704E-4
2.820104E2,1.065218E-2,1.054532E-4
2.820437E2,1.067976E-2,1.118794E-4
2.820770E2,1.070874E-2,1.166905E-4
2.821104E2,1.070217E-2,1.147493E-4
2.821439E2,1.071469E-2,1.125944E-4
2.821772E2,1.072067E-2,1.149503E-4
2.822105E2,1.074774E-2,1.247192E-4
2.822439E2,1.074434E-2,1.237018E-4
2.822774E2,1.074985E-2,1.208972E-4
2.823107E2,1.074394E-2,1.215063E-4
2.823441E2,1.075489E-2,1.229425E-4
2.823774E2,1.073928E-2,1.227397E-4
2.824109E2,1.075720E-2,1.226046E-4
2.824442E2,1.073574E-2,1.181976E-4
2.824775E2,1.072983E-2,1.207966E-4
2.825109E2,1.072088E-2,1.196639E-4
2.825444E2,1.071753E-2,1.203347E-4
2.825777E2,1.071017E-2,1.192668E-4
2.826111E2,1.070317E-2,1.192752E-4
2.826444E2,1.070066E-2,1.188296E-4
2.826779E2,1.069567E-2,1.185932E-4
2.827112E2,1.069259E-2,1.185219E-4
2.827446E2,1.069037E-2,1.155806E-4
2.827779E2,1.068495E-2,1.143651E-4
2.828114E2,1.066679E-2,1.107868E-4
2.828447E2,1.066754E-2,1.114344E-4
2.828781E2,1.064618E-2,1.020765E-4
2.829114E2,1.063944E-2,9.640025E-5
2.829449E2,1.061915E-2,1.013315E-4
2.829782E2,1.062600E-2,1.034176E-4
2.830115E2,1.058879E-2,9.519231E-5
2.830448E2,1.058049E-2,9.213376E-5
2.830783E2,1.056743E-2,9.050419E-5
2.831117E2,1.056742E-2,9.235080E-5
2.831450E2,1.054838E-2,8.998278E-5
2.831783E2,1.056381E-2,9.281597E-5
2.832119E2,1.053042E-2,8.348138E-5
2.832452E2,1.050927E-2,7.646633E-5
2.832785E2,1.050282E-2,8.682628E-5
2.833118E2,1.049073E-2,8.733148E-5
2.833454E2,1.047355E-2,7.970671E-5
2.833787E2,1.046488E-2,8.031357E-5
2.834120E2,1.046612E-2,8.355537E-5
2.834453E2,1.045055E-2,8.585309E-5
2.834789E2,1.045501E-2,8.156890E-5
2.835122E2,1.038383E-2,9.807356E-5
2.835455E2,1.027273E-2,9.889776E-5
2.835789E2,1.020032E-2,8.690956E-5
2.836123E2,1.013479E-2,8.179592E-5
2.836457E2,1.010208E-2,7.811910E-5
2.836790E2,1.009167E-2,8.140878E-5
2.837123E2,1.003715E-2,9.529551E-5
2.837459E2,9.917276E-3,8.585256E-5
2.837792E2,9.819213E-3,8.200129E-5
2.838125E2,9.734288E-3,7.591838E-5
2.838458E2,9.682851E-3,8.047429E-5
2.838794E2,9.623477E-3,9.614424E-5
2.839127E2,9.522782E-3,8.597450E-5
2.839460E2,9.445327E-3,7.346435E-5
2.839794E2,9.361008E-3,7.213462E-5
2.840128E2,9.298699E-3,8.286184E-5
2.840462E2,9.141595E-3,7.674457E-5
2.840795E2,9.044633E-3,7.489034E-5
2.841128E2,8.957699E-3,6.208293E-5
2.841463E2,8.873365E-3,8.774292E-5
2.841797E2,8.748490E-3,8.787669E-5
2.842130E2,8.656122E-3,7.919424E-5
2.842463E2,8.568782E-3,6.877525E-5
2.842798E2,8.491401E-3,8.524309E-5
2.843132E2,8.333103E-3,8.976224E-5
2.843465E2,8.232129E-3,7.781339E-5
2.843798E2,8.148601E-3,9.478020E-5
2.844134E2,7.976101E-3,8.635628E-5
2.844467E2,7.884132E-3,8.170012E-5
2.844800E2,7.796901E-3,8.321823E-5
2.845133E2,7.711703E-3,9.071479E-5
2.845468E2,7.536409E-3,8.778325E-5
2.845801E2,7.438154E-3,8.182084E-5
2.846135E2,7.357446E-3,1.018584E-4
2.846468E2,7.186095E-3,8.586145E-5
2.846803E2,7.045108E-3,8.094475E-5
2.847136E2,6.975902E-3,9.578784E-5
2.847470E2,6.820659E-3,8.544639E-5
2.847803E2,6.693451E-3,7.642741E-5
2.848138E2,6.578952E-3,9.697393E-5
2.848471E2,6.406848E-3,8.150833E-5
2.848805E2,6.295330E-3,7.931525E-5
2.849138E2,6.178387E-3,9.063037E-5
2.849473E2,6.017278E-3,8.026477E-5
2.849806E2,5.916065E-3,7.211000E-5
2.850140E2,5.810225E-3,8.422158E-5
2.850473E2,5.636263E-3,7.738652E-5
2.850808E2,5.500865E-3,6.612938E-5
2.851141E2,5.397549E-3,8.096652E-5
2.851475E2,5.234982E-3,7.862517E-5
2.851808E2,5.112757E-3,6.746828E-5
2.852143E2,4.988346E-3,7.503610E-5
2.852476E2,4.844012E-3,7.225041E-5
2.852810E2,4.719846E-3,6.432733E-5
2.853143E2,4.613030E-3,7.030091E-5
2.853478E2,4.436306E-3,7.194654E-5
2.853811E2,4.311454E-3,8.379978E-5
2.854144E2,4.110585E-3,7.851786E-5
2.854478E2,3.980184E-3,7.100906E-5
2.854813E2,3.851806E-3,9.395091E-5
2.855146E2,3.699750E-3,7.760465E-5
2.855480E2,3.578342E-3,7.585073E-5
2.855813E2,3.456956E-3,9.060693E-5
2.856148E2,3.279649E-3,8.697415E-5
2.856481E2,3.131032E-3,9.003592E-5
2.856814E2,2.961672E-3,8.635922E-5
2.857148E2,2.800114E-3,9.622558E-5
2.857483E2,2.612398E-3,7.969814E-5
2.857816E2,2.489801E-3,7.148193E-5
2.858149E2,2.365483E-3,9.304150E-5
2.858483E2,2.173840E-3,8.521495E-5
2.858818E2,2.020975E-3,9.405684E-5
2.859151E2,1.834011E-3,9.360656E-5
2.859484E2,1.691428E-3,7.402979E-5
2.859818E2,1.556368E-3,8.899712E-5
2.860153E2,1.374216E-3,8.571728E-5
2.860486E2,1.272870E-3,1.033544E-4
2.860819E2,1.080448E-3,8.455082E-5
2.861153E2,9.441934E-4,7.041939E-5
2.861488E2,7.968791E-4,8.684155E-5
2.861821E2,6.256289E-4,8.145178E-5
2.862154E2,4.756956E-4,9.300863E-5
2.862488E2,2.824186E-4,7.484558E-5
2.862823E2,1.438772E-4,6.306135E-5
2.863156E2,4.697032E-5,8.225949E-5
2.863489E2,-1.391675E-4,7.482526E-5
2.863822E2,-2.736700E-4,9.112786E-5
2.864158E2,-4.676305E-4,6.807883E-5
2.864491E2,-6.099234E-4,6.631784E-5
2.864824E2,-7.337458E-4,7.934000E-5
2.865158E2,-9.214420E-4,6.935995E-5
2.865493E2,-1.064459E-3,8.366023E-5
2.865826E2,-1.231365E-3,7.772440E-5
2.866159E2,-1.346805E-3,7.341820E-5
2.866493E2,-1.469655E-3,8.519190E-5
2.866828E2,-1.659455E-3,7.775316E-5
2.867161E2,-1.799106E-3,9.446519E-5
2.867494E2,-1.986834E-3,8.517666E-5
2.867827E2,-2.135355E-3,7.288588E-5
2.868163E2,-2.259120E-3,9.116694E-5
2.868496E2,-2.409934E-3,8.283194E-5
2.868829E2,-2.522080E-3,7.113018E-5
2.869163E2,-2.644620E-3,9.247864E-5
2.869498E2,-2.817521E-3,8.990753E-5
2.869831E2,-2.942640E-3,1.026178E-4
2.870164E2,-3.133509E-3,8.552287E-5
2.870497E2,-3.263783E-3,7.958648E-5
2.870833E2,-3.392998E-3,9.887195E-5
2.871166E2,-3.542497E-3,8.866731E-5
2.871499E2,-3.651322E-3,7.348788E-5
2.871833E2,-3.764430E-3,9.227006E-5
2.872167E2,-3.940209E-3,8.471775E-5
2.872501E2,-4.068489E-3,7.522880E-5
2.872834E2,-4.173456E-3,8.627623E-5
2.873167E2,-4.330695E-3,8.133714E-5
2.873502E2,-4.452939E-3,6.789008E-5
2.873836E2,-4.527302E-3,9.164211E-5
2.874169E2,-4.682486E-3,7.819694E-5
2.874502E2,-4.797987E-3,6.260034E-5
2.874837E2,-4.941656E-3,8.933251E-5
2.875171E2,-5.081674E-3,8.023032E-5
2.875504E2,-5.198136E-3,6.635468E-5
2.875837E2,-5.287848E-3,8.589491E-5
2.876173E2,-5.455475E-3,7.792270E-5
2.876506E2,-5.554783E-3,7.198542E-5
2.876839E2,-5.628274E-3,8.704447E-5
2.877173E2,-5.797413E-3,8.543814E-5
2.877507E2,-5.951095E-3,7.368528E-5
2.877840E2,-6.025988E-3,8.467700E-5
2.878174E2,-6.184785E-3,8.599285E-5
2.878507E2,-6.283742E-3,7.988602E-5
2.878842E2,-6.383336E-3,8.935965E-5
2.879176E2,-6.532838E-3,8.531768E-5
2.879509E2,-6.631546E-3,7.773159E-5
2.879842E2,-6.720490E-3,6.891008E-5
2.880178E2,-6.828383E-3,9.020381E-5
2.880511E2,-6.959850E-3,8.446882E-5
2.880844E2,-7.066997E-3,8.925640E-5
2.881177E2,-7.139528E-3,1.030114E-4
2.881512E2,-7.307380E-3,9.243649E-5
2.881845E2,-7.391951E-3,8.460502E-5
2.882179E2,-7.448679E-3,8.347793E-5
2.882512E2,-7.516187E-3,1.016659E-4
2.882847E2,-7.679722E-3,8.830899E-5
2.883180E2,-7.775807E-3,8.805668E-5
2.883514E2,-7.856136E-3,7.976046E-5
2.883847E2,-7.922823E-3,9.636409E-5
2.884182E2,-8.056233E-3,9.165445E-5
2.884515E2,-8.140108E-3,8.274944E-5
2.884849E2,-8.190248E-3,7.552963E-5
2.885182E2,-8.248937E-3,7.105885E-5
2.885517E2,-8.280037E-3,8.908459E-5
2.885850E2,-8.443280E-3,8.766326E-5
2.886184E2,-8.520302E-3,7.069605E-5
2.886517E2,-8.594788E-3,7.400818E-5
2.886852E2,-8.642451E-3,7.011629E-5
2.887185E2,-8.660356E-3,9.551566E-5
2.887519E2,-8.794097E-3,8.139816E-5
2.887852E2,-8.863672E-3,7.371344E-5
2.888187E2,-8.896299E-3,8.572429E-5
2.888520E2,-8.983910E-3,6.304737E-5
2.888854E2,-9.026969E-3,7.261527E-5
2.889187E2,-9.072423E-3,8.803581E-5
2.889522E2,-9.161780E-3,8.529013E-5
2.889855E2,-9.234951E-3,8.010930E-5
2.890189E2,-9.274153E-3,8.122610E-5
2.890522E2,-9.297797E-3,7.488299E-5
2.890857E2,-9.330993E-3,8.136462E-5
2.891190E2,-9.359965E-3,8.498223E-5
2.891524E2,-9.395690E-3,7.763219E-5
2.891857E2,-9.412245E-3,7.919537E-5
2.892192E2,-9.429441E-3,9.638060E-5
2.892525E2,-9.520561E-3,9.232789E-5
2.892859E2,-9.589437E-3,9.428265E-5
2.893192E2,-9.608698E-3,9.262444E-5
2.893527E2,-9.648216E-3,8.874534E-5
2.893860E2,-9.666124E-3,9.116352E-5
2.894193E2,-9.702287E-3,8.630084E-5
2.894527E2,-9.704504E-3,8.934960E-5
2.894862E2,-9.708674E-3,8.915429E-5
2.895195E2,-9.703059E-3,9.054354E-5
2.895529E2,-9.713069E-3,8.992219E-5
2.895862E2,-9.699601E-3,9.051783E-5
2.896197E2,-9.713471E-3,8.378006E-5
2.896531E2,-9.699202E-3,8.554069E-5
2.896864E2,-9.687770E-3,8.733990E-5
2.897197E2,-9.686373E-3,9.163882E-5
2.897532E2,-9.692164E-3,8.454580E-5
2.897865E2,-9.682711E-3,8.786408E-5
2.898198E2,-9.688055E-3,8.619255E-5
2.898532E2,-9.687418E-3,9.217730E-5
2.898867E2,-9.679028E-3,9.399260E-5
2.899200E2,-9.675566E-3,9.226613E-5
2.899533E2,-9.666997E-3,9.407515E-5
2.899866E2,-9.663790E-3,9.347260E-5
2.900202E2,-9.667809E-3,8.359137E-5
2.900535E2,-9.664270E-3,8.598062E-5
2.900868E2,-9.661085E-3,8.741214E-5
2.901201E2,-9.653823E-3,8.729578E-5
2.901537E2,-9.652609E-3,8.943503E-5
2.901870E2,-9.640048E-3,8.503303E-5
2.902203E2,-9.629548E-3,8.593713E-5
2.902536E2,-9.613738E-3,8.679107E-5
2.902872E2,-9.591004E-3,8.888033E-5
2.903205E2,-9.593852E-3,8.860620E-5
2.903538E2,-9.570255E-3,9.078343E-5
2.903871E2,-9.572226E-3,9.176998E-5
2.904206E2,-9.548633E-3,9.425267E-5
2.904540E2,-9.535760E-3,9.456629E-5
2.904873E2,-9.511586E-3,9.860625E-5
2.905206E2,-9.512669E-3,1.073968E-4
2.905542E2,-9.496541E-3,1.020948E-4
2.905875E2,-9.500210E-3,1.007515E-4
2.906209E2,-9.482182E-3,1.008014E-4
2.906542E2,-9.496947E-3,1.017269E-4
2.906878E2,-9.469615E-3,1.121495E-4
2.907211E2,-9.444480E-3,1.121300E-4
2.907545E2,-9.414624E-3,7.649422E-5
2.907878E2,-9.299361E-3,8.276695E-5
2.908212E2,-9.224051E-3,8.762919E-5
2.908545E2,-9.191388E-3,9.123327E-5
2.908878E2,-9.154856E-3,9.649527E-5
2.909212E2,-9.104344E-3,1.100312E-4
2.909546E2,-9.103956E-3,1.037531E-4
2.909880E2,-9.026663E-3,7.345600E-5
2.910213E2,-8.906847E-3,8.273585E-5
2.910546E2,-8.823497E-3,8.910428E-5
2.910881E2,-8.763947E-3,7.860078E-5
2.911215E2,-8.717750E-3,9.349397E-5
2.911548E2,-8.679844E-3,9.884033E-5
2.911881E2,-8.631556E-3,6.841787E-5
2.912217E2,-8.526976E-3,7.254416E-5
2.912550E2,-8.424566E-3,8.598890E-5
2.912883E2,-8.337452E-3,9.432754E-5
2.913217E2,-8.279330E-3,1.024074E-4
2.913551E2,-8.225919E-3,7.695045E-5
2.913885E2,-8.109021E-3,8.432628E-5
2.914218E2,-8.031362E-3,9.396929E-5
2.914551E2,-7.961560E-3,1.001726E-4
2.914886E2,-7.891820E-3,6.975576E-5
2.915219E2,-7.738089E-3,8.140241E-5
2.915553E2,-7.638398E-3,9.509265E-5
2.915886E2,-7.558872E-3,1.070169E-4
2.916221E2,-7.459335E-3,8.126365E-5
2.916554E2,-7.342315E-3,9.286669E-5
2.916888E2,-7.243210E-3,1.074512E-4
2.917221E2,-7.158262E-3,1.156558E-4
2.917556E2,-7.075296E-3,8.640631E-5
2.917889E2,-6.933695E-3,9.885686E-5
2.918223E2,-6.816533E-3,1.050901E-4
2.918556E2,-6.720287E-3,8.246533E-5
2.918891E2,-6.563077E-3,9.333051E-5
2.919224E2,-6.477298E-3,1.074291E-4
2.919557E2,-6.364974E-3,8.383054E-5
2.919891E2,-6.206769E-3,9.728257E-5
2.920226E2,-6.070722E-3,1.038048E-4
2.920559E2,-5.961819E-3,8.033838E-5
2.920892E2,-5.808435E-3,9.107611E-5
2.921226E2,-5.685924E-3,1.001668E-4
2.921561E2,-5.570589E-3,7.707715E-5
2.921894E2,-5.425338E-3,9.710317E-5
2.922228E2,-5.316548E-3,1.065024E-4
2.922561E2,-5.214376E-3,8.504169E-5
2.922896E2,-5.030280E-3,8.875869E-5
2.923229E2,-4.890507E-3,9.823481E-5
2.923563E2,-4.789396E-3,6.900494E-5
2.923896E2,-4.635090E-3,8.373528E-5
2.924231E2,-4.509995E-3,9.431702E-5
2.924564E2,-4.413751E-3,7.005292E-5
2.924897E2,-4.259436E-3,8.097907E-5
2.925231E2,-4.132838E-3,9.940475E-5
2.925566E2,-3.996550E-3,7.774666E-5
2.925899E2,-3.856687E-3,9.095243E-5
2.926232E2,-3.714994E-3,9.964214E-5
2.926565E2,-3.605306E-3,7.649833E-5
2.926901E2,-3.445173E-3,9.434709E-5
2.927234E2,-3.325209E-3,1.115603E-4
2.927567E2,-3.230686E-3,8.033357E-5
2.927901E2,-3.078996E-3,9.900584E-5
2.928236E2,-2.906728E-3,8.054434E-5
2.928569E2,-2.734889E-3,9.278378E-5
2.928902E2,-2.579145E-3,1.090556E-4
2.929235E2,-2.477017E-3,8.245552E-5
2.929572E2,-2.286616E-3,1.074109E-4
2.929905E2,-2.174417E-3,1.232774E-4
2.930238E2,-2.067883E-3,9.119466E-5
2.930571E2,-1.901495E-3,1.128464E-4
2.930906E2,-1.754487E-3,8.681477E-5
2.931239E2,-1.566446E-3,1.098245E-4
2.931572E2,-1.435390E-3,1.150481E-4
2.931906E2,-1.298154E-3,8.577545E-5
2.932241E2,-1.142366E-3,9.645040E-5
2.932574E2,-1.014327E-3,8.878998E-5
2.932907E2,-8.366961E-4,1.019910E-4
2.933240E2,-6.863682E-4,1.153766E-4
2.933575E2,-5.493585E-4,8.263366E-5
2.933909E2,-3.889354E-4,1.018508E-4
2.934242E2,-2.375623E-4,7.785927E-5
2.934575E2,-5.408145E-5,8.944157E-5
2.934911E2,1.044258E-4,1.036523E-4
2.935244E2,2.021078E-4,8.060393E-5
2.935577E2,3.582977E-4,9.609918E-5
2.935910E2,4.984306E-4,1.115575E-4
2.936245E2,6.299372E-4,8.434167E-5
2.936579E2,7.959551E-4,9.364969E-5
2.936912E2,9.351125E-4,7.518915E-5
2.937245E2,1.106447E-3,8.983568E-5
2.937581E2,1.264753E-3,9.642831E-5
2.937914E2,1.367031E-3,7.907880E-5
2.938247E2,1.525417E-3,9.478919E-5
2.938580E2,1.650085E-3,1.118249E-4
2.938916E2,1.775789E-3,8.234739E-5
2.939249E2,1.943204E-3,9.918068E-5
2.939582E2,2.084780E-3,7.890137E-5
2.939916E2,2.269670E-3,1.031784E-4
2.940251E2,2.416813E-3,1.130054E-4
2.940584E2,2.506254E-3,8.943188E-5
2.940917E2,2.672817E-3,1.027321E-4
2.941250E2,2.802305E-3,1.205409E-4
2.941585E2,2.922734E-3,9.137037E-5
2.941918E2,3.101163E-3,1.116908E-4
2.942252E2,3.208243E-3,8.402180E-5
2.942585E2,3.412106E-3,1.044953E-4
2.942920E2,3.547624E-3,1.234967E-4
2.943253E2,3.629391E-3,9.275270E-5
2.943587E2,3.807383E-3,1.124482E-4
2.943920E2,3.925328E-3,1.218660E-4
2.944255E2,4.061980E-3,1.005878E-4
2.944588E2,4.226095E-3,1.160354E-4
2.944922E2,4.350374E-3,8.938096E-5
2.945255E2,4.515950E-3,9.382968E-5
2.945590E2,4.656330E-3,1.151732E-4
2.945923E2,4.744301E-3,8.416531E-5
2.946257E2,4.914026E-3,1.028195E-4
2.946590E2,5.047265E-3,1.145468E-4
2.946925E2,5.168649E-3,8.785967E-5
2.947259E2,5.313573E-3,9.238408E-5
2.947592E2,5.448714E-3,1.081011E-4
2.947925E2,5.551458E-3,8.611531E-5
2.948262E2,5.721872E-3,9.548749E-5
2.948595E2,5.822640E-3,1.119935E-4
2.948928E2,5.907331E-3,7.844456E-5
2.949262E2,6.070002E-3,9.365285E-5
2.949595E2,6.205496E-3,1.146401E-4
2.949928E2,6.288591E-3,8.588686E-5
2.950262E2,6.445648E-3,9.383817E-5
2.950595E2,6.557488E-3,1.061342E-4
2.950930E2,6.662088E-3,7.902905E-5
2.951263E2,6.797911E-3,9.498069E-5
2.951597E2,6.902356E-3,1.103274E-4
2.951930E2,6.999148E-3,1.153720E-4
2.952265E2,7.112957E-3,9.300175E-5
2.952598E2,7.246778E-3,1.064879E-4
2.952932E2,7.337229E-3,1.103289E-4
2.953265E2,7.421610E-3,8.583898E-5
2.953600E2,7.580862E-3,9.560414E-5
2.953933E2,7.663652E-3,1.075276E-4
2.954267E2,7.748731E-3,1.275400E-4
2.954600E2,7.833412E-3,1.000307E-4
2.954935E2,7.976316E-3,1.076508E-4
2.955268E2,8.074869E-3,1.077492E-4
2.955602E2,8.157598E-3,8.519401E-5
2.955935E2,8.305601E-3,1.045438E-4
2.956270E2,8.416396E-3,1.245605E-4
2.956603E2,8.457614E-3,1.188056E-4
2.956937E2,8.527815E-3,1.200439E-4
2.957270E2,8.584951E-3,9.331636E-5
2.957605E2,8.703522E-3,1.087973E-4
2.957938E2,8.808989E-3,1.144884E-4
2.958271E2,8.877243E-3,1.121586E-4
2.958605E2,8.939523E-3,7.592995E-5
2.958940E2,9.069462E-3,1.037561E-4
2.959273E2,9.151215E-3,1.114612E-4
2.959606E2,9.189956E-3,1.060517E-4
2.959940E2,9.243454E-3,1.096354E-4
2.960275E2,9.285997E-3,1.206441E-4
2.960608E2,9.344498E-3,8.638990E-5
2.960942E2,9.472149E-3,9.587682E-5
2.961275E2,9.535398E-3,1.012158E-4
2.961610E2,9.595500E-3,1.072691E-4
2.961943E2,9.620701E-3,1.188931E-4
2.962277E2,9.655406E-3,1.224332E-4
2.962610E2,9.673518E-3,1.227333E-4
2.962947E2,9.680692E-3,1.137443E-4
2.963280E2,9.736652E-3,8.969428E-5
2.963614E2,9.851103E-3,1.050744E-4
2.963947E2,9.913629E-3,1.137737E-4
2.964280E2,9.963992E-3,1.060030E-4
2.964613E2,9.984069E-3,1.132836E-4
2.964946E2,1.000118E-2,1.138425E-4
2.965280E2,1.003011E-2,1.259867E-4
2.965614E2,1.003834E-2,1.255590E-4
2.965948E2,1.005429E-2,1.357973E-4
2.966281E2,1.007029E-2,9.551131E-5
2.966614E2,1.016987E-2,1.038730E-4
2.966950E2,1.024285E-2,1.045177E-4
2.967283E2,1.026844E-2,1.097508E-4
2.967616E2,1.029604E-2,1.121446E-4
2.967950E2,1.030136E-2,1.146385E-4
2.968285E2,1.033056E-2,1.156193E-4
2.968618E2,1.033348E-2,1.201884E-4
2.968951E2,1.035697E-2,1.273258E-4
2.969284E2,1.035150E-2,1.230147E-4
2.969620E2,1.037032E-2,1.278148E-4
2.969953E2,1.036043E-2,1.274685E-4
2.970286E2,1.036130E-2,1.218067E-4
2.970619E2,1.035765E-2,1.254905E-4
2.970954E2,1.036268E-2,1.276100E-4
2.971288E2,1.035105E-2,1.250036E-4
2.971621E2,1.034272E-2,1.252219E-4
2.971954E2,1.033534E-2,1.239920E-4
2.972289E2,1.032762E-2,1.177259E-4
2.972623E2,1.032515E-2,1.188961E-4
2.972956E2,1.032033E-2,1.182710E-4
2.973289E2,1.032129E-2,1.174819E-4
2.973624E2,1.031558E-2,1.185695E-4
2.973958E2,1.031431E-2,1.169812E-4
2.974291E2,1.031421E-2,1.180640E-4
2.974624E2,1.031362E-2,1.181732E-4
2.974959E2,1.030178E-2,1.045469E-4
2.975293E2,1.029639E-2,1.048579E-4
2.975626E2,1.028576E-2,1.032066E-4
2.975959E2,1.026840E-2,1.070880E-4
2.976294E2,1.024036E-2,1.043159E-4
2.976628E2,1.024535E-2,1.037241E-4
2.976961E2,1.022798E-2,9.329801E-5
2.977294E2,1.021577E-2,9.680527E-5
2.977690E2,1.019494E-2,9.664488E-5
2.978023E2,1.020785E-2,9.449805E-5
2.978357E2,1.017508E-2,8.998831E-5
2.978690E2,1.019407E-2,9.383054E-5
2.978964E2,1.016468E-2,8.727758E-5
2.979297E2,1.015466E-2,8.542506E-5
2.979631E2,1.012319E-2,8.170416E-5
2.979964E2,1.010719E-2,8.182016E-5
2.980299E2,1.010034E-2,8.043726E-5
2.980633E2,1.010012E-2,8.409177E-5
2.980966E2,1.010929E-2,8.132534E-5
2.981299E2,1.008586E-2,7.640880E-5
2.981634E2,1.008284E-2,7.451505E-5
2.981968E2,1.004063E-2,9.767699E-5
2.982301E2,9.917342E-3,9.207562E-5
2.982634E2,9.831369E-3,9.087649E-5
2.982970E2,9.782542E-3,8.240032E-5
2.983303E2,9.750155E-3,8.271890E-5
2.983636E2,9.734913E-3,8.334080E-5
2.983970E2,9.684393E-3,7.683910E-5
2.984304E2,9.672919E-3,9.798264E-5
2.984637E2,9.513067E-3,9.293318E-5
2.984971E2,9.424030E-3,8.486459E-5
2.985304E2,9.356007E-3,8.109921E-5
2.985639E2,9.310009E-3,7.178517E-5
2.985972E2,9.272433E-3,8.967702E-5
2.986306E2,9.156117E-3,8.282775E-5
2.986639E2,9.064423E-3,7.998500E-5
2.986974E2,8.996377E-3,7.460440E-5
2.987307E2,8.902875E-3,9.336541E-5
2.987641E2,8.762627E-3,8.629781E-5
2.987974E2,8.655386E-3,7.632937E-5
2.988309E2,8.582920E-3,7.016337E-5
2.988642E2,8.531290E-3,9.476194E-5
2.988976E2,8.377450E-3,8.059989E-5
2.989309E2,8.278449E-3,7.992842E-5
2.989644E2,8.202597E-3,7.407007E-5
2.989977E2,8.114220E-3,9.589778E-5
2.990310E2,7.967221E-3,8.392188E-5
2.990644E2,7.860101E-3,7.537512E-5
2.990979E2,7.764009E-3,9.874440E-5
2.991312E2,7.612291E-3,8.699889E-5
2.991645E2,7.521570E-3,7.714461E-5
2.991979E2,7.434778E-3,7.746019E-5
2.992314E2,7.326660E-3,9.262409E-5
2.992647E2,7.176547E-3,8.751906E-5
2.992980E2,7.075835E-3,7.388204E-5
2.993314E2,6.981553E-3,8.954145E-5
2.993649E2,6.805614E-3,9.110361E-5
2.993982E2,6.719246E-3,8.002214E-5
2.994315E2,6.632167E-3,7.380498E-5
2.994649E2,6.532975E-3,8.940310E-5
2.994983E2,6.355597E-3,7.376079E-5
2.995317E2,6.254362E-3,7.747980E-5
2.995650E2,6.168410E-3,1.008364E-4
2.995983E2,6.019046E-3,8.427157E-5
2.996319E2,5.889327E-3,6.555643E-5
2.996652E2,5.810432E-3,8.870709E-5
2.996985E2,5.649462E-3,7.415950E-5
2.997318E2,5.537575E-3,7.620867E-5
2.997654E2,5.402476E-3,8.843503E-5
2.997987E2,5.252368E-3,8.254637E-5
2.998320E2,5.137667E-3,6.973936E-5
2.998653E2,5.010136E-3,8.981884E-5
2.998989E2,4.854408E-3,8.390994E-5
2.999322E2,4.748039E-3,7.141097E-5
2.999655E2,4.634267E-3,8.699826E-5
2.999989E2,4.477222E-3,7.912597E-5
3.000323E2,4.334453E-3,6.437627E-5
3.000657E2,4.227112E-3,8.194908E-5
3.000990E2,4.068388E-3,7.175902E-5
3.001323E2,3.932954E-3,8.452003E-5
3.001659E2,3.743102E-3,7.733815E-5
3.001992E2,3.632504E-3,6.572694E-5
3.002325E2,3.515195E-3,7.771667E-5
3.002658E2,3.323871E-3,7.487001E-5
3.002993E2,3.185754E-3,8.637118E-5
3.003327E2,2.992571E-3,8.079930E-5
3.003660E2,2.844828E-3,7.152015E-5
3.003993E2,2.727803E-3,8.747429E-5
3.004329E2,2.547528E-3,6.996106E-5
3.004662E2,2.434057E-3,6.419401E-5
3.004995E2,2.321884E-3,8.300899E-5
3.005328E2,2.167014E-3,7.809075E-5
3.005663E2,2.011618E-3,1.021873E-4
3.005996E2,1.819807E-3,8.549202E-5
3.006330E2,1.694620E-3,7.367260E-5
3.006663E2,1.562176E-3,1.013507E-4
3.006998E2,1.385112E-3,7.874981E-5
3.007332E2,1.280077E-3,7.413069E-5
3.007665E2,1.173224E-3,9.187667E-5
3.007998E2,9.994267E-4,8.031218E-5
3.008333E2,8.653312E-4,9.470779E-5
3.008667E2,6.660128E-4,8.269687E-5
3.009000E2,5.412694E-4,8.125639E-5
3.009333E2,4.018187E-4,8.801357E-5
3.009669E2,2.303811E-4,7.565862E-5
3.010002E2,1.292896E-4,9.641959E-5
3.010335E2,-7.065690E-5,8.360502E-5
3.010668E2,-2.107231E-4,6.989544E-5
3.011003E2,-3.438559E-4,8.728866E-5
3.011336E2,-5.156495E-4,8.203044E-5
3.011670E2,-6.546866E-4,8.625905E-5
3.012003E2,-8.497155E-4,7.818029E-5
3.012338E2,-9.902350E-4,6.763061E-5
3.012671E2,-1.082002E-3,8.280671E-5
3.013005E2,-1.261174E-3,6.690783E-5
3.013338E2,-1.386718E-3,5.722946E-5
3.013673E2,-1.514276E-3,7.987575E-5
3.014007E2,-1.672178E-3,6.703958E-5
3.014340E2,-1.808414E-3,8.862427E-5
3.014673E2,-1.999797E-3,7.481196E-5
3.015008E2,-2.134081E-3,6.951811E-5
3.015341E2,-2.222011E-3,8.605345E-5
3.015675E2,-2.397344E-3,7.296677E-5
3.016008E2,-2.514718E-3,7.366317E-5
3.016343E2,-2.675028E-3,8.811389E-5
3.016676E2,-2.802969E-3,8.169617E-5
3.017010E2,-2.923462E-3,7.482435E-5
3.017343E2,-3.043665E-3,9.773699E-5
3.017678E2,-3.208024E-3,7.843490E-5
3.018011E2,-3.298622E-3,7.740300E-5
3.018345E2,-3.410690E-3,8.995098E-5
3.018678E2,-3.547683E-3,8.768391E-5
3.019013E2,-3.694914E-3,9.521511E-5
3.019347E2,-3.876918E-3,9.105348E-5
3.019680E2,-4.012801E-3,8.147858E-5
3.020013E2,-4.124272E-3,9.926543E-5
3.020348E2,-4.296233E-3,8.930181E-5
3.020681E2,-4.389310E-3,8.242558E-5
3.021015E2,-4.480636E-3,1.020368E-4
3.021348E2,-4.648283E-3,8.637840E-5
3.021683E2,-4.786227E-3,7.237555E-5
3.022016E2,-4.904896E-3,9.784693E-5
3.022350E2,-5.055545E-3,8.908900E-5
3.022683E2,-5.178293E-3,7.860841E-5
3.023018E2,-5.271216E-3,9.155509E-5
3.023351E2,-5.409035E-3,8.851942E-5
3.023684E2,-5.523714E-3,7.187473E-5
3.024018E2,-5.608527E-3,9.449433E-5
3.024353E2,-5.798306E-3,7.365179E-5
3.024686E2,-5.905560E-3,7.016863E-5
3.025020E2,-5.996845E-3,8.588080E-5
3.025353E2,-6.164436E-3,7.918552E-5
3.025688E2,-6.276760E-3,7.996371E-5
3.026021E2,-6.344844E-3,6.913359E-5
3.026355E2,-6.416909E-3,8.404411E-5
3.026688E2,-6.561635E-3,7.850977E-5
3.027023E2,-6.683618E-3,6.736637E-5
3.027356E2,-6.765915E-3,8.969023E-5
3.027689E2,-6.913389E-3,8.940458E-5
3.028023E2,-7.008539E-3,8.031189E-5
3.028358E2,-7.102120E-3,7.042978E-5
3.028691E2,-7.148476E-3,9.587240E-5
3.029024E2,-7.289957E-3,8.287785E-5
3.029357E2,-7.384871E-3,7.786065E-5
3.029693E2,-7.452022E-3,8.324649E-5
3.030026E2,-7.529333E-3,9.924226E-5
3.030359E2,-7.687018E-3,9.357165E-5
3.030692E2,-7.774418E-3,8.736287E-5
3.031028E2,-7.841861E-3,8.424398E-5
3.031361E2,-7.874256E-3,8.318773E-5
3.031694E2,-7.888228E-3,7.996274E-5
3.032028E2,-7.940134E-3,1.034952E-4
3.032363E2,-8.064347E-3,9.125665E-5
3.032696E2,-8.167173E-3,8.791744E-5
3.033029E2,-8.222824E-3,8.384894E-5
3.033362E2,-8.276148E-3,9.910510E-5
3.033697E2,-8.426013E-3,9.093140E-5
3.034031E2,-8.493596E-3,8.884658E-5
3.034364E2,-8.530295E-3,8.437920E-5
3.034697E2,-8.584824E-3,7.544966E-5
3.035033E2,-8.606661E-3,7.784672E-5
3.035366E2,-8.656282E-3,7.070028E-5
3.035699E2,-8.681808E-3,8.960100E-5
3.036033E2,-8.819101E-3,8.181332E-5
3.036367E2,-8.897074E-3,7.591441E-5
3.036701E2,-8.921176E-3,7.838353E-5
3.037034E2,-8.951564E-3,7.474337E-5
3.037367E2,-8.957676E-3,7.186904E-5
3.037702E2,-8.979293E-3,8.092292E-5
3.038036E2,-9.016641E-3,7.056509E-5
3.038369E2,-9.018226E-3,7.728780E-5
3.038702E2,-9.054709E-3,8.932090E-5
3.039037E2,-9.169579E-3,7.735401E-5
3.039371E2,-9.214823E-3,8.253790E-5
3.039704E2,-9.252906E-3,8.383565E-5
3.040037E2,-9.276099E-3,8.583873E-5
3.040373E2,-9.291210E-3,8.185401E-5
3.040706E2,-9.311168E-3,7.710112E-5
3.041039E2,-9.341197E-3,8.453218E-5
3.041372E2,-9.336895E-3,8.576474E-5
3.041708E2,-9.351332E-3,8.458533E-5
3.042041E2,-9.349489E-3,8.554586E-5
3.042374E2,-9.345892E-3,8.944612E-5
3.042707E2,-9.332749E-3,8.942243E-5
3.043042E2,-9.342704E-3,8.832219E-5
3.043375E2,-9.327802E-3,8.896406E-5
3.043709E2,-9.324006E-3,9.363879E-5
3.044042E2,-9.315239E-3,9.471206E-5
3.044377E2,-9.324913E-3,9.427452E-5
3.044710E2,-9.319124E-3,9.572300E-5
3.045044E2,-9.317429E-3,9.670705E-5
3.045377E2,-9.308909E-3,9.655421E-5
3.045712E2,-9.315636E-3,9.361932E-5
3.046046E2,-9.306458E-3,9.510613E-5
3.046379E2,-9.302358E-3,9.359175E-5
3.046712E2,-9.297056E-3,9.379796E-5
3.047047E2,-9.291780E-3,9.549216E-5
3.047380E2,-9.289200E-3,9.521580E-5
3.047714E2,-9.286516E-3,9.515241E-5
3.048047E2,-9.281674E-3,9.514602E-5
3.048382E2,-9.283038E-3,9.468740E-5
3.048715E2,-9.253044E-3,9.286318E-5
3.049049E2,-9.255326E-3,9.250288E-5
3.049382E2,-9.257771E-3,9.153596E-5
3.049717E2,-9.223254E-3,9.129729E-5
3.050050E2,-9.231277E-3,9.065397E-5
3.050384E2,-9.196203E-3,9.334229E-5
3.050717E2,-9.190477E-3,9.081111E-5
3.051052E2,-9.191868E-3,9.097914E-5
3.051385E2,-9.176236E-3,9.287245E-5
3.051719E2,-9.153197E-3,8.988045E-5
3.052052E2,-9.141233E-3,8.645739E-5
3.052387E2,-9.129292E-3,9.361976E-5
3.052721E2,-9.111046E-3,9.400554E-5
3.053054E2,-9.123472E-3,9.244229E-5
3.053387E2,-9.122105E-3,9.477014E-5
3.053722E2,-9.106183E-3,9.763421E-5
3.054055E2,-9.089818E-3,1.025087E-4
3.054388E2,-9.066820E-3,9.837219E-5
3.054722E2,-9.060961E-3,1.017507E-4
3.055057E2,-9.033274E-3,7.341949E-5
3.055390E2,-8.930468E-3,8.267608E-5
3.055723E2,-8.864830E-3,8.830123E-5
3.056057E2,-8.820521E-3,9.638293E-5
3.056392E2,-8.767501E-3,1.002604E-4
3.056725E2,-8.704471E-3,1.074096E-4
3.057058E2,-8.649740E-3,7.836570E-5
3.057392E2,-8.535686E-3,8.256196E-5
3.057727E2,-8.456184E-3,9.233208E-5
3.058060E2,-8.409907E-3,9.864357E-5
3.058394E2,-8.373530E-3,1.001242E-4
3.058727E2,-8.313590E-3,1.090244E-4
3.059062E2,-8.290615E-3,1.073960E-4
3.059395E2,-8.216602E-3,7.669346E-5
3.059728E2,-8.095192E-3,8.545737E-5
3.060062E2,-8.006631E-3,9.535132E-5
3.060397E2,-7.924155E-3,8.918677E-5
3.060730E2,-7.896801E-3,9.480942E-5
3.061063E2,-7.881601E-3,6.634893E-5
3.061397E2,-7.739503E-3,8.203730E-5
3.061732E2,-7.656301E-3,8.945671E-5
3.062065E2,-7.558662E-3,1.030954E-4
3.062398E2,-7.484495E-3,6.982396E-5
3.062731E2,-7.343724E-3,9.083313E-5
3.063067E2,-7.246027E-3,9.389424E-5
3.063400E2,-7.171218E-3,1.081523E-4
3.063734E2,-7.102883E-3,7.779239E-5
3.064067E2,-6.957948E-3,8.833203E-5
3.064402E2,-6.861463E-3,9.293087E-5
3.064735E2,-6.757646E-3,1.104801E-4
3.065068E2,-6.675900E-3,7.900244E-5
3.065402E2,-6.539343E-3,9.102333E-5
3.065736E2,-6.426502E-3,1.060685E-4
3.066070E2,-6.352396E-3,7.790998E-5
3.066403E2,-6.206256E-3,8.726026E-5
3.066736E2,-6.093838E-3,1.029514E-4
3.067071E2,-5.984596E-3,1.194721E-4
3.067405E2,-5.917022E-3,8.476844E-5
3.067738E2,-5.760072E-3,9.934467E-5
3.068071E2,-5.635514E-3,1.088863E-4
3.068407E2,-5.537259E-3,8.069935E-5
3.068740E2,-5.406954E-3,9.975091E-5
3.069073E2,-5.301681E-3,1.124889E-4
3.069407E2,-5.201738E-3,7.617748E-5
3.069741E2,-5.003915E-3,9.920967E-5
3.070075E2,-4.882212E-3,1.117691E-4
3.070408E2,-4.791291E-3,7.963212E-5
3.070741E2,-4.644826E-3,9.347084E-5
3.071076E2,-4.509559E-3,1.019894E-4
3.071410E2,-4.419184E-3,7.709050E-5
3.071743E2,-4.259698E-3,9.179978E-5
3.072076E2,-4.119063E-3,1.066846E-4
3.072412E2,-3.994027E-3,7.879172E-5
3.072745E2,-3.855459E-3,9.585417E-5
3.073078E2,-3.723166E-3,1.032578E-4
3.073412E2,-3.604933E-3,7.076660E-5
3.073747E2,-3.440678E-3,9.536651E-5
3.074080E2,-3.347726E-3,1.065232E-4
3.074413E2,-3.243369E-3,8.047806E-5
3.074746E2,-3.081797E-3,1.028859E-4
3.075081E2,-2.920541E-3,7.532434E-5
3.075415E2,-2.742507E-3,8.816194E-5
3.075748E2,-2.598514E-3,1.096844E-4
3.076081E2,-2.488879E-3,7.534268E-5
3.076416E2,-2.310119E-3,9.255572E-5
3.076749E2,-2.187096E-3,1.104081E-4
3.077083E2,-2.091808E-3,8.692783E-5
3.077416E2,-1.920960E-3,1.038198E-4
3.077751E2,-1.770243E-3,8.151365E-5
3.078085E2,-1.586158E-3,9.817234E-5
3.078418E2,-1.446563E-3,1.075590E-4
3.078751E2,-1.321705E-3,8.772694E-5
3.079086E2,-1.151775E-3,9.908677E-5
3.079420E2,-1.036457E-3,1.159118E-4
3.079753E2,-9.319691E-4,8.664635E-5
3.080086E2,-7.580596E-4,1.020676E-4
3.080421E2,-6.093621E-4,7.949706E-5
3.080754E2,-4.263027E-4,1.030592E-4
3.081087E2,-3.014637E-4,1.032796E-4
3.081421E2,-1.633201E-4,8.259087E-5
3.081756E2,2.294839E-5,9.994972E-5
3.082089E2,1.266001E-4,1.163215E-4
3.082423E2,2.223522E-4,8.741943E-5
3.082756E2,3.865831E-4,1.027877E-4
3.083091E2,5.387136E-4,8.364982E-5
3.083424E2,7.365609E-4,9.367671E-5
3.083757E2,8.690004E-4,1.094897E-4
3.084091E2,9.719278E-4,8.148080E-5
3.084426E2,1.165014E-3,9.803672E-5
3.084759E2,1.290518E-3,7.826343E-5
3.085093E2,1.459793E-3,9.360086E-5
3.085426E2,1.596161E-3,1.092352E-4
3.085761E2,1.723461E-3,8.223448E-5
3.086094E2,1.891404E-3,1.005518E-4
3.086427E2,2.046890E-3,7.705890E-5
3.086761E2,2.230086E-3,8.977135E-5
3.087096E2,2.378678E-3,1.076279E-4
3.087429E2,2.460493E-3,8.283588E-5
3.087762E2,2.634030E-3,9.900919E-5
3.088096E2,2.785667E-3,1.112373E-4
3.088431E2,2.904417E-3,9.561166E-5
3.088764E2,3.055858E-3,1.038497E-4
3.089098E2,3.200992E-3,8.177589E-5
3.089431E2,3.360912E-3,9.840539E-5
3.089766E2,3.511702E-3,1.109317E-4
3.090099E2,3.606619E-3,8.278554E-5
3.090433E2,3.776355E-3,1.023170E-4
3.090766E2,3.903354E-3,1.140872E-4
3.091101E2,4.046237E-3,8.946713E-5
3.091434E2,4.190942E-3,9.798017E-5
3.091768E2,4.318356E-3,1.101491E-4
3.092101E2,4.401738E-3,8.432232E-5
3.092436E2,4.580192E-3,9.838618E-5
3.092769E2,4.667228E-3,1.090127E-4
3.093102E2,4.770140E-3,8.610988E-5
3.093436E2,4.936658E-3,1.022852E-4
3.093771E2,5.085089E-3,1.155128E-4
3.094104E2,5.168015E-3,9.069949E-5
3.094437E2,5.317925E-3,9.290693E-5
3.094770E2,5.440417E-3,1.085084E-4
3.095106E2,5.547026E-3,9.093875E-5
3.095439E2,5.680367E-3,1.019197E-4
3.095773E2,5.790104E-3,1.130494E-4
3.096106E2,5.892393E-3,8.890148E-5
3.096440E2,6.066950E-3,1.008798E-4
3.096774E2,6.172845E-3,1.127232E-4
3.097107E2,6.275490E-3,8.771134E-5
3.097440E2,6.439792E-3,1.031834E-4
3.097776E2,6.555721E-3,1.067583E-4
3.098109E2,6.631636E-3,8.887791E-5
3.098443E2,6.780844E-3,9.676051E-5
3.098776E2,6.890484E-3,1.047433E-4
3.099111E2,6.985753E-3,1.174460E-4
3.099444E2,7.075010E-3,9.138287E-5
3.099777E2,7.217140E-3,1.015224E-4
3.100111E2,7.321330E-3,1.109912E-4
3.100446E2,7.402740E-3,8.436438E-5
3.100779E2,7.539473E-3,9.795321E-5
3.101112E2,7.640348E-3,1.093271E-4
3.101446E2,7.712885E-3,1.146845E-4
3.101781E2,7.784644E-3,8.689834E-5
3.102114E2,7.939845E-3,1.000505E-4
3.102447E2,8.033965E-3,1.056537E-4
3.102780E2,8.112666E-3,1.113358E-4
3.103115E2,8.207644E-3,8.286949E-5
3.103449E2,8.316083E-3,9.458954E-5
3.103782E2,8.394833E-3,1.026317E-4
3.104115E2,8.467600E-3,1.120266E-4
3.104450E2,8.516993E-3,1.171075E-4
3.104784E2,8.586727E-3,8.523122E-5
3.105117E2,8.719015E-3,9.278201E-5
3.105450E2,8.807141E-3,1.134595E-4
3.105785E2,8.867390E-3,1.103715E-4
3.106119E2,8.896745E-3,1.198723E-4
3.106452E2,8.925395E-3,8.717563E-5
3.106785E2,9.056604E-3,9.655230E-5
3.107120E2,9.118426E-3,1.025461E-4
3.107454E2,9.203177E-3,1.118263E-4
3.107787E2,9.250585E-3,1.184779E-4
3.108120E2,9.294054E-3,1.210081E-4
3.108455E2,9.342223E-3,9.085426E-5
3.108789E2,9.445346E-3,1.012101E-4
3.109122E2,9.496522E-3,1.029233E-4
3.109455E2,9.549182E-3,1.086672E-4
3.109790E2,9.593481E-3,1.162322E-4
3.110124E2,9.642011E-3,1.203981E-4
3.110457E2,9.652206E-3,1.296402E-4
3.110790E2,9.696503E-3,8.264488E-5
3.111125E2,9.796933E-3,9.720317E-5
3.111459E2,9.856242E-3,1.051912E-4
3.111792E2,9.898651E-3,1.082961E-4
3.112125E2,9.910987E-3,1.095819E-4
3.112460E2,9.939368E-3,1.135728E-4
3.112793E2,9.979718E-3,1.168348E-4
3.113126E2,9.995687E-3,1.167063E-4
3.113460E2,1.003972E-2,1.202648E-4
3.113795E2,1.004762E-2,1.142920E-4
3.114129E2,1.001327E-2,1.127678E-4
3.114462E2,1.003102E-2,1.220863E-4
3.114795E2,1.001787E-2,1.179541E-4
3.115130E2,1.001815E-2,1.207612E-4
3.115463E2,1.000203E-2,1.212172E-4
3.115797E2,1.001224E-2,1.231149E-4
3.116130E2,1.000503E-2,1.226781E-4
3.116465E2,1.000337E-2,1.225489E-4
3.116799E2,1.000814E-2,1.222101E-4
3.117132E2,9.994416E-3,1.222586E-4
3.117465E2,9.985127E-3,1.215955E-4
3.117800E2,9.981253E-3,1.216513E-4
3.118133E2,9.968475E-3,1.217087E-4
3.118466E2,9.959698E-3,1.210868E-4
3.118800E2,9.953743E-3,1.215864E-4
3.119135E2,9.957252E-3,1.226325E-4
3.119468E2,9.955983E-3,1.233595E-4
3.119802E2,9.949247E-3,1.226425E-4
3.120135E2,9.948068E-3,1.219787E-4
3.120470E2,9.941373E-3,1.207093E-4
3.120804E2,9.940203E-3,1.204178E-4
3.121137E2,9.939777E-3,1.212544E-4
3.121470E2,9.937013E-3,1.209954E-4
3.121805E2,9.928508E-3,1.225027E-4
3.122138E2,9.925808E-3,1.225181E-4
3.122472E2,9.912801E-3,1.214393E-4
3.122805E2,9.899600E-3,1.218568E-4
3.123140E2,9.868852E-3,1.114030E-4
3.123473E2,9.869057E-3,1.089459E-4
3.123807E2,9.848548E-3,1.035424E-4
3.124140E2,9.837398E-3,1.019249E-4
3.124475E2,9.818202E-3,9.518321E-5
3.124808E2,9.817240E-3,1.000475E-4
3.125141E2,9.800494E-3,9.344317E-5
3.125475E2,9.813249E-3,9.346044E-5
3.125811E2,9.806543E-3,9.150071E-5
3.126144E2,9.769040E-3,8.458960E-5
3.126477E2,9.770796E-3,8.864635E-5
3.126810E2,9.741421E-3,7.948867E-5
3.127145E2,9.738257E-3,8.014498E-5
3.127478E2,9.748878E-3,8.424971E-5
3.127811E2,9.734750E-3,7.779270E-5
3.128145E2,9.729549E-3,7.608767E-5
3.128480E2,9.715895E-3,8.155981E-5
3.128813E2,9.676239E-3,1.053186E-4
3.129146E2,9.541380E-3,9.352402E-5
3.129480E2,9.483807E-3,9.655272E-5
3.129815E2,9.407334E-3,8.555510E-5
3.130148E2,9.378883E-3,8.074970E-5
3.130481E2,9.367771E-3,8.356274E-5
3.130815E2,9.328269E-3,7.842893E-5
3.131150E2,9.297756E-3,1.001563E-4
3.131483E2,9.151622E-3,9.250854E-5
3.131816E2,9.072592E-3,8.743611E-5
3.132150E2,9.009745E-3,8.083529E-5
3.132485E2,8.957631E-3,7.381360E-5
3.132818E2,8.934369E-3,7.618495E-5
3.133152E2,8.904112E-3,9.264721E-5
3.133485E2,8.753899E-3,8.923363E-5
3.133820E2,8.687614E-3,8.631767E-5
3.134153E2,8.585113E-3,8.052566E-5
3.134486E2,8.527535E-3,9.778970E-5
3.134820E2,8.390202E-3,9.298421E-5
3.135154E2,8.275246E-3,8.109537E-5
3.135488E2,8.230106E-3,7.442502E-5
3.135821E2,8.168294E-3,8.085685E-5
3.136154E2,8.101128E-3,9.118613E-5
3.136490E2,7.958973E-3,8.392486E-5
3.136823E2,7.849506E-3,7.610798E-5
3.137156E2,7.775182E-3,7.607518E-5
3.137489E2,7.697664E-3,8.423834E-5
3.137825E2,7.558506E-3,7.978828E-5
3.138158E2,7.478861E-3,7.452286E-5
3.138491E2,7.407550E-3,7.271255E-5
3.138824E2,7.333888E-3,8.319067E-5
3.139160E2,7.168490E-3,7.642060E-5
3.139493E2,7.061021E-3,7.699916E-5
3.139826E2,6.979484E-3,8.853304E-5
3.140159E2,6.816006E-3,8.536047E-5
3.140494E2,6.707066E-3,8.098248E-5
3.140828E2,6.635582E-3,7.767965E-5
3.141161E2,6.538421E-3,8.512341E-5
3.141494E2,6.405172E-3,8.170392E-5
3.141829E2,6.275956E-3,7.607045E-5
3.142163E2,6.181653E-3,8.987824E-5
3.142496E2,6.024546E-3,9.016501E-5
3.142829E2,5.909598E-3,7.860351E-5
3.143164E2,5.806279E-3,8.221517E-5
3.143498E2,5.656014E-3,8.235561E-5
3.143831E2,5.543519E-3,7.981178E-5
3.144164E2,5.444945E-3,9.384825E-5
3.144499E2,5.241595E-3,8.454626E-5
3.144833E2,5.140280E-3,8.319715E-5
3.145166E2,5.045822E-3,9.595853E-5
3.145499E2,4.861258E-3,8.243017E-5
3.145834E2,4.731065E-3,6.929332E-5
3.146167E2,4.648392E-3,8.664387E-5
3.146501E2,4.488568E-3,7.531156E-5
3.146834E2,4.377391E-3,7.105711E-5
3.147169E2,4.229619E-3,8.212509E-5
3.147503E2,4.083065E-3,7.222704E-5
3.147836E2,3.964759E-3,7.325575E-5
3.148169E2,3.831335E-3,8.194673E-5
3.148504E2,3.681689E-3,7.885717E-5
3.148837E2,3.586735E-3,7.527332E-5
3.149171E2,3.471851E-3,8.297024E-5
3.149504E2,3.315185E-3,7.304470E-5
3.149839E2,3.165143E-3,7.888410E-5
3.150172E2,2.984313E-3,8.190498E-5
3.150505E2,2.842942E-3,6.836292E-5
3.150839E2,2.726884E-3,9.008313E-5
3.151174E2,2.558443E-3,7.580632E-5
3.151507E2,2.443103E-3,7.031379E-5
3.151841E2,2.323980E-3,7.748605E-5
3.152174E2,2.167833E-3,7.315194E-5
3.152509E2,2.018215E-3,8.910400E-5
3.152842E2,1.825684E-3,8.415080E-5
3.153176E2,1.698398E-3,8.126729E-5
3.153509E2,1.573703E-3,9.046317E-5
3.153844E2,1.396574E-3,7.719757E-5
3.154177E2,1.293714E-3,7.652385E-5
3.154511E2,1.171557E-3,8.580251E-5
3.154844E2,1.007705E-3,7.612836E-5
3.155179E2,8.603783E-4,8.825588E-5
3.155512E2,6.795497E-4,8.554454E-5
3.155846E2,5.416400E-4,7.531104E-5
3.156179E2,4.455963E-4,9.546440E-5
3.156514E2,2.416947E-4,8.025254E-5
3.156847E2,1.378478E-4,8.110478E-5
3.157180E2,1.515272E-5,8.069046E-5
3.157514E2,-1.412400E-4,8.064193E-5
3.157849E2,-2.898641E-4,9.149859E-5
3.158182E2,-4.645263E-4,7.831623E-5
3.158515E2,-6.037577E-4,6.987231E-5
3.158849E2,-7.180901E-4,8.621036E-5
3.159184E2,-9.098771E-4,7.646024E-5
3.159517E2,-1.003429E-3,7.315853E-5
3.159851E2,-1.122241E-3,8.370508E-5
3.160184E2,-1.281558E-3,6.878802E-5
3.160519E2,-1.401571E-3,9.014660E-5
3.160852E2,-1.600831E-3,8.459307E-5
3.161185E2,-1.739875E-3,7.429707E-5
3.161518E2,-1.860993E-3,8.144193E-5
3.161854E2,-2.035804E-3,7.856141E-5
3.162187E2,-2.133576E-3,6.959534E-5
3.162520E2,-2.244610E-3,8.432414E-5
3.162853E2,-2.409539E-3,7.573374E-5
3.163189E2,-2.540425E-3,7.082118E-5
3.163522E2,-2.647700E-3,9.207116E-5
3.163855E2,-2.806882E-3,7.701296E-5
3.164188E2,-2.922978E-3,7.301362E-5
3.164524E2,-3.041401E-3,8.674746E-5
3.164857E2,-3.184841E-3,7.513152E-5
3.165190E2,-3.290951E-3,7.676395E-5
3.165524E2,-3.393924E-3,9.262788E-5
3.165859E2,-3.579992E-3,8.338671E-5
3.166192E2,-3.676469E-3,7.961131E-5
3.166525E2,-3.768916E-3,8.907639E-5
3.166859E2,-3.959504E-3,7.890002E-5
3.167194E2,-4.056681E-3,7.572701E-5
3.167527E2,-4.130265E-3,8.982792E-5
3.167860E2,-4.282948E-3,8.896706E-5
3.168193E2,-4.392368E-3,7.957806E-5
3.168529E2,-4.530309E-3,9.490311E-5
3.168862E2,-4.683037E-3,8.153092E-5
3.169195E2,-4.793127E-3,7.947061E-5
3.169528E2,-4.885852E-3,9.099223E-5
3.169864E2,-5.053468E-3,8.660629E-5
3.170197E2,-5.152377E-3,7.607023E-5
3.170530E2,-5.225265E-3,9.036913E-5
3.170864E2,-5.405787E-3,8.248483E-5
3.171199E2,-5.521271E-3,8.444331E-5
3.171532E2,-5.605692E-3,9.612958E-5
3.171865E2,-5.785349E-3,9.355396E-5
3.172199E2,-5.892101E-3,8.228426E-5
3.172533E2,-5.981377E-3,7.372818E-5
3.172867E2,-6.038728E-3,8.755592E-5
3.173200E2,-6.177982E-3,8.327721E-5
3.173533E2,-6.279098E-3,7.610655E-5
3.173868E2,-6.369845E-3,9.457792E-5
3.174202E2,-6.535002E-3,9.149216E-5
3.174535E2,-6.647706E-3,7.326496E-5
3.174868E2,-6.726709E-3,7.734671E-5
3.175203E2,-6.796493E-3,8.809750E-5
3.175537E2,-6.926191E-3,8.482957E-5
3.175870E2,-6.994961E-3,8.470029E-5
3.176203E2,-7.076843E-3,8.273115E-5
3.176538E2,-7.118898E-3,7.380924E-5
3.176871E2,-7.197180E-3,8.600834E-5
3.177205E2,-7.327379E-3,8.087517E-5
3.177538E2,-7.415748E-3,8.810542E-5
3.177873E2,-7.497671E-3,7.192497E-5
3.178206E2,-7.535239E-3,9.678407E-5
3.178540E2,-7.650406E-3,8.904487E-5
3.178873E2,-7.737659E-3,8.430540E-5
3.179208E2,-7.787211E-3,7.707424E-5
3.179541E2,-7.867472E-3,7.908082E-5
3.179875E2,-7.919774E-3,9.306789E-5
3.180208E2,-8.052581E-3,8.678274E-5
3.180543E2,-8.140728E-3,8.384062E-5
3.180877E2,-8.182565E-3,7.326008E-5
3.181210E2,-8.204680E-3,8.130643E-5
3.181543E2,-8.229098E-3,7.491460E-5
3.181878E2,-8.269971E-3,7.087410E-5
3.182211E2,-8.319304E-3,8.503185E-5
3.182545E2,-8.426135E-3,8.418619E-5
3.182878E2,-8.507879E-3,8.714569E-5
3.183213E2,-8.571782E-3,8.584886E-5
3.183546E2,-8.576425E-3,7.998443E-5
3.183880E2,-8.604531E-3,7.624625E-5
3.184213E2,-8.604686E-3,8.151578E-5
3.184549E2,-8.631638E-3,7.795067E-5
3.184882E2,-8.658613E-3,8.697642E-5
3.185215E2,-8.767352E-3,8.891086E-5
3.185549E2,-8.845012E-3,9.247926E-5
3.185883E2,-8.891626E-3,8.563442E-5
3.186217E2,-8.920102E-3,8.272322E-5
3.186550E2,-8.934339E-3,8.588664E-5
3.186883E2,-8.934206E-3,8.912112E-5
3.187218E2,-8.936641E-3,8.397629E-5
3.187552E2,-8.966758E-3,8.843288E-5
3.187885E2,-8.976306E-3,8.191284E-5
3.188218E2,-8.970191E-3,9.248306E-5
3.188553E2,-9.002868E-3,8.178443E-5
3.188886E2,-8.980299E-3,8.621682E-5
3.189219E2,-8.981140E-3,8.670979E-5
3.189553E2,-8.967903E-3,9.108127E-5
3.189888E2,-8.983944E-3,8.766692E-5
3.190221E2,-8.959509E-3,9.311727E-5
3.190555E2,-8.946608E-3,9.487310E-5
3.190888E2,-8.942748E-3,9.576201E-5
3.191223E2,-8.940580E-3,9.662097E-5
3.191556E2,-8.932334E-3,9.655783E-5
3.191890E2,-8.930578E-3,9.603837E-5
3.192223E2,-8.931730E-3,9.511292E-5
3.192558E2,-8.934445E-3,9.268828E-5
3.192891E2,-8.926762E-3,9.403189E-5
3.193224E2,-8.921602E-3,9.487748E-5
3.193558E2,-8.917297E-3,9.576879E-5
3.193893E2,-8.910778E-3,9.906446E-5
3.194226E2,-8.910091E-3,9.827218E-5
3.194559E2,-8.905109E-3,9.455152E-5
3.194893E2,-8.903940E-3,9.545902E-5
3.195228E2,-8.902559E-3,9.660023E-5
3.195561E2,-8.892834E-3,9.903644E-5
3.195894E2,-8.874561E-3,9.995647E-5
3.196228E2,-8.879284E-3,9.722930E-5
3.196563E2,-8.848219E-3,9.916212E-5
3.196896E2,-8.849353E-3,9.561257E-5
3.197229E2,-8.830077E-3,9.303514E-5
3.197562E2,-8.832740E-3,9.224270E-5
3.197897E2,-8.819510E-3,9.582681E-5
3.198231E2,-8.801534E-3,9.262846E-5
3.198564E2,-8.776055E-3,9.366663E-5
3.198897E2,-8.787144E-3,9.095310E-5
3.199233E2,-8.747330E-3,9.095715E-5
3.199566E2,-8.771246E-3,9.072288E-5
3.199899E2,-8.748623E-3,9.738297E-5
3.200233E2,-8.757267E-3,9.704626E-5
3.200568E2,-8.741413E-3,1.022793E-4
3.200901E2,-8.719431E-3,9.494534E-5
3.201235E2,-8.698470E-3,1.014882E-4
3.201568E2,-8.687221E-3,1.024806E-4
3.201903E2,-8.664020E-3,1.017751E-4
3.202236E2,-8.666314E-3,1.082350E-4
3.202569E2,-8.667324E-3,1.048974E-4
3.202902E2,-8.660969E-3,1.060639E-4
3.203238E2,-8.636702E-3,7.405557E-5
3.203571E2,-8.511312E-3,8.767802E-5
3.203905E2,-8.435675E-3,9.010101E-5
3.204238E2,-8.380930E-3,9.119582E-5
3.204573E2,-8.318567E-3,9.895230E-5
3.204906E2,-8.295855E-3,1.088161E-4
3.205239E2,-8.281484E-3,1.125920E-4
3.205573E2,-8.246207E-3,7.028216E-5
3.205907E2,-8.138221E-3,7.875906E-5
3.206241E2,-8.032919E-3,9.212836E-5
3.206574E2,-7.961953E-3,1.042645E-4
3.206907E2,-7.907991E-3,1.134509E-4
3.207242E2,-7.852480E-3,7.008695E-5
3.207576E2,-7.735208E-3,8.304213E-5
3.207909E2,-7.656091E-3,9.846438E-5
3.208242E2,-7.586069E-3,1.031453E-4
3.208577E2,-7.540219E-3,1.084030E-4
3.208910E2,-7.446876E-3,8.606746E-5
3.209244E2,-7.325350E-3,9.392876E-5
3.209577E2,-7.231383E-3,1.015903E-4
3.209912E2,-7.123481E-3,6.841569E-5
3.210245E2,-6.993078E-3,8.171481E-5
3.210579E2,-6.905640E-3,1.010429E-4
3.210912E2,-6.814800E-3,1.107494E-4
3.211247E2,-6.741790E-3,8.081478E-5
3.211580E2,-6.578677E-3,8.711503E-5
3.211914E2,-6.458469E-3,1.113153E-4
3.212247E2,-6.361487E-3,7.146224E-5
3.212582E2,-6.213900E-3,9.001953E-5
3.212915E2,-6.118538E-3,9.700455E-5
3.213249E2,-6.043209E-3,1.081642E-4
3.213582E2,-5.962278E-3,8.087830E-5
3.213917E2,-5.793797E-3,9.370183E-5
3.214250E2,-5.683958E-3,1.037570E-4
3.214584E2,-5.577270E-3,7.583029E-5
3.214917E2,-5.417477E-3,9.361226E-5
3.215252E2,-5.307307E-3,9.962394E-5
3.215585E2,-5.230422E-3,1.102657E-4
3.215919E2,-5.151268E-3,8.101512E-5
3.216252E2,-4.993620E-3,1.010701E-4
3.216587E2,-4.868891E-3,1.092337E-4
3.216921E2,-4.782020E-3,7.613445E-5
3.217254E2,-4.628453E-3,8.832365E-5
3.217587E2,-4.509272E-3,1.046128E-4
3.217922E2,-4.397613E-3,7.690875E-5
3.218256E2,-4.260285E-3,9.094215E-5
3.218589E2,-4.127626E-3,1.070283E-4
3.218922E2,-4.041379E-3,7.577187E-5
3.219257E2,-3.857594E-3,8.752843E-5
3.219590E2,-3.736360E-3,1.072900E-4
3.219923E2,-3.637538E-3,7.326742E-5
3.220257E2,-3.475876E-3,9.683755E-5
3.220592E2,-3.319843E-3,1.061076E-4
3.220925E2,-3.250821E-3,8.053854E-5
3.221258E2,-3.094551E-3,1.001862E-4
3.221592E2,-2.972823E-3,1.151689E-4
3.221927E2,-2.840258E-3,8.080683E-5
3.222260E2,-2.679855E-3,9.988231E-5
3.222594E2,-2.541440E-3,7.739765E-5
3.222927E2,-2.371734E-3,9.013819E-5
3.223262E2,-2.228796E-3,1.052865E-4
3.223595E2,-2.129319E-3,8.384456E-5
3.223929E2,-1.968432E-3,9.707238E-5
3.224262E2,-1.843023E-3,1.110872E-4
3.224597E2,-1.703672E-3,8.737555E-5
3.224930E2,-1.541793E-3,9.927592E-5
3.225263E2,-1.397051E-3,7.760344E-5
3.225597E2,-1.221285E-3,9.463981E-5
3.225932E2,-1.079321E-3,1.041048E-4
3.226265E2,-9.761326E-4,8.842138E-5
3.226598E2,-8.083514E-4,9.904190E-5
3.226932E2,-6.671853E-4,1.088919E-4
3.227267E2,-5.510417E-4,8.484500E-5
3.227600E2,-3.799590E-4,9.839965E-5
3.227934E2,-2.589229E-4,1.106693E-4
3.228267E2,-1.468053E-4,8.864583E-5
3.228602E2,2.289561E-5,9.779095E-5
3.228935E2,1.379866E-4,7.656441E-5
3.229268E2,3.074570E-4,9.064212E-5
3.229602E2,4.356794E-4,1.091020E-4
3.229936E2,5.894761E-4,9.162941E-5
3.230270E2,7.610766E-4,9.587588E-5
3.230603E2,8.887286E-4,1.118895E-4
3.230936E2,9.964373E-4,8.202943E-5
3.231272E2,1.152961E-3,1.013084E-4
3.231605E2,1.249307E-3,1.155003E-4
3.231938E2,1.370792E-3,9.208802E-5
3.232272E2,1.534334E-3,1.009221E-4
3.232607E2,1.673130E-3,8.319897E-5
3.232940E2,1.842004E-3,9.789486E-5
3.233273E2,1.989745E-3,1.088893E-4
3.233607E2,2.111623E-3,8.567345E-5
3.233941E2,2.283704E-3,1.032284E-4
3.234275E2,2.392880E-3,1.125318E-4
3.234608E2,2.501690E-3,9.243549E-5
3.234941E2,2.650320E-3,1.031186E-4
3.235276E2,2.791363E-3,1.143163E-4
3.235610E2,2.894475E-3,8.713819E-5
3.235943E2,3.063239E-3,1.025189E-4
3.236276E2,3.179415E-3,1.169523E-4
3.236611E2,3.289473E-3,9.197167E-5
3.236945E2,3.438367E-3,1.109550E-4
3.237278E2,3.553336E-3,1.202626E-4
3.237611E2,3.646800E-3,9.199614E-5
3.237947E2,3.826419E-3,1.089493E-4
3.238280E2,3.938479E-3,1.181233E-4
3.238613E2,4.048642E-3,8.732571E-5
3.238947E2,4.202890E-3,1.075394E-4
3.239281E2,4.331670E-3,1.122971E-4
3.239615E2,4.401410E-3,8.410994E-5
3.239948E2,4.560695E-3,1.037683E-4
3.240281E2,4.665969E-3,1.139701E-4
3.240616E2,4.785142E-3,8.474004E-5
3.240949E2,4.959204E-3,1.053157E-4
3.241283E2,5.064712E-3,1.123385E-4
3.241616E2,5.164565E-3,8.740378E-5
3.241951E2,5.333618E-3,9.979780E-5
3.242284E2,5.420943E-3,1.163826E-4
3.242618E2,5.507355E-3,9.064917E-5
3.242951E2,5.668303E-3,1.057015E-4
3.243286E2,5.797580E-3,1.183614E-4
3.243620E2,5.898971E-3,8.923401E-5
3.243953E2,6.052141E-3,1.016400E-4
3.244286E2,6.168692E-3,1.181672E-4
3.244621E2,6.269392E-3,9.058161E-5
3.244955E2,6.414149E-3,1.050623E-4
3.245288E2,6.508883E-3,1.128195E-4
3.245621E2,6.594105E-3,1.213328E-4
3.245956E2,6.688771E-3,9.010869E-5
3.246289E2,6.826370E-3,1.050503E-4
3.246623E2,6.936635E-3,1.157903E-4
3.246956E2,7.019184E-3,8.453634E-5
3.247291E2,7.179106E-3,9.957637E-5
3.247624E2,7.264375E-3,1.073178E-4
3.247958E2,7.339977E-3,1.182212E-4
3.248291E2,7.414280E-3,8.852715E-5
3.248626E2,7.548612E-3,9.852318E-5
3.248960E2,7.651551E-3,1.091959E-4
3.249293E2,7.746257E-3,1.189094E-4
3.249626E2,7.816060E-3,8.614573E-5
3.249961E2,7.953836E-3,9.513497E-5
3.250295E2,8.029619E-3,1.065418E-4
3.250628E2,8.082614E-3,1.110690E-4
3.250961E2,8.147913E-3,1.249395E-4
3.251296E2,8.187447E-3,8.151332E-5
3.251629E2,8.334072E-3,9.824782E-5
3.251963E2,8.418615E-3,1.044980E-4
3.252296E2,8.504141E-3,1.148104E-4
3.252631E2,8.568947E-3,8.561302E-5
3.252964E2,8.670317E-3,9.833953E-5
3.253298E2,8.735093E-3,1.006367E-4
3.253631E2,8.795369E-3,1.134614E-4
3.253966E2,8.831127E-3,1.124514E-4
3.254299E2,8.895679E-3,1.274324E-4
3.254633E2,8.939486E-3,8.683140E-5
3.254966E2,9.058294E-3,9.918427E-5
3.255301E2,9.141532E-3,1.066352E-4
3.255634E2,9.167875E-3,1.140525E-4
3.255968E2,9.213113E-3,1.174390E-4
3.256301E2,9.250548E-3,1.224789E-4
3.256636E2,9.267352E-3,1.227955E-4
3.256969E2,9.294886E-3,1.288346E-4
3.257302E2,9.326896E-3,9.140868E-5
3.257636E2,9.447816E-3,1.009525E-4
3.257971E2,9.503903E-3,1.064973E-4
3.258304E2,9.529144E-3,1.078016E-4
3.258637E2,9.570209E-3,1.124647E-4
3.258971E2,9.577565E-3,1.149597E-4
3.259306E2,9.606924E-3,1.249224E-4
3.259639E2,9.622896E-3,1.210835E-4
3.259972E2,9.635614E-3,1.248185E-4
3.260306E2,9.648905E-3,1.284581E-4
3.260641E2,9.658297E-3,1.234451E-4
3.260974E2,9.630848E-3,1.210253E-4
3.261307E2,9.666132E-3,1.303460E-4
3.261641E2,9.638626E-3,1.274510E-4
3.261976E2,9.637679E-3,1.275100E-4
3.262309E2,9.630006E-3,1.268794E-4
3.262642E2,9.637304E-3,1.271500E-4
3.262976E2,9.637193E-3,1.294692E-4
3.263311E2,9.639136E-3,1.306443E-4
3.263644E2,9.619428E-3,1.268614E-4
3.263977E2,9.619458E-3,1.259639E-4
3.264311E2,9.610613E-3,1.240776E-4
3.264646E2,9.616797E-3,1.282763E-4
3.264979E2,9.603846E-3,1.238748E-4
3.265312E2,9.596612E-3,1.259194E-4
3.265646E2,9.585825E-3,1.273619E-4
3.265981E2,9.574658E-3,1.293631E-4
3.266314E2,9.569591E-3,1.288796E-4
3.266648E2,9.569519E-3,1.283264E-4
3.266981E2,9.566276E-3,1.276961E-4
3.267316E2,9.564096E-3,1.260523E-4
3.267649E2,9.563313E-3,1.264114E-4
3.267982E2,9.561918E-3,1.266499E-4
3.268316E2,9.561233E-3,1.269082E-4
3.268650E2,9.551184E-3,1.262133E-4
3.268984E2,9.547309E-3,1.258807E-4
3.269317E2,9.542672E-3,1.255034E-4
3.269650E2,9.524007E-3,1.248846E-4
3.269986E2,9.489766E-3,1.179829E-4
3.270320E2,9.501103E-3,1.162776E-4
3.270653E2,9.491725E-3,1.125910E-4
3.270986E2,9.456989E-3,1.088205E-4
3.271321E2,9.457659E-3,1.071285E-4
3.271654E2,9.462973E-3,1.094804E-4
3.271987E2,9.436607E-3,1.029781E-4
3.272321E2,9.447551E-3,1.033888E-4
3.272655E2,9.456312E-3,1.049839E-4
3.272989E2,9.404982E-3,9.532001E-5
3.273322E2,9.409985E-3,9.329095E-5
3.273655E2,9.362783E-3,8.708405E-5
3.273990E2,9.351894E-3,7.497620E-5
3.274324E2,9.362720E-3,7.550434E-5
3.274657E2,9.362314E-3,7.943279E-5
3.274990E2,9.349377E-3,7.264520E-5
3.275328E2,9.353415E-3,7.830661E-5
3.275661E2,9.318900E-3,7.453028E-5
3.275994E2,9.292022E-3,9.737725E-5
3.276328E2,9.162268E-3,9.224453E-5
3.276663E2,9.092509E-3,9.391954E-5
3.276996E2,9.054207E-3,9.013243E-5
3.277330E2,9.025092E-3,8.548667E-5
3.277663E2,8.974117E-3,7.457014E-5
3.277995E2,8.965250E-3,8.106862E-5
3.278328E2,8.913880E-3,1.086863E-4
3.278662E2,8.780600E-3,9.869460E-5
3.278995E2,8.694053E-3,9.213200E-5
3.279331E2,8.623672E-3,8.432423E-5
3.279664E2,8.591294E-3,7.868273E-5
3.279997E2,8.561116E-3,8.137150E-5
3.280330E2,8.509690E-3,1.018945E-4
3.280666E2,8.391864E-3,9.083945E-5
3.280999E2,8.289910E-3,8.406093E-5
3.281332E2,8.213663E-3,7.851409E-5
3.281665E2,8.158447E-3,7.446664E-5
3.282000E2,8.079375E-3,9.643826E-5
3.282334E2,7.975524E-3,9.198440E-5
3.282667E2,7.904777E-3,8.362862E-5
3.283000E2,7.822173E-3,7.717505E-5
3.283335E2,7.761529E-3,9.851724E-5
3.283668E2,7.591339E-3,9.105152E-5
3.284002E2,7.502821E-3,7.882144E-5
3.284335E2,7.428623E-3,7.490220E-5
3.284670E2,7.331534E-3,8.435399E-5
3.285003E2,7.204436E-3,8.176676E-5
3.285337E2,7.124206E-3,7.945433E-5
3.285670E2,7.027595E-3,7.127841E-5
3.286006E2,6.943707E-3,8.582744E-5
3.286339E2,6.796851E-3,8.625654E-5
3.286672E2,6.697881E-3,8.012839E-5
3.287005E2,6.615642E-3,9.615897E-5
3.287340E2,6.440597E-3,8.515136E-5
3.287673E2,6.354804E-3,7.939902E-5
3.288007E2,6.272033E-3,7.832287E-5
3.288340E2,6.179876E-3,9.072121E-5
3.288675E2,6.026946E-3,8.127717E-5
3.289008E2,5.923766E-3,7.923669E-5
3.289342E2,5.820066E-3,9.084771E-5
3.289675E2,5.656169E-3,8.478454E-5
3.290010E2,5.539691E-3,8.032375E-5
3.290343E2,5.463450E-3,9.786765E-5
3.290676E2,5.287864E-3,8.545558E-5
3.291010E2,5.188966E-3,7.994453E-5
3.291345E2,5.068223E-3,9.084396E-5
3.291678E2,4.901632E-3,8.687665E-5
3.292011E2,4.771789E-3,7.828962E-5
3.292345E2,4.664717E-3,9.388117E-5
3.292680E2,4.497294E-3,8.519744E-5
3.293013E2,4.405926E-3,7.719971E-5
3.293347E2,4.294899E-3,8.599927E-5
3.293680E2,4.121408E-3,7.893014E-5
3.294015E2,3.976668E-3,7.055300E-5
3.294348E2,3.879457E-3,8.697188E-5
3.294681E2,3.735813E-3,8.693178E-5
3.295014E2,3.586855E-3,7.446738E-5
3.295350E2,3.484052E-3,8.478802E-5
3.295683E2,3.342299E-3,8.438038E-5
3.296016E2,3.233417E-3,7.540949E-5
3.296349E2,3.114511E-3,7.738101E-5
3.296685E2,2.937132E-3,7.389838E-5
3.297018E2,2.816141E-3,6.236374E-5
3.297351E2,2.706924E-3,8.321118E-5
3.297684E2,2.555206E-3,7.688499E-5
3.298020E2,2.419252E-3,9.419205E-5
3.298353E2,2.243458E-3,8.201762E-5
3.298687E2,2.117942E-3,6.857426E-5
3.299020E2,2.007525E-3,8.675821E-5
3.299354E2,1.806406E-3,8.083709E-5
3.299688E2,1.691293E-3,7.397842E-5
3.300021E2,1.567333E-3,8.528223E-5
3.300354E2,1.400734E-3,8.071139E-5
3.300690E2,1.269037E-3,9.077341E-5
3.301023E2,1.096935E-3,8.617186E-5
3.301356E2,9.838522E-4,8.057645E-5
3.301690E2,8.486961E-4,8.809443E-5
3.302025E2,6.639002E-4,7.813236E-5
3.302358E2,5.390561E-4,7.179914E-5
3.302691E2,4.268500E-4,8.483139E-5
3.303025E2,2.637406E-4,8.169615E-5
3.303360E2,1.266015E-4,9.620517E-5
3.303693E2,-4.707455E-5,8.686862E-5
3.304026E2,-1.829441E-4,7.785116E-5
3.304360E2,-2.902251E-4,8.898412E-5
3.304694E2,-4.956510E-4,8.448713E-5
3.305028E2,-6.024061E-4,7.487302E-5
3.305361E2,-7.189431E-4,9.246592E-5
3.305694E2,-8.938658E-4,7.381989E-5
3.306029E2,-1.017003E-3,9.401958E-5
3.306363E2,-1.186920E-3,8.546541E-5
3.306696E2,-1.314562E-3,7.074552E-5
3.307029E2,-1.409408E-3,9.489993E-5
3.307364E2,-1.607630E-3,7.737527E-5
3.307698E2,-1.745178E-3,7.329175E-5
3.308031E2,-1.864578E-3,9.467645E-5
3.308364E2,-2.022058E-3,7.838123E-5
3.308699E2,-2.132743E-3,6.189047E-5
3.309032E2,-2.218329E-3,9.218580E-5
3.309366E2,-2.387560E-3,7.581064E-5
3.309699E2,-2.494260E-3,7.016500E-5
3.310034E2,-2.625156E-3,8.802152E-5
3.310368E2,-2.781016E-3,8.076839E-5
3.310701E2,-2.900529E-3,6.968929E-5
3.311034E2,-3.015580E-3,8.786057E-5
3.311370E2,-3.169852E-3,7.799628E-5
3.311703E2,-3.262924E-3,7.250318E-5
3.312036E2,-3.365324E-3,9.042998E-5
3.312370E2,-3.531799E-3,8.262891E-5
3.312704E2,-3.659115E-3,5.988565E-5
3.313038E2,-3.750078E-3,9.560196E-5
3.313371E2,-3.904669E-3,8.552346E-5
3.313704E2,-4.012290E-3,7.654119E-5
3.314039E2,-4.137823E-3,1.005671E-4
3.314373E2,-4.279990E-3,8.470198E-5
3.314706E2,-4.387124E-3,7.613645E-5
3.315039E2,-4.461356E-3,1.037848E-4
3.315374E2,-4.664509E-3,8.654667E-5
3.315707E2,-4.760087E-3,7.764508E-5
3.316041E2,-4.836896E-3,7.244389E-5
3.316374E2,-4.957127E-3,9.166812E-5
3.316709E2,-5.078761E-3,8.409989E-5
3.317042E2,-5.159387E-3,8.108500E-5
3.317375E2,-5.227939E-3,9.490220E-5
3.317709E2,-5.395509E-3,8.356279E-5
3.318044E2,-5.517899E-3,7.408127E-5
3.318377E2,-5.596941E-3,7.638971E-5
3.318711E2,-5.681679E-3,8.976800E-5
3.319044E2,-5.825658E-3,8.872544E-5
3.319379E2,-5.923602E-3,7.551305E-5
3.319713E2,-5.985713E-3,9.461624E-5
3.320046E2,-6.134552E-3,8.712837E-5
3.320379E2,-6.235287E-3,7.813138E-5
3.320714E2,-6.321477E-3,7.414498E-5
3.321047E2,-6.400544E-3,9.109275E-5
3.321380E2,-6.551937E-3,8.584703E-5
3.321714E2,-6.649480E-3,8.363797E-5
3.322049E2,-6.727442E-3,6.999764E-5
3.322382E2,-6.764703E-3,8.835723E-5
3.322715E2,-6.898627E-3,8.685169E-5
3.323049E2,-6.995559E-3,8.098602E-5
3.323384E2,-7.057764E-3,7.618496E-5
3.323718E2,-7.132623E-3,9.157176E-5
3.324051E2,-7.289238E-3,9.051559E-5
3.324384E2,-7.374997E-3,8.613568E-5
3.324719E2,-7.443018E-3,7.536815E-5
3.325052E2,-7.476762E-3,7.064708E-5
3.325385E2,-7.504968E-3,7.482028E-5
3.325719E2,-7.537798E-3,8.391364E-5
3.326054E2,-7.635014E-3,8.054673E-5
3.326387E2,-7.751614E-3,8.430194E-5
3.326721E2,-7.827077E-3,7.667640E-5
3.327054E2,-7.862055E-3,7.709474E-5
3.327389E2,-7.932111E-3,9.681415E-5
3.327722E2,-8.033089E-3,9.057466E-5
3.328055E2,-8.090086E-3,8.610274E-5
3.328389E2,-8.157069E-3,7.996294E-5
3.328724E2,-8.188629E-3,7.566522E-5
3.329057E2,-8.243227E-3,7.981680E-5
3.329390E2,-8.259369E-3,7.635498E-5
3.329724E2,-8.292702E-3,9.726235E-5
3.330059E2,-8.418871E-3,8.969844E-5
3.330392E2,-8.466106E-3,8.865425E-5
3.330725E2,-8.511245E-3,8.536688E-5
3.331059E2,-8.531358E-3,8.275932E-5
3.331394E2,-8.567301E-3,8.288463E-5
3.331727E2,-8.599371E-3,8.351539E-5
3.332060E2,-8.617121E-3,8.109300E-5
3.332393E2,-8.635693E-3,7.947238E-5
3.332729E2,-8.647952E-3,8.282630E-5
3.333062E2,-8.634463E-3,8.250913E-5
3.333395E2,-8.645466E-3,7.968888E-5
3.333729E2,-8.614570E-3,8.604038E-5
3.334063E2,-8.619396E-3,8.447744E-5
3.334397E2,-8.629349E-3,7.967371E-5
3.334730E2,-8.627580E-3,7.743445E-5
3.335063E2,-8.610591E-3,8.189352E-5
3.335399E2,-8.621319E-3,8.056889E-5
3.335732E2,-8.609095E-3,8.651823E-5
3.336065E2,-8.606955E-3,8.744453E-5
3.336398E2,-8.593323E-3,8.824394E-5
3.336733E2,-8.614505E-3,8.733084E-5
3.337067E2,-8.590418E-3,9.068204E-5
3.337400E2,-8.579157E-3,9.039406E-5
3.337733E2,-8.569534E-3,9.285580E-5
3.338072E2,-8.569481E-3,9.054259E-5
3.338405E2,-8.564063E-3,9.500604E-5
3.338739E2,-8.561070E-3,9.404075E-5
3.339072E2,-8.558499E-3,9.832924E-5
3.339403E2,-8.553180E-3,9.192536E-5
3.339737E2,-8.547461E-3,9.703773E-5
3.340070E2,-8.547847E-3,9.369177E-5
3.340403E2,-8.543927E-3,9.461306E-5
3.340739E2,-8.531117E-3,1.031158E-4
3.341072E2,-8.530735E-3,1.019796E-4
3.341405E2,-8.527274E-3,1.031752E-4
3.341739E2,-8.527721E-3,1.028278E-4
3.342073E2,-8.523870E-3,1.022739E-4
3.342407E2,-8.520582E-3,1.024340E-4
3.342740E2,-8.498258E-3,1.115733E-4
3.343073E2,-8.498809E-3,1.038057E-4
3.343409E2,-8.475683E-3,1.039600E-4
3.343742E2,-8.483253E-3,1.039777E-4
3.344075E2,-8.457880E-3,1.033853E-4
3.344408E2,-8.458177E-3,1.007660E-4
3.344743E2,-8.443780E-3,1.012044E-4
3.345077E2,-8.445160E-3,1.006007E-4
3.345410E2,-8.403971E-3,9.637322E-5
3.345743E2,-8.404477E-3,9.383813E-5
3.346079E2,-8.380754E-3,9.702131E-5
3.346412E2,-8.390460E-3,9.339983E-5
3.346745E2,-8.388259E-3,9.355877E-5
3.347078E2,-8.387613E-3,9.457803E-5
3.347413E2,-8.397910E-3,9.136440E-5
3.347746E2,-8.338998E-3,9.704289E-5
3.348080E2,-8.319068E-3,9.417044E-5
3.348413E2,-8.308995E-3,9.320989E-5
3.348748E2,-8.285439E-3,8.540405E-5
3.349081E2,-8.301644E-3,9.200597E-5
3.349415E2,-8.311267E-3,9.097940E-5
3.349748E2,-8.307463E-3,1.005219E-4
3.350083E2,-8.294764E-3,9.957142E-5
3.350417E2,-8.258868E-3,6.904659E-5
3.350750E2,-8.136624E-3,8.069946E-5
3.351083E2,-8.049618E-3,9.254735E-5
3.351418E2,-7.992521E-3,9.223179E-5
3.351752E2,-7.963869E-3,9.786601E-5
3.352085E2,-7.944825E-3,1.025407E-4
3.352418E2,-7.900248E-3,1.111469E-4
3.352753E2,-7.868653E-3,7.961791E-5
3.353086E2,-7.734444E-3,8.719555E-5
3.353419E2,-7.652954E-3,9.631890E-5
3.353753E2,-7.584778E-3,1.030465E-4
3.354088E2,-7.517664E-3,1.138151E-4
3.354421E2,-7.490479E-3,8.220067E-5
3.354755E2,-7.381507E-3,9.282723E-5
3.355088E2,-7.290180E-3,9.639593E-5
3.355423E2,-7.212969E-3,1.033052E-4
3.355756E2,-7.137047E-3,1.113706E-4
3.356090E2,-7.073587E-3,8.014911E-5
3.356423E2,-6.944673E-3,9.158114E-5
3.356758E2,-6.843083E-3,9.929326E-5
3.357091E2,-6.789254E-3,1.082370E-4
3.357425E2,-6.749580E-3,1.146454E-4
3.357758E2,-6.693150E-3,7.731837E-5
3.358093E2,-6.565348E-3,9.611599E-5
3.358426E2,-6.416903E-3,1.072167E-4
3.358759E2,-6.356307E-3,7.165933E-5
3.359093E2,-6.203070E-3,8.347762E-5
3.359428E2,-6.085699E-3,9.668950E-5
3.359761E2,-6.020387E-3,1.056391E-4
3.360094E2,-5.959987E-3,7.554691E-5
3.360428E2,-5.804319E-3,8.366107E-5
3.360763E2,-5.668199E-3,1.032508E-4
3.361096E2,-5.585625E-3,7.286135E-5
3.361429E2,-5.423274E-3,8.831446E-5
3.361763E2,-5.318267E-3,9.723527E-5
3.362098E2,-5.221526E-3,1.063212E-4
3.362431E2,-5.161453E-3,7.367041E-5
3.362764E2,-5.007666E-3,9.196969E-5
3.363098E2,-4.908067E-3,1.051006E-4
3.363433E2,-4.794356E-3,7.342047E-5
3.363766E2,-4.654863E-3,9.148675E-5
3.364099E2,-4.520308E-3,1.134053E-4
3.364432E2,-4.424403E-3,7.872266E-5
3.364768E2,-4.252709E-3,9.343468E-5
3.365101E2,-4.150973E-3,1.123852E-4
3.365434E2,-4.050024E-3,8.794540E-5
3.365768E2,-3.898048E-3,9.793612E-5
3.366103E2,-3.757992E-3,1.099147E-4
3.366436E2,-3.646372E-3,8.239630E-5
3.366770E2,-3.484031E-3,9.186798E-5
3.367103E2,-3.354873E-3,1.098448E-4
3.367438E2,-3.246589E-3,8.709941E-5
3.367771E2,-3.107272E-3,1.004350E-4
3.368104E2,-2.979422E-3,1.094861E-4
3.368437E2,-2.879464E-3,8.004580E-5
3.368773E2,-2.673068E-3,1.086367E-4
3.369106E2,-2.570085E-3,1.171633E-4
3.369439E2,-2.476462E-3,7.398296E-5
3.369773E2,-2.314028E-3,9.053918E-5
3.370108E2,-2.171701E-3,1.106435E-4
3.370441E2,-2.093718E-3,8.347589E-5
3.370774E2,-1.943999E-3,9.819543E-5
3.371107E2,-1.826979E-3,1.121834E-4
3.371443E2,-1.689802E-3,8.663951E-5
3.371776E2,-1.531890E-3,9.565909E-5
3.372109E2,-1.393232E-3,7.486163E-5
3.372443E2,-1.229141E-3,8.699710E-5
3.372778E2,-1.087922E-3,9.957993E-5
3.373111E2,-9.858956E-4,7.578054E-5
3.373445E2,-8.092209E-4,1.013782E-4
3.373778E2,-6.758213E-4,1.135064E-4
3.374112E2,-5.558870E-4,7.766984E-5
3.374446E2,-4.017041E-4,9.581769E-5
3.374779E2,-2.632009E-4,1.103479E-4
3.375112E2,-1.534946E-4,8.242032E-5
3.375447E2,6.964718E-6,1.039724E-4
3.375780E2,1.335811E-4,7.849122E-5
3.376114E2,2.994757E-4,9.413031E-5
3.376447E2,4.133345E-4,1.038883E-4
3.376782E2,5.708319E-4,8.649858E-5
3.377116E2,7.341835E-4,1.002572E-4
3.377449E2,8.832187E-4,1.191311E-4
3.377782E2,9.734800E-4,8.567307E-5
3.378117E2,1.137830E-3,9.836693E-5
3.378451E2,1.244613E-3,1.146991E-4
3.378784E2,1.358473E-3,8.675653E-5
3.379117E2,1.514695E-3,1.110740E-4
3.379452E2,1.686140E-3,7.565509E-5
3.379786E2,1.834763E-3,9.602439E-5
3.380119E2,1.951318E-3,1.145828E-4
3.380452E2,2.097627E-3,8.385969E-5
3.380787E2,2.264468E-3,9.587353E-5
3.381120E2,2.387353E-3,1.178113E-4
3.381454E2,2.473060E-3,9.097383E-5
3.381787E2,2.637810E-3,9.975964E-5
3.382122E2,2.784295E-3,1.139055E-4
3.382456E2,2.885253E-3,8.159980E-5
3.382789E2,3.041559E-3,9.341823E-5
3.383122E2,3.167167E-3,1.031145E-4
3.383457E2,3.266885E-3,8.125849E-5
3.383791E2,3.402490E-3,9.974231E-5
3.384124E2,3.530712E-3,1.168491E-4
3.384457E2,3.642508E-3,8.590446E-5
3.384792E2,3.797823E-3,1.008305E-4
3.385125E2,3.923378E-3,1.122626E-4
3.385458E2,4.015113E-3,8.732219E-5
3.385792E2,4.174577E-3,9.890470E-5
3.386127E2,4.301758E-3,1.102584E-4
3.386460E2,4.377033E-3,8.410515E-5
3.386793E2,4.535286E-3,1.007544E-4
3.387127E2,4.636464E-3,1.062532E-4
3.387462E2,4.763891E-3,7.832731E-5
3.387796E2,4.916526E-3,9.079773E-5
3.388129E2,5.038564E-3,1.120110E-4
3.388462E2,5.121765E-3,8.294580E-5
3.388797E2,5.291750E-3,1.013881E-4
3.389130E2,5.385381E-3,1.107301E-4
3.389463E2,5.487047E-3,8.994833E-5
3.389797E2,5.651355E-3,1.082116E-4
3.390132E2,5.772587E-3,1.053402E-4
3.390465E2,5.871569E-3,8.826848E-5
3.390798E2,6.016020E-3,1.000661E-4
3.391132E2,6.134821E-3,1.161292E-4
3.391467E2,6.251615E-3,8.034460E-5
