0.000000E0,3.434087E-2,-4.097956E-4
1.668335E-2,3.434059E-2,-4.093460E-4
3.336670E-2,3.434038E-2,-4.091935E-4
5.005005E-2,2.953875E-2,-3.673723E-4
6.673340E-2,2.955725E-2,-3.824650E-4
8.341675E-2,2.835515E-2,-3.917085E-4
1.001001E-1,2.594353E-2,-3.788600E-4
1.167835E-1,2.595749E-2,-3.873413E-4
1.334668E-1,2.477292E-2,-3.862917E-4
1.501502E-1,2.360202E-2,-3.902802E-4
1.668335E-1,2.240071E-2,-3.939111E-4
1.835169E-1,2.123096E-2,-3.985771E-4
2.002002E-1,2.007922E-2,-3.953306E-4
2.168836E-1,1.892111E-2,-4.003005E-4
2.335669E-1,1.776598E-2,-4.043834E-4
2.502503E-1,1.662349E-2,-4.027413E-4
2.669336E-1,1.549249E-2,-4.034560E-4
2.836170E-1,1.435765E-2,-3.983784E-4
3.003003E-1,1.321740E-2,-4.008575E-4
3.169837E-1,1.208054E-2,-4.016520E-4
3.336670E-1,1.094678E-2,-4.043003E-4
3.503504E-1,9.812483E-3,-4.038440E-4
3.670337E-1,7.576030E-3,-3.964861E-4
3.837171E-1,7.598659E-3,-4.003228E-4
4.004004E-1,5.377967E-3,-3.990920E-4
4.170838E-1,4.250352E-3,-4.038403E-4
4.337671E-1,4.228142E-3,-4.044661E-4
4.504505E-1,1.974862E-3,-3.884476E-4
4.671338E-1,8.944252E-4,-3.846859E-4
4.838172E-1,9.025387E-4,-3.920367E-4
5.005005E-1,-1.373279E-3,-3.634779E-4
5.171839E-1,-1.375464E-3,-3.783529E-4
5.338672E-1,-1.376585E-3,-3.867978E-4
5.505506E-1,-1.377277E-3,-3.918134E-4
5.672339E-1,-6.030669E-3,-2.502847E-4
5.839173E-1,-7.188609E-3,-1.985912E-4
6.006006E-1,-7.157078E-3,-2.157491E-4
6.172840E-1,-9.520740E-3,-1.381827E-4
6.339673E-1,-1.075384E-2,-6.900297E-5
6.506507E-1,-1.194265E-2,-3.272407E-5
6.673340E-1,-1.311709E-2,-1.385189E-5
6.840174E-1,-1.434835E-2,2.521320E-5
7.007007E-1,-1.554873E-2,1.006727E-4
7.173841E-1,-1.673405E-2,1.612321E-4
7.340674E-1,-1.797178E-2,1.823406E-4
7.507508E-1,-1.912980E-2,2.718047E-4
7.674341E-1,-2.035866E-2,3.178298E-4
7.841175E-1,-2.159032E-2,3.582805E-4
8.008008E-1,-2.276424E-2,4.523814E-4
8.174842E-1,-2.395056E-2,5.046369E-4
8.341675E-1,-2.516880E-2,6.070877E-4
8.508509E-1,-2.635830E-2,6.723147E-4
8.675342E-1,-2.632791E-2,7.057070E-4
8.842176E-1,-2.868045E-2,8.316690E-4
9.009009E-1,-2.980896E-2,9.327986E-4
9.175843E-1,-2.977780E-2,9.228167E-4
9.342676E-1,-3.204576E-2,1.051010E-3
9.509510E-1,-3.315197E-2,1.106329E-3
9.676343E-1,-3.316238E-2,1.093253E-3
9.843177E-1,-3.535206E-2,1.215285E-3
1.001001E0,-3.533360E-2,1.225872E-3
1.017684E0,-3.745920E-2,1.328220E-3
1.034368E0,-3.745110E-2,1.361583E-3
1.051051E0,-3.744583E-2,1.378075E-3
1.067734E0,-4.053816E-2,1.539959E-3
1.084418E0,-4.054381E-2,1.549280E-3
1.101101E0,-4.252100E-2,1.657120E-3
1.117784E0,-4.349255E-2,1.736061E-3
1.134468E0,-4.349635E-2,1.732038E-3
1.151151E0,-4.539190E-2,1.842063E-3
1.167835E0,-4.629622E-2,1.914105E-3
1.184518E0,-4.721095E-2,1.946400E-3
1.201201E0,-4.811466E-2,1.992368E-3
1.217885E0,-4.900830E-2,2.067183E-3
1.234568E0,-4.986122E-2,2.104118E-3
1.251251E0,-5.073324E-2,2.147364E-3
1.267935E0,-5.160407E-2,2.237882E-3
1.284618E0,-5.243700E-2,2.285409E-3
1.301301E0,-5.324287E-2,2.312847E-3
1.317985E0,-5.406926E-2,2.419636E-3
1.334668E0,-5.487059E-2,2.477454E-3
1.351351E0,-5.570040E-2,2.559487E-3
1.368035E0,-5.650923E-2,2.607234E-3
1.384718E0,-5.648725E-2,2.584264E-3
1.401401E0,-5.814149E-2,2.705870E-3
1.418085E0,-5.892756E-2,2.778555E-3
1.434768E0,-5.892312E-2,2.751527E-3
1.451451E0,-6.053499E-2,2.865366E-3
1.468135E0,-6.133227E-2,2.927592E-3
1.484818E0,-6.134920E-2,2.908412E-3
1.501502E0,-6.292111E-2,3.047536E-3
1.518185E0,-6.289004E-2,3.047100E-3
1.534868E0,-6.441378E-2,3.183952E-3
1.551552E0,-6.437463E-2,3.193647E-3
1.568235E0,-6.435526E-2,3.198727E-3
1.584918E0,-6.656680E-2,3.403552E-3
1.601602E0,-6.658839E-2,3.389419E-3
1.618285E0,-6.801343E-2,3.518863E-3
1.634968E0,-6.867932E-2,3.591019E-3
1.651652E0,-6.931115E-2,3.631245E-3
1.668335E0,-6.994420E-2,3.711997E-3
1.685018E0,-7.058074E-2,3.769323E-3
1.701702E0,-7.119296E-2,3.800118E-3
1.718385E0,-7.180761E-2,3.880401E-3
1.735068E0,-7.241754E-2,3.928184E-3
1.751752E0,-7.293498E-2,3.977799E-3
1.768435E0,-7.345384E-2,4.035628E-3
1.785118E0,-7.399787E-2,4.087306E-3
1.801802E0,-7.446795E-2,4.108466E-3
1.818485E0,-7.495410E-2,4.175144E-3
1.835169E0,-7.541278E-2,4.224639E-3
1.851852E0,-7.585183E-2,4.249351E-3
1.868535E0,-7.621465E-2,4.278349E-3
1.885219E0,-7.656261E-2,4.324733E-3
1.901902E0,-7.658658E-2,4.335295E-3
1.918585E0,-7.728664E-2,4.396298E-3
1.935269E0,-7.728159E-2,4.378769E-3
1.951952E0,-7.783351E-2,4.441384E-3
1.968635E0,-7.808784E-2,4.485406E-3
1.985319E0,-7.809064E-2,4.496908E-3
2.002002E0,-7.857002E-2,4.530952E-3
2.018685E0,-7.857595E-2,4.524941E-3
2.035369E0,-7.896431E-2,4.548897E-3
2.052052E0,-7.894432E-2,4.536558E-3
2.068735E0,-7.893360E-2,4.529361E-3
2.085419E0,-7.939016E-2,4.551442E-3
2.102102E0,-7.939731E-2,4.538546E-3
2.118785E0,-7.962670E-2,4.544899E-3
2.135469E0,-7.960489E-2,4.535145E-3
2.152152E0,-7.976109E-2,4.528611E-3
2.168836E0,-7.981816E-2,4.535536E-3
2.185519E0,-7.983844E-2,4.516459E-3
2.202202E0,-7.991057E-2,4.525024E-3
2.218886E0,-7.994199E-2,4.526531E-3
2.235569E0,-7.995764E-2,4.528632E-3
2.252252E0,-7.995535E-2,4.526601E-3
2.268936E0,-7.994409E-2,4.526983E-3
2.285619E0,-7.992489E-2,4.521259E-3
2.302302E0,-7.991238E-2,4.518573E-3
2.318986E0,-7.990768E-2,4.517990E-3
2.335669E0,-7.989166E-2,4.513067E-3
2.352352E0,-7.984796E-2,4.503677E-3
2.369036E0,-7.982063E-2,4.521747E-3
2.385719E0,-7.973024E-2,4.506659E-3
2.402402E0,-7.973390E-2,4.510671E-3
2.419086E0,-7.952971E-2,4.504206E-3
2.435769E0,-7.944582E-2,4.514104E-3
2.452452E0,-7.943285E-2,4.515351E-3
2.469136E0,-7.916288E-2,4.526206E-3
2.485819E0,-7.913175E-2,4.523519E-3
2.502503E0,-7.877426E-2,4.505772E-3
2.519186E0,-7.876859E-2,4.510660E-3
2.535869E0,-7.836722E-2,4.492742E-3
2.552553E0,-7.839327E-2,4.502168E-3
2.569236E0,-7.840730E-2,4.507808E-3
2.585919E0,-7.763248E-2,4.476129E-3
2.602603E0,-7.762260E-2,4.491015E-3
2.619286E0,-7.698841E-2,4.472817E-3
2.635969E0,-7.697538E-2,4.489051E-3
2.652653E0,-7.624622E-2,4.440995E-3
2.669336E0,-7.587236E-2,4.449305E-3
2.686019E0,-7.542575E-2,4.427386E-3
2.702703E0,-7.499405E-2,4.432579E-3
2.719386E0,-7.451972E-2,4.432288E-3
2.736069E0,-7.405415E-2,4.413329E-3
2.752753E0,-7.351544E-2,4.335738E-3
2.769436E0,-7.298524E-2,4.284004E-3
2.786119E0,-7.246356E-2,4.244941E-3
2.802803E0,-7.190996E-2,4.170776E-3
2.819486E0,-7.129332E-2,4.137140E-3
2.836170E0,-7.066310E-2,4.077215E-3
2.852853E0,-7.004618E-2,3.990771E-3
2.869536E0,-6.942908E-2,3.933277E-3
2.886220E0,-6.874929E-2,3.842738E-3
2.902903E0,-6.875559E-2,3.847852E-3
2.919586E0,-6.739359E-2,3.697469E-3
2.936270E0,-6.670093E-2,3.632987E-3
2.952953E0,-6.667211E-2,3.657401E-3
2.969636E0,-6.521174E-2,3.536574E-3
2.986320E0,-6.519250E-2,3.532583E-3
3.003003E0,-6.368325E-2,3.392791E-3
3.019686E0,-6.292029E-2,3.327073E-3
3.036370E0,-6.290281E-2,3.342666E-3
3.053053E0,-6.134883E-2,3.208209E-3
3.069736E0,-6.136982E-2,3.204090E-3
3.086420E0,-5.980753E-2,3.090876E-3
3.103103E0,-5.898377E-2,3.006187E-3
3.119786E0,-5.896743E-2,3.017691E-3
3.136470E0,-5.734554E-2,2.902919E-3
3.153153E0,-5.732928E-2,2.889615E-3
3.169837E0,-5.568460E-2,2.772928E-3
3.186520E0,-5.483440E-2,2.697647E-3
3.203203E0,-5.401660E-2,2.645044E-3
3.219887E0,-5.318607E-2,2.615018E-3
3.236570E0,-5.235836E-2,2.537391E-3
3.253253E0,-5.150423E-2,2.490304E-3
3.269937E0,-5.067080E-2,2.456130E-3
3.286620E0,-4.982849E-2,2.380924E-3
3.303303E0,-4.892010E-2,2.321473E-3
3.319987E0,-4.802892E-2,2.296634E-3
3.336670E0,-4.716522E-2,2.278886E-3
3.353353E0,-4.623736E-2,2.198001E-3
3.370037E0,-4.535087E-2,2.153284E-3
3.386720E0,-4.440295E-2,2.123089E-3
3.403403E0,-4.342793E-2,2.042303E-3
3.420087E0,-4.244708E-2,1.995353E-3
3.436770E0,-4.242858E-2,2.018210E-3
3.453453E0,-4.045019E-2,1.926126E-3
3.470137E0,-4.044489E-2,1.908527E-3
3.486820E0,-3.841827E-2,1.786484E-3
3.503504E0,-3.739708E-2,1.699176E-3
3.520187E0,-3.743358E-2,1.708200E-3
3.536870E0,-3.535118E-2,1.606163E-3
3.553554E0,-3.535306E-2,1.585487E-3
3.570237E0,-3.320705E-2,1.449222E-3
3.586920E0,-3.321413E-2,1.423307E-3
3.603604E0,-3.322015E-2,1.411018E-3
3.620287E0,-2.989986E-2,1.222311E-3
3.636970E0,-2.992017E-2,1.224311E-3
3.653654E0,-2.765481E-2,1.093710E-3
3.670337E0,-2.651236E-2,1.034121E-3
3.687020E0,-2.651039E-2,1.046991E-3
3.703704E0,-2.418609E-2,9.040128E-4
3.720387E0,-2.303796E-2,8.528988E-4
3.737070E0,-2.186604E-2,8.248480E-4
3.753754E0,-2.072330E-2,7.925451E-4
3.770437E0,-1.957297E-2,7.138008E-4
3.787120E0,-1.840205E-2,6.631144E-4
3.803804E0,-1.725448E-2,6.404580E-4
3.820487E0,-1.610590E-2,5.573899E-4
3.837171E0,-1.496314E-2,5.238885E-4
3.853854E0,-1.380235E-2,4.953627E-4
3.870537E0,-1.265799E-2,4.831820E-4
3.887221E0,-1.151772E-2,3.960147E-4
3.903904E0,-1.036867E-2,3.658901E-4
3.920587E0,-9.218760E-3,3.375021E-4
3.937271E0,-9.243959E-3,3.624647E-4
3.953954E0,-6.942535E-3,3.085152E-4
3.970637E0,-5.796332E-3,2.417998E-4
3.987321E0,-5.812892E-3,2.376041E-4
4.004004E0,-3.524077E-3,1.777300E-4
4.020687E0,-3.530697E-3,1.992971E-4
4.037371E0,-1.250846E-3,1.664807E-4
4.054054E0,-1.166753E-4,1.713965E-4
4.070737E0,-1.095970E-4,1.965048E-4
4.087421E0,-1.058926E-4,2.093912E-4
4.104104E0,-1.038851E-4,2.165041E-4
4.120787E0,4.375123E-3,1.512784E-4
4.137471E0,5.463518E-3,1.035525E-4
4.154154E0,5.462578E-3,8.756102E-5
4.170838E0,7.735882E-3,5.591599E-5
4.187521E0,8.865979E-3,5.028381E-5
4.204204E0,1.000058E-2,4.856090E-5
4.220888E0,1.114487E-2,3.644306E-5
4.237571E0,1.223587E-2,3.385541E-5
4.254254E0,1.334517E-2,2.745425E-5
4.270938E0,1.447213E-2,3.251190E-5
4.287621E0,1.562243E-2,3.342378E-5
4.304304E0,1.675135E-2,3.158861E-5
4.320988E0,1.789478E-2,3.321170E-5
4.337671E0,1.904850E-2,3.121264E-5
4.354354E0,2.020135E-2,3.484378E-5
4.371038E0,2.137392E-2,3.024767E-5
4.387721E0,2.251653E-2,3.320991E-5
4.404404E0,2.366103E-2,2.690424E-5
4.421088E0,2.483689E-2,2.409317E-5
4.437771E0,2.482466E-2,3.241897E-5
4.454454E0,2.713504E-2,2.252764E-5
4.471138E0,2.712296E-2,3.042568E-5
4.487821E0,2.940698E-2,1.962161E-5
4.504505E0,3.056143E-2,2.200737E-5
4.521188E0,3.055637E-2,3.008640E-5
4.537871E0,3.282321E-2,2.396736E-5
4.554555E0,3.395537E-2,2.845983E-5
4.571238E0,3.396951E-2,3.226312E-5
4.587921E0,3.624168E-2,3.994964E-5
4.604605E0,3.625786E-2,4.261987E-5
4.621288E0,3.846584E-2,4.093532E-5
4.637971E0,3.953467E-2,5.384422E-5
4.654655E0,3.954659E-2,5.251253E-5
4.671338E0,4.169511E-2,5.852572E-5
4.688021E0,4.169592E-2,5.618782E-5
4.704705E0,4.378862E-2,6.707826E-5
4.721388E0,4.481242E-2,6.578643E-5
4.738071E0,4.583164E-2,6.694225E-5
4.754755E0,4.681144E-2,6.696370E-5
4.771438E0,4.778434E-2,7.660622E-5
4.788121E0,4.777677E-2,6.937547E-5
4.804805E0,4.968886E-2,9.699306E-5
4.821488E0,5.063995E-2,9.091816E-5
4.838172E0,5.152510E-2,1.002091E-4
4.854855E0,5.244132E-2,9.287095E-5
4.871538E0,5.329248E-2,1.097956E-4
4.888222E0,5.417364E-2,1.128053E-4
4.904905E0,5.503345E-2,1.103222E-4
4.921588E0,5.584274E-2,1.188878E-4
4.938272E0,5.667240E-2,1.192074E-4
4.954955E0,5.746816E-2,1.380298E-4
4.971638E0,5.827014E-2,1.463274E-4
4.988322E0,5.907616E-2,1.542153E-4
5.005005E0,5.908000E-2,1.273094E-4
5.021688E0,6.070883E-2,1.834034E-4
5.038372E0,6.071433E-2,2.177828E-4
5.055055E0,6.226886E-2,2.713281E-4
5.071738E0,6.298774E-2,2.990925E-4
5.088422E0,6.299996E-2,2.790081E-4
5.105105E0,6.454657E-2,3.320183E-4
5.121788E0,6.452104E-2,3.735329E-4
5.138472E0,6.450919E-2,3.911036E-4
5.155155E0,6.668241E-2,4.745648E-4
5.171839E0,6.665596E-2,4.490700E-4
5.188522E0,6.804678E-2,4.874853E-4
5.205205E0,6.806820E-2,4.573609E-4
5.221889E0,6.948663E-2,4.931699E-4
5.238572E0,7.012783E-2,5.538128E-4
5.255255E0,7.075174E-2,5.893084E-4
5.271939E0,7.139382E-2,5.999094E-4
5.288622E0,7.204115E-2,6.042407E-4
5.305305E0,7.265896E-2,6.105949E-4
5.321989E0,7.328207E-2,6.176558E-4
5.338672E0,7.391207E-2,6.031716E-4
5.355355E0,7.447229E-2,6.058193E-4
5.372039E0,7.504591E-2,5.989124E-4
5.388722E0,7.556957E-2,6.152858E-4
5.405405E0,7.614129E-2,6.088193E-4
5.422089E0,7.666016E-2,6.042647E-4
5.438772E0,7.714190E-2,6.039015E-4
5.455455E0,7.761607E-2,6.105993E-4
5.472139E0,7.806610E-2,6.184173E-4
5.488822E0,7.807743E-2,6.097743E-4
5.505506E0,7.895351E-2,6.249310E-4
5.522189E0,7.893295E-2,6.146034E-4
5.538872E0,7.971566E-2,6.207779E-4
5.555556E0,7.972343E-2,6.119559E-4
5.572239E0,8.041595E-2,6.334265E-4
5.588922E0,8.071949E-2,6.290438E-4
5.605606E0,8.071903E-2,6.177994E-4
5.622289E0,8.128899E-2,6.422130E-4
5.638972E0,8.125583E-2,6.258546E-4
5.655656E0,8.169356E-2,6.436048E-4
5.672339E0,8.191160E-2,6.326946E-4
5.689022E0,8.189362E-2,6.195720E-4
5.705706E0,8.223522E-2,6.384501E-4
5.722389E0,8.235901E-2,6.492297E-4
5.739072E0,8.248849E-2,6.488994E-4
5.755756E0,8.259668E-2,6.332164E-4
5.772439E0,8.266225E-2,6.505022E-4
5.789122E0,8.274146E-2,6.384378E-4
5.805806E0,8.277363E-2,6.254405E-4
5.822489E0,8.278936E-2,6.483461E-4
5.839173E0,8.283521E-2,6.342964E-4
5.855856E0,8.285884E-2,6.292583E-4
5.872539E0,8.286043E-2,6.200826E-4
5.889223E0,8.285070E-2,6.151281E-4
5.905906E0,8.284064E-2,6.147262E-4
5.922589E0,8.282765E-2,6.149281E-4
5.939273E0,8.279567E-2,6.171007E-4
5.955956E0,8.276850E-2,6.012705E-4
5.972639E0,8.273434E-2,6.000107E-4
5.989323E0,8.255480E-2,5.943819E-4
6.006006E0,8.245988E-2,6.018467E-4
6.022689E0,8.248696E-2,6.010171E-4
6.039373E0,8.227983E-2,5.698189E-4
6.056056E0,8.224687E-2,5.812089E-4
6.072739E0,8.196324E-2,5.820308E-4
6.089423E0,8.199315E-2,5.885321E-4
6.106106E0,8.168936E-2,5.716761E-4
6.122789E0,8.152001E-2,5.672559E-4
6.139473E0,8.152864E-2,5.794147E-4
6.156156E0,8.112912E-2,5.468070E-4
6.172840E0,8.087491E-2,5.568483E-4
6.189523E0,8.088001E-2,5.725358E-4
6.206206E0,8.038355E-2,5.553404E-4
6.222890E0,8.011963E-2,5.454310E-4
6.239573E0,7.980162E-2,5.465778E-4
6.256256E0,7.946867E-2,5.487567E-4
6.272940E0,7.910923E-2,5.552536E-4
6.289623E0,7.875184E-2,5.544190E-4
6.306306E0,7.837809E-2,5.584486E-4
6.322990E0,7.800734E-2,5.493928E-4
6.339673E0,7.757346E-2,5.532221E-4
6.356356E0,7.714608E-2,5.551253E-4
6.373040E0,7.667888E-2,5.542398E-4
6.389723E0,7.618180E-2,5.523157E-4
6.406406E0,7.566444E-2,5.565473E-4
6.423090E0,7.514082E-2,5.605758E-4
6.439773E0,7.461341E-2,5.619176E-4
6.456456E0,7.408222E-2,5.444194E-4
6.473140E0,7.405408E-2,5.580844E-4
6.489823E0,7.286435E-2,5.408366E-4
6.506507E0,7.224568E-2,5.416835E-4
6.523190E0,7.223429E-2,5.557637E-4
6.539873E0,7.095358E-2,5.331192E-4
6.556557E0,7.093584E-2,5.500318E-4
6.573240E0,6.958476E-2,5.315586E-4
6.589923E0,6.890488E-2,5.469286E-4
6.606607E0,6.891997E-2,5.579599E-4
6.623290E0,6.749538E-2,5.239408E-4
6.639973E0,6.748573E-2,5.423691E-4
6.656657E0,6.599821E-2,5.178111E-4
6.673340E0,6.525287E-2,5.310618E-4
6.690023E0,6.529197E-2,5.464940E-4
6.706707E0,6.377124E-2,5.223638E-4
6.723390E0,6.381126E-2,5.403541E-4
6.740073E0,6.227284E-2,4.938535E-4
6.756757E0,6.145294E-2,4.979715E-4
6.773440E0,6.063592E-2,4.965379E-4
6.790123E0,5.982307E-2,4.999686E-4
6.806807E0,5.896994E-2,5.008438E-4
6.823490E0,5.814248E-2,5.003982E-4
6.840174E0,5.813662E-2,5.234427E-4
6.856857E0,5.644894E-2,4.678526E-4
6.873540E0,5.563349E-2,4.023724E-4
6.890224E0,5.480381E-2,3.690299E-4
6.906907E0,5.396709E-2,3.411852E-4
6.923590E0,5.314766E-2,3.325932E-4
6.940274E0,5.226150E-2,2.928545E-4
6.956957E0,5.137873E-2,2.366166E-4
6.973640E0,5.051134E-2,2.045188E-4
6.990324E0,4.966713E-2,1.755631E-4
7.007007E0,4.873289E-2,1.786709E-4
7.023690E0,4.783739E-2,1.672585E-4
7.040374E0,4.689773E-2,1.704377E-4
7.057057E0,4.693290E-2,1.899343E-4
7.073740E0,4.503094E-2,1.464262E-4
7.090424E0,4.502474E-2,9.692834E-5
7.107107E0,4.310043E-2,3.784787E-5
7.123790E0,4.208818E-2,3.362836E-5
7.140474E0,4.208085E-2,4.196390E-5
7.157157E0,4.007122E-2,2.807291E-5
7.173841E0,4.008397E-2,3.798390E-5
7.190524E0,4.009095E-2,4.334557E-5
7.207207E0,3.699374E-2,6.948612E-6
7.223891E0,3.699120E-2,2.587969E-5
7.240574E0,3.487079E-2,9.943942E-6
7.257257E0,3.377954E-2,2.483645E-5
7.273941E0,3.381937E-2,3.372020E-5
7.290624E0,3.162233E-2,2.340729E-5
7.307307E0,3.050307E-2,2.788324E-5
7.323991E0,2.940810E-2,2.824940E-5
7.340674E0,2.829638E-2,2.551957E-5
7.357357E0,2.717449E-2,3.216845E-5
7.374041E0,2.602091E-2,3.612776E-5
7.390724E0,2.485419E-2,4.247651E-5
7.407407E0,2.368253E-2,4.468818E-5
7.424091E0,2.254172E-2,4.275842E-5
7.440774E0,2.138974E-2,5.152617E-5
7.457457E0,2.021972E-2,5.523013E-5
7.474141E0,1.909841E-2,5.579507E-5
7.490824E0,1.793462E-2,5.944878E-5
7.507508E0,1.679045E-2,5.923476E-5
7.524191E0,1.679793E-2,5.383477E-5
7.540874E0,1.448074E-2,8.074761E-5
7.557558E0,1.335706E-2,8.433996E-5
7.574241E0,1.336350E-2,7.159618E-5
7.590924E0,1.108529E-2,9.056654E-5
7.607608E0,1.108200E-2,7.722719E-5
7.624291E0,8.804989E-3,8.520463E-5
7.640974E0,8.796187E-3,7.501416E-5
7.657658E0,6.521731E-3,8.521625E-5
7.674341E0,5.398621E-3,8.604626E-5
7.691024E0,5.376757E-3,7.651615E-5
7.707708E0,3.131034E-3,9.557787E-5
7.724391E0,3.169413E-3,8.166135E-5
7.741074E0,9.594995E-4,1.024382E-4
7.757758E0,-1.582559E-4,1.045882E-4
7.774441E0,-1.163348E-4,8.826107E-5
7.791124E0,-2.313481E-3,1.157273E-4
7.807808E0,-3.434300E-3,1.122845E-4
7.824491E0,-4.508813E-3,1.102747E-4
7.841175E0,-5.589972E-3,1.080069E-4
7.857858E0,-5.608320E-3,9.235875E-5
7.874541E0,-7.829306E-3,1.231005E-4
7.891225E0,-8.896419E-3,1.224193E-4
7.907908E0,-1.001389E-2,1.287050E-4
7.924591E0,-1.112711E-2,1.402899E-4
7.941275E0,-1.219868E-2,1.466021E-4
7.957958E0,-1.330219E-2,1.521808E-4
7.974641E0,-1.441913E-2,1.582360E-4
7.991325E0,-1.549486E-2,1.546209E-4
8.008008E0,-1.657197E-2,1.709804E-4
8.024691E0,-1.769346E-2,2.533973E-4
8.041375E0,-1.878625E-2,2.907483E-4
8.058058E0,-1.876872E-2,2.744989E-4
8.074741E0,-2.099201E-2,3.742870E-4
8.091425E0,-2.210936E-2,4.322004E-4
8.108108E0,-2.207133E-2,4.250880E-4
8.124791E0,-2.426610E-2,5.249222E-4
8.141475E0,-2.428546E-2,5.472710E-4
8.158158E0,-2.647971E-2,6.611164E-4
8.174842E0,-2.756261E-2,7.443897E-4
8.191525E0,-2.757413E-2,7.423688E-4
8.208208E0,-2.757981E-2,7.414285E-4
8.224892E0,-3.084043E-2,9.312920E-4
8.241575E0,-3.085113E-2,9.196671E-4
8.258258E0,-3.299501E-2,1.031141E-3
8.274942E0,-3.299493E-2,1.046979E-3
8.291625E0,-3.508617E-2,1.187584E-3
8.308308E0,-3.613656E-2,1.262917E-3
8.324992E0,-3.712743E-2,1.301036E-3
8.341675E0,-3.812459E-2,1.343881E-3
8.358358E0,-3.911396E-2,1.429976E-3
8.375042E0,-4.007156E-2,1.483731E-3
8.391725E0,-4.105467E-2,1.571666E-3
8.408408E0,-4.200775E-2,1.629248E-3
8.425092E0,-4.295188E-2,1.670123E-3
8.441775E0,-4.391519E-2,1.750788E-3
8.458458E0,-4.479697E-2,1.790045E-3
8.475142E0,-4.569057E-2,1.832221E-3
8.491825E0,-4.657303E-2,1.905430E-3
8.508509E0,-4.746328E-2,1.964363E-3
8.525192E0,-4.829583E-2,1.979878E-3
8.541875E0,-4.914497E-2,2.067136E-3
8.558559E0,-4.911367E-2,2.061814E-3
8.575242E0,-5.075606E-2,2.152491E-3
8.591925E0,-5.073838E-2,2.181732E-3
8.608609E0,-5.235870E-2,2.292510E-3
8.625292E0,-5.312683E-2,2.310023E-3
8.641975E0,-5.314628E-2,2.340378E-3
8.658659E0,-5.471050E-2,2.450279E-3
8.675342E0,-5.468369E-2,2.422463E-3
8.692025E0,-5.618143E-2,2.514361E-3
8.708709E0,-5.688438E-2,2.563995E-3
8.725392E0,-5.690831E-2,2.556733E-3
8.742075E0,-5.837716E-2,2.647277E-3
8.758759E0,-5.839302E-2,2.673593E-3
8.775442E0,-5.979190E-2,2.787774E-3
8.792125E0,-6.046922E-2,2.870503E-3
8.808809E0,-6.111545E-2,2.916496E-3
8.825492E0,-6.174932E-2,2.948441E-3
8.842176E0,-6.239418E-2,2.973471E-3
8.858859E0,-6.303884E-2,3.049256E-3
8.875542E0,-6.302748E-2,3.044027E-3
8.892226E0,-6.430539E-2,3.162501E-3
8.908909E0,-6.493799E-2,3.220767E-3
8.925592E0,-6.555131E-2,3.286629E-3
8.942276E0,-6.613000E-2,3.363754E-3
8.958959E0,-6.673370E-2,3.411074E-3
8.975642E0,-6.731112E-2,3.464719E-3
8.992326E0,-6.786507E-2,3.534674E-3
9.009009E0,-6.845057E-2,3.591430E-3
9.025692E0,-6.896338E-2,3.625431E-3
9.042376E0,-6.947182E-2,3.709034E-3
9.059059E0,-6.996864E-2,3.750361E-3
9.075742E0,-7.041054E-2,3.778987E-3
9.092426E0,-7.040195E-2,3.811347E-3
9.109109E0,-7.135482E-2,3.907824E-3
9.125792E0,-7.136119E-2,3.887074E-3
9.142476E0,-7.222170E-2,3.976564E-3
9.159159E0,-7.261103E-2,4.029551E-3
9.175843E0,-7.257334E-2,4.025105E-3
9.192526E0,-7.332919E-2,4.087774E-3
9.209209E0,-7.367960E-2,4.096097E-3
9.225893E0,-7.367537E-2,4.065559E-3
9.242576E0,-7.430264E-2,4.107970E-3
9.259259E0,-7.431065E-2,4.139752E-3
9.275943E0,-7.488472E-2,4.207104E-3
9.292626E0,-7.509499E-2,4.197020E-3
9.309309E0,-7.511489E-2,4.191555E-3
9.325993E0,-7.557523E-2,4.215218E-3
9.342676E0,-7.577760E-2,4.208677E-3
9.359359E0,-7.595543E-2,4.206562E-3
9.376043E0,-7.595740E-2,4.198443E-3
9.392726E0,-7.624765E-2,4.199008E-3
9.409409E0,-7.636221E-2,4.212663E-3
9.426093E0,-7.642964E-2,4.194022E-3
9.442776E0,-7.652143E-2,4.201177E-3
9.459459E0,-7.656120E-2,4.185135E-3
9.476143E0,-7.662866E-2,4.194125E-3
9.492826E0,-7.664008E-2,4.191370E-3
9.509510E0,-7.664478E-2,4.189344E-3
9.526193E0,-7.664508E-2,4.188595E-3
9.542876E0,-7.663045E-2,4.185890E-3
9.559560E0,-7.661618E-2,4.181625E-3
9.576243E0,-7.659931E-2,4.179010E-3
9.592926E0,-7.660256E-2,4.179176E-3
9.609610E0,-7.647015E-2,4.175975E-3
9.626293E0,-7.638536E-2,4.185669E-3
9.642976E0,-7.634822E-2,4.185329E-3
9.659660E0,-7.611051E-2,4.167508E-3
9.676343E0,-7.611839E-2,4.173985E-3
9.693026E0,-7.586904E-2,4.171141E-3
9.709710E0,-7.569890E-2,4.167172E-3
9.726393E0,-7.567462E-2,4.173096E-3
9.743076E0,-7.566163E-2,4.176805E-3
9.759760E0,-7.565403E-2,4.178887E-3
9.776443E0,-7.493761E-2,4.134220E-3
9.793126E0,-7.473711E-2,4.154867E-3
9.809810E0,-7.470484E-2,4.165557E-3
9.826493E0,-7.421661E-2,4.146844E-3
9.843177E0,-7.395004E-2,4.130897E-3
9.859860E0,-7.369894E-2,4.141695E-3
9.876543E0,-7.341232E-2,4.142710E-3
9.893227E0,-7.306353E-2,4.136287E-3
9.909910E0,-7.272882E-2,4.133614E-3
9.926593E0,-7.237671E-2,4.130988E-3
9.943277E0,-7.202023E-2,4.116141E-3
9.959960E0,-7.165387E-2,4.111086E-3
9.976643E0,-7.128453E-2,4.119216E-3
9.993327E0,-7.084422E-2,4.107867E-3
1.001001E1,-7.042269E-2,4.110433E-3
1.002669E1,-6.996435E-2,4.107438E-3
1.004338E1,-6.950608E-2,4.069063E-3
1.006006E1,-6.953678E-2,4.043609E-3
1.007674E1,-6.856037E-2,3.946637E-3
1.009343E1,-6.804331E-2,3.939603E-3
1.011011E1,-6.806669E-2,3.968584E-3
1.012679E1,-6.699381E-2,3.886263E-3
1.014348E1,-6.697815E-2,3.869691E-3
1.016016E1,-6.581012E-2,3.748578E-3
1.017684E1,-6.519635E-2,3.677398E-3
1.019353E1,-6.517943E-2,3.680559E-3
1.021021E1,-6.390433E-2,3.572239E-3
1.022689E1,-6.321620E-2,3.505368E-3
1.024358E1,-6.320628E-2,3.512569E-3
1.026026E1,-6.320056E-2,3.516370E-3
1.027694E1,-6.319739E-2,3.518516E-3
1.029363E1,-6.041730E-2,3.262771E-3
1.031031E1,-6.041355E-2,3.234552E-3
1.032699E1,-5.895011E-2,3.112910E-3
1.034368E1,-5.818123E-2,3.023928E-3
1.036036E1,-5.815534E-2,3.029709E-3
1.037704E1,-5.658781E-2,2.895495E-3
1.039373E1,-5.583124E-2,2.840024E-3
1.041041E1,-5.501098E-2,2.792140E-3
1.042709E1,-5.421102E-2,2.754591E-3
1.044378E1,-5.338302E-2,2.682202E-3
1.046046E1,-5.255741E-2,2.638991E-3
1.047714E1,-5.173219E-2,2.589207E-3
1.049383E1,-5.089016E-2,2.519477E-3
1.051051E1,-5.005238E-2,2.479735E-3
1.052719E1,-4.921864E-2,2.441338E-3
1.054388E1,-4.837477E-2,2.360524E-3
1.056056E1,-4.752243E-2,2.313975E-3
1.057724E1,-4.664678E-2,2.279450E-3
1.059393E1,-4.576577E-2,2.196940E-3
1.061061E1,-4.579087E-2,2.202570E-3
1.062729E1,-4.402832E-2,2.094882E-3
1.064398E1,-4.402808E-2,2.073607E-3
1.066066E1,-4.221786E-2,1.942667E-3
1.067734E1,-4.130830E-2,1.869396E-3
1.069403E1,-4.134995E-2,1.875846E-3
1.071071E1,-3.952670E-2,1.779858E-3
1.072739E1,-3.861093E-2,1.702729E-3
1.074408E1,-3.861372E-2,1.709990E-3
1.076076E1,-3.861552E-2,1.713752E-3
1.077744E1,-3.861656E-2,1.715872E-3
1.079413E1,-3.476996E-2,1.505719E-3
1.081081E1,-3.480395E-2,1.527076E-3
1.082749E1,-3.284700E-2,1.448315E-3
1.084418E1,-3.186321E-2,1.359885E-3
1.086086E1,-3.085588E-2,1.330537E-3
1.087754E1,-2.988528E-2,1.293184E-3
1.089423E1,-2.887022E-2,1.215112E-3
1.091091E1,-2.785640E-2,1.168044E-3
1.092759E1,-2.681246E-2,1.138905E-3
1.094428E1,-2.574006E-2,1.054871E-3
1.096096E1,-2.470596E-2,1.016537E-3
1.097764E1,-2.362796E-2,9.708808E-4
1.099433E1,-2.256271E-2,9.011166E-4
1.101101E1,-2.147544E-2,8.531854E-4
1.102769E1,-2.040163E-2,8.265385E-4
1.104438E1,-1.932868E-2,8.173355E-4
1.106106E1,-1.817788E-2,7.340734E-4
1.107774E1,-1.706272E-2,6.873614E-4
1.109443E1,-1.709770E-2,7.061866E-4
1.111111E1,-1.487106E-2,6.313020E-4
1.112779E1,-1.486368E-2,6.003864E-4
1.114448E1,-1.259867E-2,5.067532E-4
1.116116E1,-1.143800E-2,5.008364E-4
1.117784E1,-1.142654E-2,5.284050E-4
1.119453E1,-9.154283E-3,4.655516E-4
1.121121E1,-8.010537E-3,3.971573E-4
1.122789E1,-7.995339E-3,3.992096E-4
1.124458E1,-5.709587E-3,3.404315E-4
1.126126E1,-5.698550E-3,3.655029E-4
1.127794E1,-5.692732E-3,3.788221E-4
1.129463E1,-2.306951E-3,2.774748E-4
1.131131E1,-2.352598E-3,2.574242E-4
1.132799E1,-1.182516E-4,1.944623E-4
1.134468E1,-1.154396E-4,2.134845E-4
1.136136E1,2.139605E-3,1.802790E-4
1.137804E1,3.266825E-3,1.734643E-4
1.139473E1,4.332329E-3,1.841249E-4
1.141141E1,5.432828E-3,1.886751E-4
1.142809E1,6.561094E-3,1.880909E-4
1.144478E1,7.692148E-3,1.762929E-4
1.146146E1,8.757888E-3,1.819131E-4
1.147814E1,9.834686E-3,1.733812E-4
1.149483E1,1.089385E-2,1.773182E-4
1.151151E1,1.197407E-2,1.794033E-4
1.152819E1,1.307144E-2,1.800900E-4
1.154488E1,1.413555E-2,1.820203E-4
1.156156E1,1.522569E-2,1.702752E-4
1.157824E1,1.627068E-2,1.816604E-4
1.159493E1,1.734838E-2,1.893233E-4
1.161161E1,1.731478E-2,1.992073E-4
1.162829E1,1.946753E-2,1.855094E-4
1.164498E1,1.944054E-2,1.973349E-4
1.166166E1,2.157309E-2,1.961212E-4
1.167835E1,2.155891E-2,2.048218E-4
1.169503E1,2.370850E-2,1.914125E-4
1.171171E1,2.475477E-2,2.025590E-4
1.172840E1,2.478021E-2,2.086189E-4
1.174508E1,2.692891E-2,2.043822E-4
1.176176E1,2.798669E-2,2.092686E-4
1.177845E1,2.796328E-2,2.119926E-4
1.179513E1,2.795024E-2,2.131042E-4
1.181181E1,2.794307E-2,2.140959E-4
1.182850E1,3.216399E-2,2.214404E-4
1.184518E1,3.322592E-2,2.183803E-4
1.186186E1,3.320674E-2,2.178015E-4
1.187855E1,3.526696E-2,2.261745E-4
1.189523E1,3.630911E-2,2.260894E-4
1.191191E1,3.732687E-2,2.238267E-4
1.192860E1,3.832251E-2,2.275651E-4
1.194528E1,3.931165E-2,2.245971E-4
1.196196E1,4.028686E-2,2.295276E-4
1.197865E1,4.126286E-2,2.284462E-4
1.199533E1,4.223224E-2,2.333144E-4
1.201201E1,4.320908E-2,2.306899E-4
1.202870E1,4.416642E-2,2.409374E-4
1.204538E1,4.513304E-2,2.432903E-4
1.206206E1,4.610244E-2,2.423500E-4
1.207875E1,4.704020E-2,2.431441E-4
1.209543E1,4.794222E-2,2.475909E-4
1.211211E1,4.885468E-2,2.494349E-4
1.212880E1,4.888196E-2,2.385837E-4
1.214548E1,5.068818E-2,2.624016E-4
1.216216E1,5.156484E-2,2.541770E-4
1.217885E1,5.155662E-2,2.426368E-4
1.219553E1,5.326994E-2,2.472713E-4
1.221221E1,5.323548E-2,2.383743E-4
1.222890E1,5.485728E-2,2.630224E-4
1.224558E1,5.564142E-2,2.675099E-4
1.226226E1,5.564379E-2,2.517888E-4
1.227895E1,5.722032E-2,2.914220E-4
1.229563E1,5.724712E-2,2.680645E-4
1.231231E1,5.726076E-2,2.550898E-4
1.232900E1,5.950844E-2,3.119054E-4
1.234568E1,5.953601E-2,2.813123E-4
1.236236E1,6.098354E-2,2.993196E-4
1.237905E1,6.170838E-2,2.850681E-4
1.239573E1,6.238928E-2,2.709624E-4
1.241241E1,6.305394E-2,2.708643E-4
1.242910E1,6.370700E-2,2.717779E-4
1.244578E1,6.435122E-2,2.787134E-4
1.246246E1,6.498883E-2,2.856721E-4
1.247915E1,6.498428E-2,2.718456E-4
1.249583E1,6.625482E-2,3.020005E-4
1.251251E1,6.688293E-2,3.096456E-4
1.252920E1,6.749519E-2,2.992200E-4
1.254588E1,6.806479E-2,3.109041E-4
1.256256E1,6.866543E-2,3.006715E-4
1.257925E1,6.919561E-2,3.169063E-4
1.259593E1,6.976526E-2,3.052818E-4
1.261261E1,7.028649E-2,3.056359E-4
1.262930E1,7.079553E-2,3.062781E-4
1.264598E1,7.076002E-2,2.897206E-4
1.266266E1,7.178766E-2,3.006496E-4
1.267935E1,7.224296E-2,3.159404E-4
1.269603E1,7.222136E-2,2.954811E-4
1.271271E1,7.318373E-2,3.183291E-4
1.272940E1,7.318032E-2,2.990619E-4
1.274608E1,7.409348E-2,3.240773E-4
1.276276E1,7.454081E-2,3.091092E-4
1.277945E1,7.451797E-2,2.955578E-4
1.279613E1,7.533862E-2,3.090654E-4
1.281281E1,7.532615E-2,2.950449E-4
1.282950E1,7.531941E-2,2.871508E-4
1.284618E1,7.644392E-2,3.431440E-4
1.286286E1,7.644887E-2,3.887137E-4
1.287955E1,7.709722E-2,4.181968E-4
1.289623E1,7.740207E-2,4.313544E-4
1.291291E1,7.741600E-2,4.340132E-4
1.292960E1,7.795622E-2,4.338684E-4
1.294628E1,7.818753E-2,4.316699E-4
1.296296E1,7.836841E-2,4.478313E-4
1.297965E1,7.858973E-2,4.483511E-4
1.299633E1,7.877478E-2,4.390525E-4
1.301301E1,7.892584E-2,4.407374E-4
1.302970E1,7.905823E-2,4.456593E-4
1.304638E1,7.920414E-2,4.468087E-4
1.306306E1,7.930362E-2,4.381075E-4
1.307975E1,7.936822E-2,4.445022E-4
1.309643E1,7.944328E-2,4.389812E-4
1.311311E1,7.947690E-2,4.349965E-4
1.312980E1,7.946978E-2,4.312319E-4
1.314648E1,7.944683E-2,4.341354E-4
1.316316E1,7.944176E-2,4.340544E-4
1.317985E1,7.942953E-2,4.384081E-4
1.319653E1,7.942363E-2,4.381353E-4
1.321321E1,7.936171E-2,4.485103E-4
1.322990E1,7.938001E-2,4.446474E-4
1.324658E1,7.923504E-2,4.495108E-4
1.326326E1,7.913712E-2,4.445271E-4
1.327995E1,7.911602E-2,4.418940E-4
1.329663E1,7.886893E-2,4.518727E-4
1.331331E1,7.888981E-2,4.466401E-4
1.333000E1,7.890092E-2,4.435566E-4
1.334668E1,7.844675E-2,4.502504E-4
1.336336E1,7.843916E-2,4.455110E-4
1.338005E1,7.807463E-2,4.549703E-4
1.339673E1,7.787674E-2,4.560996E-4
1.341341E1,7.767274E-2,4.432647E-4
1.343010E1,7.742467E-2,4.453063E-4
1.344678E1,7.718735E-2,4.390821E-4
1.346346E1,7.690169E-2,4.526546E-4
1.348015E1,7.665506E-2,4.342490E-4
1.349683E1,7.636733E-2,4.255094E-4
1.351351E1,7.604755E-2,4.102252E-4
1.353020E1,7.571161E-2,4.050150E-4
1.354688E1,7.536926E-2,4.053908E-4
1.356356E1,7.500377E-2,4.070747E-4
1.358025E1,7.465164E-2,4.019785E-4
1.359693E1,7.429092E-2,4.053951E-4
1.361361E1,7.391717E-2,3.773892E-4
1.363030E1,7.349753E-2,3.919135E-4
1.364698E1,7.350654E-2,4.052942E-4
1.366366E1,7.265501E-2,3.744838E-4
1.368035E1,7.267327E-2,3.943061E-4
1.369703E1,7.176971E-2,3.398090E-4
1.371371E1,7.127037E-2,3.447247E-4
1.373040E1,7.125407E-2,3.761669E-4
1.374708E1,7.024398E-2,3.362195E-4
1.376376E1,7.024566E-2,3.704760E-4
1.378045E1,6.912298E-2,3.114758E-4
1.379713E1,6.854850E-2,2.719393E-4
1.381381E1,6.857392E-2,2.629579E-4
1.383050E1,6.858714E-2,2.583466E-4
1.384718E1,6.859470E-2,2.557336E-4
1.386386E1,6.615832E-2,1.747080E-4
1.388055E1,6.549446E-2,1.812213E-4
1.389723E1,6.549636E-2,2.077952E-4
1.391391E1,6.415360E-2,1.953727E-4
1.393060E1,6.348225E-2,2.144510E-4
1.394728E1,6.279439E-2,2.181260E-4
1.396396E1,6.209334E-2,2.050684E-4
1.398065E1,6.135084E-2,2.198908E-4
1.399733E1,6.061680E-2,2.156240E-4
1.401401E1,5.985379E-2,2.209246E-4
1.403070E1,5.911396E-2,2.132868E-4
1.404738E1,5.832981E-2,2.068859E-4
1.406406E1,5.752781E-2,2.155711E-4
1.408075E1,5.671552E-2,2.113752E-4
1.409743E1,5.587951E-2,2.188668E-4
1.411411E1,5.506669E-2,2.151415E-4
1.413080E1,5.422209E-2,2.074337E-4
1.414748E1,5.339414E-2,2.028798E-4
1.416416E1,5.254492E-2,2.100251E-4
1.418085E1,5.255221E-2,2.168955E-4
1.419753E1,5.088669E-2,1.892583E-4
1.421421E1,5.003143E-2,1.973669E-4
1.423090E1,5.006157E-2,2.080975E-4
1.424758E1,4.835124E-2,1.742612E-4
1.426426E1,4.747280E-2,1.785506E-4
1.428095E1,4.747648E-2,1.970349E-4
1.429763E1,4.567854E-2,1.508427E-4
1.431431E1,4.568171E-2,1.048769E-4
1.433100E1,4.388787E-2,3.373027E-5
1.434768E1,4.388409E-2,4.500073E-5
1.436436E1,4.388211E-2,5.047557E-5
1.438105E1,4.111436E-2,-1.545394E-5
1.439773E1,4.110726E-2,-5.921968E-5
1.441441E1,3.924432E-2,-1.221868E-4
1.443110E1,3.831371E-2,-1.389011E-4
1.444778E1,3.735370E-2,-1.529066E-4
1.446446E1,3.638625E-2,-1.544488E-4
1.448115E1,3.540995E-2,-1.574883E-4
1.449783E1,3.445820E-2,-1.729014E-4
1.451451E1,3.349982E-2,-2.489339E-4
1.453120E1,3.252342E-2,-2.866601E-4
1.454788E1,3.152841E-2,-3.058443E-4
1.456456E1,3.053936E-2,-3.112327E-4
1.458125E1,2.952557E-2,-3.140836E-4
1.459793E1,2.851771E-2,-3.129684E-4
1.461461E1,2.744989E-2,-3.075592E-4
1.463130E1,2.641712E-2,-2.863022E-4
1.464798E1,2.537729E-2,-2.909911E-4
1.466466E1,2.428349E-2,-2.792645E-4
1.468135E1,2.431001E-2,-2.804728E-4
1.469803E1,2.215915E-2,-2.674564E-4
1.471471E1,2.217773E-2,-2.722711E-4
1.473140E1,1.997487E-2,-2.606170E-4
1.474808E1,1.886865E-2,-2.492228E-4
1.476476E1,1.889325E-2,-2.577161E-4
1.478145E1,1.668151E-2,-2.286315E-4
1.479813E1,1.556673E-2,-2.260764E-4
1.481481E1,1.553646E-2,-2.411631E-4
1.483150E1,1.329006E-2,-2.045156E-4
1.484818E1,1.332241E-2,-2.276989E-4
1.486486E1,1.333761E-2,-2.396022E-4
1.488155E1,1.000634E-2,-1.714110E-4
1.489823E1,1.003779E-2,-2.076872E-4
1.491491E1,7.822608E-3,-1.940966E-4
1.493160E1,7.807636E-3,-2.174039E-4
1.494828E1,5.561130E-3,-1.975837E-4
1.496496E1,4.443428E-3,-1.808530E-4
1.498165E1,3.351372E-3,-1.953216E-4
1.499833E1,2.271498E-3,-2.011583E-4
1.501502E1,1.155440E-3,-1.901876E-4
1.503170E1,9.022443E-5,-1.883610E-4
1.504838E1,-1.002688E-3,-1.949996E-4
1.506507E1,-2.106110E-3,-1.887796E-4
1.508175E1,-3.155651E-3,-1.940985E-4
1.509843E1,-4.242138E-3,-1.893127E-4
1.511512E1,-5.300125E-3,-1.929851E-4
1.513180E1,-6.360252E-3,-1.901191E-4
1.514848E1,-7.421496E-3,-1.921495E-4
1.516517E1,-8.496226E-3,-1.910539E-4
1.518185E1,-8.467671E-3,-2.078375E-4
1.519853E1,-1.056661E-2,-1.706747E-4
1.521522E1,-1.162188E-2,-1.696781E-4
1.523190E1,-1.158921E-2,-1.922076E-4
1.524858E1,-1.366877E-2,-1.397264E-4
1.526527E1,-1.367165E-2,-1.028551E-4
1.528195E1,-1.577249E-2,-3.845188E-5
1.529863E1,-1.680824E-2,-1.418836E-5
1.531532E1,-1.679825E-2,-3.343437E-5
1.533200E1,-1.886076E-2,5.302613E-5
1.534868E1,-1.992366E-2,1.231278E-4
1.536537E1,-1.991293E-2,1.146899E-4
1.538205E1,-2.197441E-2,2.077332E-4
1.539873E1,-2.199366E-2,2.332410E-4
1.541542E1,-2.404359E-2,3.367473E-4
1.543210E1,-2.504305E-2,4.296325E-4
1.544878E1,-2.501522E-2,4.286945E-4
1.546547E1,-2.702968E-2,5.402174E-4
1.548215E1,-2.802035E-2,6.309613E-4
1.549883E1,-2.899574E-2,6.668166E-4
1.551552E1,-2.995904E-2,7.624799E-4
1.553220E1,-2.993671E-2,7.584826E-4
1.554888E1,-3.191749E-2,8.805895E-4
1.556557E1,-3.289396E-2,9.438315E-4
1.558225E1,-3.385625E-2,9.921802E-4
1.559893E1,-3.482237E-2,1.074494E-3
1.561562E1,-3.580000E-2,1.136701E-3
1.563230E1,-3.675481E-2,1.189798E-3
1.564898E1,-3.771958E-2,1.252138E-3
1.566567E1,-3.869083E-2,1.291254E-3
1.568235E1,-3.961587E-2,1.339823E-3
1.569903E1,-4.052933E-2,1.424205E-3
1.571572E1,-4.145021E-2,1.477411E-3
1.573240E1,-4.233275E-2,1.566322E-3
1.574908E1,-4.234071E-2,1.565847E-3
1.576577E1,-4.411200E-2,1.662849E-3
1.578245E1,-4.412986E-2,1.691767E-3
1.579913E1,-4.585185E-2,1.804845E-3
1.581582E1,-4.582773E-2,1.842227E-3
1.583250E1,-4.749813E-2,1.965000E-3
1.584918E1,-4.828022E-2,1.985228E-3
1.586587E1,-4.827010E-2,2.014474E-3
1.588255E1,-4.987773E-2,2.126874E-3
1.589923E1,-5.063770E-2,2.136625E-3
1.591592E1,-5.060098E-2,2.173958E-3
1.593260E1,-5.212317E-2,2.294402E-3
1.594928E1,-5.208346E-2,2.263014E-3
1.596597E1,-5.353099E-2,2.353163E-3
1.598265E1,-5.422700E-2,2.409280E-3
1.599933E1,-5.492018E-2,2.444667E-3
1.601602E1,-5.561449E-2,2.460046E-3
1.603270E1,-5.562304E-2,2.497652E-3
1.604938E1,-5.697862E-2,2.605712E-3
1.606607E1,-5.760036E-2,2.627560E-3
1.608275E1,-5.824518E-2,2.706814E-3
1.609943E1,-5.889463E-2,2.749228E-3
1.611612E1,-5.952771E-2,2.764494E-3
1.613280E1,-6.013693E-2,2.811919E-3
1.614948E1,-6.070251E-2,2.880480E-3
1.616617E1,-6.130963E-2,2.908682E-3
1.618285E1,-6.189994E-2,2.949460E-3
1.619953E1,-6.243384E-2,2.973906E-3
1.621622E1,-6.295920E-2,3.028633E-3
1.623290E1,-6.298011E-2,3.032379E-3
1.624958E1,-6.405143E-2,3.133206E-3
1.626627E1,-6.454179E-2,3.204182E-3
1.628295E1,-6.451919E-2,3.203194E-3
1.629963E1,-6.548798E-2,3.286169E-3
1.631632E1,-6.548184E-2,3.319653E-3
1.633300E1,-6.644664E-2,3.411411E-3
1.634968E1,-6.689952E-2,3.425057E-3
1.636637E1,-6.691918E-2,3.400559E-3
1.638305E1,-6.692953E-2,3.387044E-3
1.639973E1,-6.693544E-2,3.379186E-3
1.641642E1,-6.863857E-2,3.552818E-3
1.643310E1,-6.900200E-2,3.580078E-3
1.644978E1,-6.896531E-2,3.559283E-3
1.646647E1,-6.969100E-2,3.593934E-3
1.648315E1,-7.001984E-2,3.606214E-3
1.649983E1,-7.037192E-2,3.674308E-3
1.651652E1,-7.069646E-2,3.713821E-3
1.653320E1,-7.099690E-2,3.726727E-3
1.654988E1,-7.130318E-2,3.756268E-3
1.656657E1,-7.153118E-2,3.745384E-3
1.658325E1,-7.177978E-2,3.761724E-3
1.659993E1,-7.197841E-2,3.751986E-3
1.661662E1,-7.221017E-2,3.753470E-3
1.663330E1,-7.239207E-2,3.759004E-3
1.664998E1,-7.254809E-2,3.744249E-3
1.666667E1,-7.270527E-2,3.739936E-3
1.668335E1,-7.283036E-2,3.730619E-3
1.670003E1,-7.295589E-2,3.729288E-3
1.671672E1,-7.307487E-2,3.736383E-3
1.673340E1,-7.304918E-2,3.723119E-3
1.675008E1,-7.318753E-2,3.722950E-3
1.676677E1,-7.322673E-2,3.720629E-3
1.678345E1,-7.320866E-2,3.715193E-3
1.680013E1,-7.321915E-2,3.712687E-3
1.681682E1,-7.320743E-2,3.710489E-3
1.683350E1,-7.318972E-2,3.702138E-3
1.685018E1,-7.316957E-2,3.697478E-3
1.686687E1,-7.317416E-2,3.699266E-3
1.688355E1,-7.306123E-2,3.689520E-3
1.690023E1,-7.304352E-2,3.694043E-3
1.691692E1,-7.303386E-2,3.696226E-3
1.693360E1,-7.270195E-2,3.667322E-3
1.695028E1,-7.269796E-2,3.679731E-3
1.696697E1,-7.242265E-2,3.669802E-3
1.698365E1,-7.239984E-2,3.681111E-3
1.700033E1,-7.204422E-2,3.649492E-3
1.701702E1,-7.184795E-2,3.650627E-3
1.703370E1,-7.164637E-2,3.641304E-3
1.705038E1,-7.146175E-2,3.662202E-3
1.706707E1,-7.119201E-2,3.648965E-3
1.708375E1,-7.096321E-2,3.664932E-3
1.710043E1,-7.069243E-2,3.640281E-3
1.711712E1,-7.041837E-2,3.644974E-3
1.713380E1,-7.012464E-2,3.654880E-3
1.715048E1,-6.980833E-2,3.659386E-3
1.716717E1,-6.947547E-2,3.645944E-3
1.718385E1,-6.912104E-2,3.655573E-3
1.720053E1,-6.878091E-2,3.655131E-3
1.721722E1,-6.842259E-2,3.643230E-3
1.723390E1,-6.842737E-2,3.661486E-3
1.725058E1,-6.768715E-2,3.635550E-3
1.726727E1,-6.727095E-2,3.628913E-3
1.728395E1,-6.727851E-2,3.653515E-3
1.730063E1,-6.645539E-2,3.614770E-3
1.731732E1,-6.601584E-2,3.614947E-3
1.733400E1,-6.600016E-2,3.644326E-3
1.735068E1,-6.509793E-2,3.580197E-3
1.736737E1,-6.512295E-2,3.556509E-3
1.738405E1,-6.414712E-2,3.481066E-3
1.740073E1,-6.364607E-2,3.459322E-3
1.741742E1,-6.366034E-2,3.485711E-3
1.743410E1,-6.366841E-2,3.500291E-3
1.745078E1,-6.367322E-2,3.508638E-3
1.746747E1,-6.147508E-2,3.329195E-3
1.748415E1,-6.090356E-2,3.302013E-3
1.750083E1,-6.032757E-2,3.258569E-3
1.751752E1,-5.971584E-2,3.188801E-3
1.753420E1,-5.908034E-2,3.152693E-3
1.755088E1,-5.844482E-2,3.111669E-3
1.756757E1,-5.777915E-2,3.014897E-3
1.758425E1,-5.708892E-2,2.968702E-3
1.760093E1,-5.642988E-2,2.932312E-3
1.761762E1,-5.572611E-2,2.855433E-3
1.763430E1,-5.497332E-2,2.801570E-3
1.765098E1,-5.426002E-2,2.757517E-3
1.766767E1,-5.353834E-2,2.677773E-3
1.768435E1,-5.276622E-2,2.635508E-3
1.770103E1,-5.199228E-2,2.588502E-3
1.771772E1,-5.122250E-2,2.515679E-3
1.773440E1,-5.042851E-2,2.471088E-3
1.775108E1,-5.042032E-2,2.498931E-3
1.776777E1,-4.880555E-2,2.393915E-3
1.778445E1,-4.879399E-2,2.383907E-3
1.780113E1,-4.715844E-2,2.261574E-3
1.781782E1,-4.630626E-2,2.192638E-3
1.783450E1,-4.631016E-2,2.199234E-3
1.785118E1,-4.462638E-2,2.087455E-3
1.786787E1,-4.377349E-2,2.019505E-3
1.788455E1,-4.380733E-2,2.029534E-3
1.790123E1,-4.210042E-2,1.931448E-3
1.791792E1,-4.208158E-2,1.909445E-3
1.793460E1,-4.207188E-2,1.898662E-3
1.795128E1,-3.941402E-2,1.750317E-3
1.796797E1,-3.942271E-2,1.737003E-3
1.798465E1,-3.763715E-2,1.629409E-3
1.800133E1,-3.763568E-2,1.597420E-3
1.801802E1,-3.581938E-2,1.521713E-3
1.803470E1,-3.488589E-2,1.490149E-3
1.805138E1,-3.395405E-2,1.468410E-3
1.806807E1,-3.304604E-2,1.388758E-3
1.808475E1,-3.209675E-2,1.352954E-3
1.810143E1,-3.115155E-2,1.313817E-3
1.811812E1,-3.023891E-2,1.303953E-3
1.813480E1,-2.927927E-2,1.225042E-3
1.815148E1,-2.830644E-2,1.186886E-3
1.816817E1,-2.732593E-2,1.148614E-3
1.818485E1,-2.635648E-2,1.132386E-3
1.820153E1,-2.535442E-2,1.055018E-3
1.821822E1,-2.435567E-2,1.011867E-3
1.823490E1,-2.335341E-2,9.837117E-4
1.825158E1,-2.336218E-2,1.015718E-3
1.826827E1,-2.134971E-2,9.292055E-4
1.828495E1,-2.036206E-2,8.661694E-4
1.830163E1,-2.038595E-2,8.788019E-4
1.831832E1,-1.835737E-2,8.180357E-4
1.833500E1,-1.833013E-2,7.746884E-4
1.835169E1,-1.622453E-2,6.735117E-4
1.836837E1,-1.517585E-2,6.459504E-4
1.838505E1,-1.518122E-2,6.074127E-4
1.840174E1,-1.307337E-2,5.259156E-4
1.841842E1,-1.200403E-2,5.089432E-4
1.843510E1,-1.203363E-2,5.339706E-4
1.845179E1,-1.204794E-2,5.468853E-4
1.846847E1,-1.205622E-2,5.547721E-4
1.848515E1,-7.761508E-3,3.758889E-4
1.850184E1,-6.702858E-3,3.733514E-4
1.851852E1,-6.688348E-3,3.836928E-4
1.853520E1,-4.505170E-3,3.333167E-4
1.855189E1,-3.432072E-3,3.359656E-4
1.856857E1,-2.347098E-3,3.182818E-4
1.858525E1,-1.287812E-3,2.636834E-4
1.860194E1,-1.276013E-3,2.514712E-4
1.861862E1,9.068173E-4,1.939633E-4
1.863530E1,1.974326E-3,2.013163E-4
1.865199E1,3.075489E-3,1.930457E-4
1.866867E1,4.124659E-3,2.033604E-4
1.868535E1,5.197677E-3,2.006922E-4
1.870204E1,6.260694E-3,1.998938E-4
1.871872E1,7.350213E-3,1.879030E-4
1.873540E1,8.389984E-3,1.905880E-4
1.875209E1,9.467058E-3,1.843767E-4
1.876877E1,1.050568E-2,1.925274E-4
1.878545E1,1.158548E-2,1.808494E-4
1.880214E1,1.262389E-2,1.850526E-4
1.881882E1,1.264058E-2,1.984630E-4
1.883550E1,1.476453E-2,1.907656E-4
1.885219E1,1.477850E-2,2.032003E-4
1.886887E1,1.686848E-2,1.707134E-4
1.888555E1,1.786671E-2,1.759770E-4
1.890224E1,1.781727E-2,1.927658E-4
1.891892E1,1.987329E-2,1.857519E-4
1.893560E1,2.090713E-2,1.917518E-4
1.895229E1,2.089304E-2,2.024612E-4
1.896897E1,2.088551E-2,2.083189E-4
1.898565E1,2.088118E-2,2.117127E-4
1.900234E1,2.496256E-2,1.924501E-4
1.901902E1,2.597160E-2,1.997807E-4
1.903570E1,2.596572E-2,2.084361E-4
1.905239E1,2.795100E-2,2.005937E-4
1.906907E1,2.892695E-2,2.005983E-4
1.908575E1,2.991330E-2,1.995991E-4
1.910244E1,3.088258E-2,2.065495E-4
1.911912E1,3.186110E-2,2.106635E-4
1.913580E1,3.283883E-2,2.128811E-4
1.915249E1,3.381374E-2,2.226639E-4
1.916917E1,3.479191E-2,2.219843E-4
1.918585E1,3.574564E-2,2.276989E-4
1.920254E1,3.669354E-2,2.240671E-4
1.921922E1,3.762400E-2,2.292448E-4
1.923590E1,3.856403E-2,2.315639E-4
1.925259E1,3.951286E-2,2.359437E-4
1.926927E1,4.047153E-2,2.290916E-4
1.928595E1,4.135739E-2,2.335050E-4
1.930264E1,4.136321E-2,2.267593E-4
1.931932E1,4.319518E-2,2.329975E-4
1.933600E1,4.408542E-2,2.331823E-4
1.935269E1,4.404929E-2,2.263170E-4
1.936937E1,4.581069E-2,2.448131E-4
1.938605E1,4.667827E-2,2.543796E-4
1.940274E1,4.665609E-2,2.396639E-4
1.941942E1,4.837758E-2,2.506059E-4
1.943610E1,4.839753E-2,2.386719E-4
1.945279E1,5.008770E-2,2.640240E-4
1.946947E1,5.090518E-2,2.580092E-4
1.948615E1,5.089689E-2,2.444403E-4
1.950284E1,5.250997E-2,2.678345E-4
1.951952E1,5.251516E-2,2.509722E-4
1.953620E1,5.407427E-2,2.587548E-4
1.955289E1,5.480758E-2,2.686274E-4
1.956957E1,5.555400E-2,2.617538E-4
1.958625E1,5.626587E-2,2.688106E-4
1.960294E1,5.700084E-2,2.591218E-4
1.961962E1,5.769186E-2,2.544397E-4
1.963630E1,5.765856E-2,2.473022E-4
1.965299E1,5.903008E-2,2.956417E-4
1.966967E1,5.971853E-2,2.743574E-4
1.968635E1,6.038938E-2,2.689132E-4
1.970304E1,6.104287E-2,2.743845E-4
1.971972E1,6.168591E-2,2.741300E-4
1.973640E1,6.231564E-2,2.747815E-4
1.975309E1,6.294221E-2,2.615287E-4
1.976977E1,6.350311E-2,2.811773E-4
1.978645E1,6.409644E-2,2.863529E-4
1.980314E1,6.469328E-2,2.718053E-4
1.981982E1,6.523520E-2,2.718718E-4
1.983650E1,6.574986E-2,2.900373E-4
1.985319E1,6.577033E-2,2.747784E-4
1.986987E1,6.683797E-2,2.844062E-4
1.988655E1,6.681132E-2,2.743104E-4
1.990324E1,6.781233E-2,2.882587E-4
1.991992E1,6.779291E-2,2.755284E-4
1.993660E1,6.874491E-2,3.109048E-4
1.995329E1,6.874632E-2,2.899407E-4
1.996997E1,6.874705E-2,2.785022E-4
1.998665E1,7.008302E-2,3.186907E-4
2.000334E1,7.007284E-2,2.940433E-4
2.002002E1,7.091304E-2,3.173640E-4
2.003670E1,7.129647E-2,3.013719E-4
2.005339E1,7.164466E-2,3.105628E-4
2.007007E1,7.166728E-2,2.922024E-4
2.008675E1,7.240793E-2,3.018542E-4
2.010344E1,7.272724E-2,3.020571E-4
2.012012E1,7.304058E-2,2.990081E-4
2.013680E1,7.335665E-2,2.989260E-4
2.015349E1,7.364286E-2,2.974615E-4
2.017017E1,7.393571E-2,3.034574E-4
2.018685E1,7.424060E-2,2.874276E-4
2.020354E1,7.446951E-2,2.976759E-4
2.022022E1,7.471403E-2,2.892425E-4
2.023690E1,7.491912E-2,2.951457E-4
2.025359E1,7.514310E-2,2.874300E-4
2.027027E1,7.532942E-2,2.807067E-4
2.028695E1,7.550632E-2,2.801115E-4
2.030364E1,7.564659E-2,2.844681E-4
2.032032E1,7.564229E-2,2.811926E-4
2.033700E1,7.591315E-2,2.838797E-4
2.035369E1,7.593150E-2,2.807947E-4
2.037037E1,7.612609E-2,2.756629E-4
2.038705E1,7.619131E-2,2.700152E-4
2.040374E1,7.616579E-2,2.718453E-4
2.042042E1,7.623801E-2,2.812180E-4
2.043710E1,7.626067E-2,2.779462E-4
2.045379E1,7.628059E-2,2.745371E-4
2.047047E1,7.628547E-2,2.740792E-4
2.048715E1,7.628672E-2,2.735417E-4
2.050384E1,7.628813E-2,2.732807E-4
2.052052E1,7.628891E-2,2.731643E-4
2.053720E1,7.603506E-2,2.576118E-4
2.055389E1,7.592319E-2,2.751013E-4
2.057057E1,7.593946E-2,2.737160E-4
2.058725E1,7.568142E-2,2.655830E-4
2.060394E1,7.552518E-2,2.639557E-4
2.062062E1,7.533940E-2,2.662700E-4
2.063730E1,7.514211E-2,2.706471E-4
2.065399E1,7.495251E-2,2.750801E-4
2.067067E1,7.475897E-2,2.798035E-4
2.068735E1,7.454167E-2,2.632444E-4
2.070404E1,7.429590E-2,2.747759E-4
2.072072E1,7.404463E-2,2.630337E-4
2.073740E1,7.376808E-2,2.768462E-4
2.075409E1,7.351468E-2,2.589209E-4
2.077077E1,7.322190E-2,2.580592E-4
2.078745E1,7.289744E-2,2.540666E-4
2.080414E1,7.256572E-2,2.507006E-4
2.082082E1,7.222233E-2,2.491711E-4
2.083750E1,7.221334E-2,2.556570E-4
2.085419E1,7.151415E-2,2.475320E-4
2.087087E1,7.152595E-2,2.554090E-4
2.088755E1,7.078830E-2,2.316625E-4
2.090424E1,7.037751E-2,2.385154E-4
2.092092E1,7.038641E-2,2.483866E-4
2.093760E1,6.957075E-2,2.265330E-4
2.095429E1,6.913592E-2,2.204619E-4
2.097097E1,6.911694E-2,2.364589E-4
2.098765E1,6.820153E-2,2.273188E-4
2.100434E1,6.823170E-2,2.400964E-4
2.102102E1,6.728255E-2,2.140569E-4
2.103770E1,6.678371E-2,2.137953E-4
2.105439E1,6.678985E-2,2.306417E-4
2.107107E1,6.575344E-2,2.219456E-4
2.108775E1,6.578033E-2,2.333731E-4
2.110444E1,6.468345E-2,1.968929E-4
2.112112E1,6.410309E-2,2.087004E-4
2.113780E1,6.355046E-2,1.910754E-4
2.115449E1,6.293370E-2,1.954986E-4
2.117117E1,6.290724E-2,2.156814E-4
2.118785E1,6.164899E-2,2.101931E-4
2.120454E1,6.103203E-2,2.051143E-4
2.122122E1,6.038006E-2,2.076145E-4
2.123790E1,5.971934E-2,2.120803E-4
2.125459E1,5.905707E-2,2.060505E-4
2.127127E1,5.836802E-2,2.125917E-4
2.128795E1,5.768494E-2,1.986916E-4
2.130464E1,5.694908E-2,2.049445E-4
2.132132E1,5.620610E-2,1.841617E-4
2.133800E1,5.545005E-2,1.940409E-4
2.135469E1,5.472234E-2,1.833390E-4
2.137137E1,5.393494E-2,1.996520E-4
2.138805E1,5.397253E-2,2.092843E-4
2.140474E1,5.241359E-2,1.772406E-4
2.142142E1,5.160973E-2,1.767328E-4
2.143810E1,5.158922E-2,1.964532E-4
2.145479E1,4.995769E-2,1.842857E-4
2.147147E1,4.994583E-2,1.994507E-4
2.148815E1,4.828396E-2,1.876069E-4
2.150484E1,4.828550E-2,2.005728E-4
2.152152E1,4.828622E-2,2.080142E-4
2.153820E1,4.574348E-2,1.882008E-4
2.155489E1,4.577930E-2,2.002754E-4
2.157157E1,4.405993E-2,1.713107E-4
2.158825E1,4.404540E-2,1.900238E-4
2.160494E1,4.227602E-2,1.727011E-4
2.162162E1,4.138172E-2,1.856683E-4
2.163830E1,4.047271E-2,1.802230E-4
2.165499E1,3.956462E-2,1.839245E-4
2.167167E1,3.866995E-2,1.874617E-4
2.168836E1,3.775101E-2,1.929549E-4
2.170504E1,3.685062E-2,1.889354E-4
2.172172E1,3.591371E-2,1.870299E-4
2.173841E1,3.501737E-2,1.866457E-4
2.175509E1,3.407609E-2,1.812281E-4
2.177177E1,3.309615E-2,1.807809E-4
2.178846E1,3.214044E-2,1.841283E-4
2.180514E1,3.120692E-2,1.817197E-4
2.182182E1,3.026300E-2,1.928399E-4
2.183851E1,2.928345E-2,1.892830E-4
2.185519E1,2.927741E-2,1.994056E-4
2.187187E1,2.732224E-2,1.945451E-4
2.188856E1,2.632658E-2,1.950517E-4
2.190524E1,2.632243E-2,2.027451E-4
2.192192E1,2.430791E-2,1.973229E-4
2.193861E1,2.432401E-2,2.031430E-4
2.195529E1,2.231742E-2,2.019270E-4
2.197197E1,2.131822E-2,2.032894E-4
2.198866E1,2.134781E-2,2.052193E-4
2.200534E1,1.929476E-2,2.078378E-4
2.202202E1,1.928020E-2,2.083453E-4
2.203871E1,1.927292E-2,2.085072E-4
2.205539E1,1.614057E-2,2.204818E-4
2.207207E1,1.614261E-2,2.135586E-4
2.208876E1,1.403183E-2,2.267181E-4
2.210544E1,1.298275E-2,2.374819E-4
2.212212E1,1.300444E-2,2.259914E-4
2.213881E1,1.088315E-2,2.502361E-4
2.215549E1,9.834459E-3,2.556907E-4
2.217217E1,8.739161E-3,2.598482E-4
2.218886E1,7.696672E-3,2.460263E-4
2.220554E1,6.607191E-3,2.557064E-4
2.222222E1,5.548828E-3,2.479840E-4
2.223891E1,4.456021E-3,2.530966E-4
2.225559E1,3.428129E-3,2.484085E-4
2.227227E1,2.331281E-3,2.632694E-4
2.228896E1,1.303616E-3,2.545210E-4
2.230564E1,2.351245E-4,2.654961E-4
2.232232E1,-8.354540E-4,2.718151E-4
2.233901E1,-1.901405E-3,2.792857E-4
2.235569E1,-2.937998E-3,2.770869E-4
2.237237E1,-2.897847E-3,2.545288E-4
2.238906E1,-4.982201E-3,2.931053E-4
2.240574E1,-4.984474E-3,2.643473E-4
2.242242E1,-7.076925E-3,2.950183E-4
2.243911E1,-8.136097E-3,2.877610E-4
2.245579E1,-8.117517E-3,2.644193E-4
2.247247E1,-1.015700E-2,3.084789E-4
2.248916E1,-1.011437E-2,2.773518E-4
2.250584E1,-1.213237E-2,3.168172E-4
2.252252E1,-1.215672E-2,2.837162E-4
2.253921E1,-1.217017E-2,2.662940E-4
2.255589E1,-1.519951E-2,3.546139E-4
2.257257E1,-1.517025E-2,3.773499E-4
2.258926E1,-1.714738E-2,4.453378E-4
2.260594E1,-1.812565E-2,4.579403E-4
2.262262E1,-1.811039E-2,4.367763E-4
2.263931E1,-2.007933E-2,5.105924E-4
2.265599E1,-2.104833E-2,5.812725E-4
2.267267E1,-2.202363E-2,6.095270E-4
2.268936E1,-2.299803E-2,6.197034E-4
2.270604E1,-2.396592E-2,6.355850E-4
2.272272E1,-2.493505E-2,6.479412E-4
2.273941E1,-2.587288E-2,6.711068E-4
2.275609E1,-2.680806E-2,7.419881E-4
2.277277E1,-2.774614E-2,7.703241E-4
2.278946E1,-2.869949E-2,8.105125E-4
2.280614E1,-2.963374E-2,8.347547E-4
2.282282E1,-3.054515E-2,9.063656E-4
2.283951E1,-3.149198E-2,9.328519E-4
2.285619E1,-3.241791E-2,9.768966E-4
2.287287E1,-3.238993E-2,9.492140E-4
2.288956E1,-3.420607E-2,1.034150E-3
2.290624E1,-3.508862E-2,1.087634E-3
2.292292E1,-3.510819E-2,1.081935E-3
2.293961E1,-3.690424E-2,1.182689E-3
2.295629E1,-3.691859E-2,1.205505E-3
2.297297E1,-3.867457E-2,1.328805E-3
2.298966E1,-3.952004E-2,1.392509E-3
2.300634E1,-3.953832E-2,1.393749E-3
2.302302E1,-4.124276E-2,1.505065E-3
2.303971E1,-4.122536E-2,1.528135E-3
2.305639E1,-4.121624E-2,1.539853E-3
2.307307E1,-4.372989E-2,1.725273E-3
2.308976E1,-4.369987E-2,1.723374E-3
2.310644E1,-4.529544E-2,1.828182E-3
2.312312E1,-4.529738E-2,1.853057E-3
2.313981E1,-4.686969E-2,1.981459E-3
2.315649E1,-4.760300E-2,2.061379E-3
2.317317E1,-4.836529E-2,2.102348E-3
2.318986E1,-4.912576E-2,2.143593E-3
2.320654E1,-4.984614E-2,2.208338E-3
2.322322E1,-5.057975E-2,2.261199E-3
2.323991E1,-5.127991E-2,2.291787E-3
2.325659E1,-5.193913E-2,2.321786E-3
2.327327E1,-5.259457E-2,2.397695E-3
2.328996E1,-5.324290E-2,2.439534E-3
2.330664E1,-5.386830E-2,2.465533E-3
2.332332E1,-5.450798E-2,2.540074E-3
2.334001E1,-5.514438E-2,2.583697E-3
2.335669E1,-5.577344E-2,2.598748E-3
2.337337E1,-5.639627E-2,2.612442E-3
2.339006E1,-5.641845E-2,2.585028E-3
2.340674E1,-5.758510E-2,2.663993E-3
2.342342E1,-5.817252E-2,2.724245E-3
2.344011E1,-5.813887E-2,2.717737E-3
2.345679E1,-5.923077E-2,2.775819E-3
2.347347E1,-5.923617E-2,2.751476E-3
2.349016E1,-6.025811E-2,2.817381E-3
2.350684E1,-6.076030E-2,2.878289E-3
2.352352E1,-6.074283E-2,2.876737E-3
2.354021E1,-6.171448E-2,2.929436E-3
2.355689E1,-6.170902E-2,2.908065E-3
2.357357E1,-6.170599E-2,2.896216E-3
2.359026E1,-6.306035E-2,3.001082E-3
2.360694E1,-6.303985E-2,3.017143E-3
2.362362E1,-6.389271E-2,3.089012E-3
2.364031E1,-6.386831E-2,3.068911E-3
2.365699E1,-6.465240E-2,3.113037E-3
2.367367E1,-6.500806E-2,3.125955E-3
2.369036E1,-6.537195E-2,3.194580E-3
2.370704E1,-6.571521E-2,3.228730E-3
2.372372E1,-6.603071E-2,3.252257E-3
2.374041E1,-6.632956E-2,3.256544E-3
2.375709E1,-6.664704E-2,3.266859E-3
2.377377E1,-6.695178E-2,3.267884E-3
2.379046E1,-6.724498E-2,3.273611E-3
2.380714E1,-6.751199E-2,3.294722E-3
2.382382E1,-6.774040E-2,3.338110E-3
2.384051E1,-6.801765E-2,3.386072E-3
2.385719E1,-6.822712E-2,3.393569E-3
2.387387E1,-6.845719E-2,3.419623E-3
2.389056E1,-6.864095E-2,3.425038E-3
2.390724E1,-6.862190E-2,3.403989E-3
2.392392E1,-6.898252E-2,3.433361E-3
2.394061E1,-6.912606E-2,3.423299E-3
2.395729E1,-6.911048E-2,3.403922E-3
2.397397E1,-6.937514E-2,3.409705E-3
2.399066E1,-6.938960E-2,3.396734E-3
2.400734E1,-6.960547E-2,3.426527E-3
2.402402E1,-6.966374E-2,3.423390E-3
2.404071E1,-6.963158E-2,3.405234E-3
2.405739E1,-6.971930E-2,3.390775E-3
2.407407E1,-6.975289E-2,3.391562E-3
2.409076E1,-6.974914E-2,3.385940E-3
2.410744E1,-6.974700E-2,3.381195E-3
2.412412E1,-6.974524E-2,3.378496E-3
2.414081E1,-6.969915E-2,3.364919E-3
2.415749E1,-6.971505E-2,3.368595E-3
2.417417E1,-6.958603E-2,3.361235E-3
2.419086E1,-6.949332E-2,3.360600E-3
2.420754E1,-6.935805E-2,3.339664E-3
2.422422E1,-6.926074E-2,3.350725E-3
2.424091E1,-6.911055E-2,3.349079E-3
2.425759E1,-6.893887E-2,3.348371E-3
2.427427E1,-6.876801E-2,3.342871E-3
2.429096E1,-6.858224E-2,3.326674E-3
2.430764E1,-6.838058E-2,3.315088E-3
2.432432E1,-6.818739E-2,3.339098E-3
2.434101E1,-6.792026E-2,3.315532E-3
2.435769E1,-6.767668E-2,3.326359E-3
2.437437E1,-6.740807E-2,3.314326E-3
2.439106E1,-6.713888E-2,3.308659E-3
2.440774E1,-6.684721E-2,3.320677E-3
2.442442E1,-6.682692E-2,3.339301E-3
2.444111E1,-6.619321E-2,3.308063E-3
2.445779E1,-6.617369E-2,3.331341E-3
2.447447E1,-6.550440E-2,3.290866E-3
2.449116E1,-6.514944E-2,3.290142E-3
2.450784E1,-6.515366E-2,3.321075E-3
2.452452E1,-6.440921E-2,3.305161E-3
2.454121E1,-6.399704E-2,3.294779E-3
2.455789E1,-6.400389E-2,3.322863E-3
2.457457E1,-6.317645E-2,3.284430E-3
2.459126E1,-6.318302E-2,3.315806E-3
2.460794E1,-6.318679E-2,3.333184E-3
2.462462E1,-6.189258E-2,3.247007E-3
2.464131E1,-6.188902E-2,3.226207E-3
2.465799E1,-6.093706E-2,3.158453E-3
2.467467E1,-6.092225E-2,3.175364E-3
2.469136E1,-5.991280E-2,3.118583E-3
2.470804E1,-5.943534E-2,3.106343E-3
2.472472E1,-5.889253E-2,3.040796E-3
2.474141E1,-5.834583E-2,3.012971E-3
2.475809E1,-5.777318E-2,2.980137E-3
2.477477E1,-5.719698E-2,2.973342E-3
2.479146E1,-5.660992E-2,2.932129E-3
2.480814E1,-5.601756E-2,2.874921E-3
2.482482E1,-5.538962E-2,2.841056E-3
2.484151E1,-5.473539E-2,2.809171E-3
2.485819E1,-5.409748E-2,2.770547E-3
2.487487E1,-5.348775E-2,2.699228E-3
2.489156E1,-5.284583E-2,2.667113E-3
2.490824E1,-5.218229E-2,2.619915E-3
2.492492E1,-5.150929E-2,2.534594E-3
2.494161E1,-5.153072E-2,2.537873E-3
2.495829E1,-5.014583E-2,2.443865E-3
2.497497E1,-4.940469E-2,2.364129E-3
2.499166E1,-4.941613E-2,2.370208E-3
2.500834E1,-4.794475E-2,2.268019E-3
2.502503E1,-4.795079E-2,2.244670E-3
2.504171E1,-4.643883E-2,2.128710E-3
2.505839E1,-4.645992E-2,2.094770E-3
2.507508E1,-4.489407E-2,1.969647E-3
2.509176E1,-4.409559E-2,1.940861E-3
2.510844E1,-4.413642E-2,1.917131E-3
2.512513E1,-4.415731E-2,1.905889E-3
2.514181E1,-4.171392E-2,1.736746E-3
2.515849E1,-4.172178E-2,1.730831E-3
2.517518E1,-4.006368E-2,1.628509E-3
2.519186E1,-4.007660E-2,1.599795E-3
2.520854E1,-3.838143E-2,1.480034E-3
2.522523E1,-3.756727E-2,1.474742E-3
2.524191E1,-3.670722E-2,1.400472E-3
2.525859E1,-3.580709E-2,1.361194E-3
2.527528E1,-3.494007E-2,1.318923E-3
2.529196E1,-3.408080E-2,1.295916E-3
2.530864E1,-3.317225E-2,1.228868E-3
2.532533E1,-3.229845E-2,1.187621E-3
2.534201E1,-3.140845E-2,1.161146E-3
2.535869E1,-3.051960E-2,1.136619E-3
2.537538E1,-2.962256E-2,1.069596E-3
2.539206E1,-2.869651E-2,1.022813E-3
2.540874E1,-2.778782E-2,9.976653E-4
2.542543E1,-2.684852E-2,9.945873E-4
2.544211E1,-2.592381E-2,9.654257E-4
2.545879E1,-2.595501E-2,9.337258E-4
2.547548E1,-2.405976E-2,8.546026E-4
2.549216E1,-2.308576E-2,8.290966E-4
2.550884E1,-2.306826E-2,8.583470E-4
2.552553E1,-2.114861E-2,7.839102E-4
2.554221E1,-2.119173E-2,7.591154E-4
2.555889E1,-1.927077E-2,6.850920E-4
2.557558E1,-1.927085E-2,7.067718E-4
2.559226E1,-1.731326E-2,6.572101E-4
2.560894E1,-1.730919E-2,6.902311E-4
2.562563E1,-1.730739E-2,7.059705E-4
2.564231E1,-1.435094E-2,5.996019E-4
2.565899E1,-1.335443E-2,5.539863E-4
2.567568E1,-1.336266E-2,5.593898E-4
2.569236E1,-1.135479E-2,4.930044E-4
2.570904E1,-1.037892E-2,4.870730E-4
2.572573E1,-9.389386E-3,4.205266E-4
2.574241E1,-8.372000E-3,3.766715E-4
2.575909E1,-7.394624E-3,3.486962E-4
2.577578E1,-6.388764E-3,3.546641E-4
2.579246E1,-5.343330E-3,3.498751E-4
2.580914E1,-4.296036E-3,3.284989E-4
2.582583E1,-3.309712E-3,3.176213E-4
2.584251E1,-2.290310E-3,2.551951E-4
2.585919E1,-1.240977E-3,2.168636E-4
2.587588E1,-2.148815E-4,1.864039E-4
2.589256E1,8.092954E-4,1.818954E-4
2.590924E1,1.816351E-3,1.891154E-4
2.592593E1,2.883355E-3,1.852648E-4
2.594261E1,3.915294E-3,1.750090E-4
2.595929E1,5.955853E-3,1.741596E-4
2.597598E1,5.958662E-3,1.969970E-4
2.599266E1,6.998082E-3,1.748542E-4
2.600934E1,9.053098E-3,1.695483E-4
2.602603E1,9.062708E-3,1.911866E-4
2.604271E1,1.109383E-2,1.510723E-4
2.605939E1,1.106866E-2,1.052175E-4
2.607608E1,1.209670E-2,5.754109E-5
2.609276E1,1.412692E-2,3.862506E-5
2.610944E1,1.413808E-2,4.538904E-5
2.612613E1,1.414367E-2,4.906146E-5
2.614281E1,1.718738E-2,7.778426E-6
2.615949E1,1.715139E-2,2.666320E-5
2.617618E1,1.913097E-2,8.415332E-6
2.619286E1,1.910895E-2,2.369716E-5
2.620954E1,2.009431E-2,3.028575E-5
2.622623E1,2.206933E-2,2.691283E-5
2.624291E1,2.205411E-2,3.438100E-5
2.625959E1,2.302414E-2,3.246268E-5
2.627628E1,2.400729E-2,3.301662E-5
2.629296E1,2.498632E-2,3.483495E-5
2.630964E1,2.593856E-2,3.450176E-5
2.632633E1,2.690557E-2,3.848487E-5
2.634301E1,2.787252E-2,4.266333E-5
2.635969E1,2.883477E-2,3.473442E-5
2.637638E1,2.973372E-2,3.278529E-5
2.639306E1,3.066856E-2,4.372667E-5
2.640974E1,3.161244E-2,4.040304E-5
2.642643E1,3.251243E-2,4.178149E-5
2.644311E1,3.343408E-2,4.266542E-5
2.645979E1,3.432986E-2,5.101688E-5
2.647648E1,3.613267E-2,6.045510E-5
2.649316E1,3.613335E-2,5.523573E-5
2.650984E1,3.790866E-2,6.414567E-5
2.652653E1,3.792031E-2,5.904048E-5
2.654321E1,3.880259E-2,6.017206E-5
2.655989E1,3.878568E-2,5.578697E-5
2.657658E1,4.052103E-2,7.296598E-5
2.659326E1,4.053721E-2,6.442871E-5
2.660994E1,4.225823E-2,6.974358E-5
2.662663E1,4.223654E-2,6.256379E-5
2.664331E1,4.222486E-2,5.832780E-5
2.665999E1,4.474676E-2,7.031032E-5
2.667668E1,4.471256E-2,6.480275E-5
2.669336E1,4.633319E-2,8.592602E-5
2.671004E1,4.713742E-2,8.589219E-5
2.672673E1,4.792551E-2,8.233414E-5
2.674341E1,4.871077E-2,8.761758E-5
2.676009E1,4.952866E-2,9.269137E-5
2.677678E1,5.030356E-2,8.243162E-5
2.679346E1,5.104562E-2,9.201395E-5
2.681014E1,5.179481E-2,8.319271E-5
2.682683E1,5.249516E-2,9.669477E-5
2.684351E1,5.324512E-2,8.802231E-5
2.686019E1,5.393159E-2,1.092330E-4
2.687688E1,5.466580E-2,1.026499E-4
2.689356E1,5.535673E-2,9.928995E-5
2.691024E1,5.600872E-2,1.062790E-4
2.692693E1,5.666699E-2,1.063628E-4
2.694361E1,5.729972E-2,1.151855E-4
2.696029E1,5.794064E-2,1.160609E-4
2.697698E1,5.794061E-2,1.033768E-4
2.699366E1,5.919488E-2,1.328275E-4
2.701034E1,5.921467E-2,1.147286E-4
2.702703E1,6.042500E-2,1.295437E-4
2.704371E1,6.041190E-2,1.125453E-4
2.706039E1,6.155994E-2,1.325690E-4
2.707708E1,6.211413E-2,1.194266E-4
2.709376E1,6.208048E-2,1.072469E-4
2.711044E1,6.313153E-2,1.425123E-4
2.712713E1,6.367888E-2,1.282602E-4
2.714381E1,6.367614E-2,1.141401E-4
2.716049E1,6.367482E-2,1.063353E-4
2.717718E1,6.367396E-2,1.018636E-4
2.719386E1,6.567050E-2,1.648598E-4
2.721054E1,6.610066E-2,2.342188E-4
2.722723E1,6.611326E-2,2.444614E-4
2.724391E1,6.698610E-2,2.633896E-4
2.726059E1,6.737801E-2,2.858163E-4
2.727728E1,6.780146E-2,2.734460E-4
2.729396E1,6.816774E-2,2.716311E-4
2.731064E1,6.851152E-2,2.685147E-4
2.732733E1,6.883118E-2,2.712543E-4
2.734401E1,6.914355E-2,2.743607E-4
2.736069E1,6.945955E-2,2.736781E-4
2.737738E1,6.975712E-2,2.799420E-4
2.739406E1,7.005753E-2,2.820338E-4
2.741074E1,7.036259E-2,2.867012E-4
2.742743E1,7.065040E-2,2.921605E-4
2.744411E1,7.095407E-2,2.756358E-4
2.746079E1,7.118033E-2,2.871638E-4
2.747748E1,7.142197E-2,2.724574E-4
2.749416E1,7.140261E-2,2.692525E-4
2.751084E1,7.184332E-2,2.794477E-4
2.752753E1,7.204045E-2,2.769036E-4
2.754421E1,7.239273E-2,2.784897E-4
2.756089E1,7.237921E-2,2.739110E-4
2.757758E1,7.266452E-2,2.839827E-4
2.759426E1,7.267339E-2,2.776814E-4
2.761094E1,7.278816E-2,2.880908E-4
2.762763E1,7.301336E-2,2.780592E-4
2.764431E1,7.301310E-2,2.750169E-4
2.766099E1,7.301303E-2,2.731121E-4
2.767768E1,7.319389E-2,2.797568E-4
2.769436E1,7.318711E-2,2.765074E-4
2.771104E1,7.319872E-2,2.743848E-4
2.772773E1,7.319082E-2,2.731330E-4
2.774441E1,7.318299E-2,2.735787E-4
2.776109E1,7.318156E-2,2.729411E-4
2.777778E1,7.315643E-2,2.746374E-4
2.779446E1,7.311366E-2,2.799449E-4
2.781114E1,7.305742E-2,2.662066E-4
2.782783E1,7.294710E-2,2.787810E-4
2.784451E1,7.286552E-2,2.673897E-4
2.786119E1,7.273730E-2,2.640539E-4
2.787788E1,7.257865E-2,2.601854E-4
2.789456E1,7.240059E-2,2.567372E-4
2.791124E1,7.221321E-2,2.613136E-4
2.792793E1,7.202747E-2,2.630616E-4
2.794461E1,7.182820E-2,2.641033E-4
2.796129E1,7.162406E-2,2.471211E-4
2.797798E1,7.137038E-2,2.589308E-4
2.799466E1,7.111989E-2,2.451840E-4
2.801134E1,7.084630E-2,2.557268E-4
2.802803E1,7.029081E-2,2.319704E-4
2.804471E1,7.026785E-2,2.438849E-4
2.806139E1,6.964498E-2,2.247576E-4
2.807808E1,6.962043E-2,2.384993E-4
2.809476E1,6.894457E-2,2.323016E-4
2.811144E1,6.894043E-2,2.412391E-4
2.812813E1,6.858829E-2,2.421268E-4
2.814481E1,6.785393E-2,2.131361E-4
2.816149E1,6.782439E-2,2.303334E-4
2.817818E1,6.742393E-2,2.418569E-4
2.819486E1,6.661417E-2,2.208284E-4
2.821154E1,6.662513E-2,2.337925E-4
2.822823E1,6.577044E-2,2.225059E-4
2.824491E1,6.579128E-2,2.336559E-4
2.826159E1,6.534033E-2,2.238347E-4
2.827828E1,6.487441E-2,2.218822E-4
2.829496E1,6.438896E-2,2.139795E-4
2.831164E1,6.388222E-2,2.141706E-4
2.832833E1,6.338454E-2,2.121586E-4
2.834501E1,6.285273E-2,2.199877E-4
2.836170E1,6.233709E-2,2.274005E-4
2.837838E1,6.182314E-2,2.290154E-4
2.839506E1,6.130011E-2,2.000103E-4
2.841175E1,6.070840E-2,2.174476E-4
2.842843E1,6.014745E-2,2.051733E-4
2.844511E1,5.954794E-2,2.226012E-4
2.846180E1,5.896408E-2,2.108536E-4
2.847848E1,5.834217E-2,2.044558E-4
2.849516E1,5.769880E-2,2.000255E-4
2.851185E1,5.639995E-2,2.051532E-4
2.852853E1,5.644010E-2,2.173760E-4
2.854521E1,5.579084E-2,1.989100E-4
2.856190E1,5.447349E-2,1.904003E-4
2.857858E1,5.449335E-2,2.053267E-4
2.859526E1,5.309397E-2,1.721861E-4
2.861195E1,5.307752E-2,1.940154E-4
2.862863E1,5.163712E-2,1.850683E-4
2.864531E1,5.168039E-2,2.025386E-4
2.866200E1,5.098447E-2,2.058814E-4
2.867868E1,4.948737E-2,1.787274E-4
2.869536E1,4.946664E-2,1.973794E-4
2.871205E1,4.869278E-2,2.017742E-4
2.872873E1,4.872777E-2,2.093476E-4
2.874541E1,4.717071E-2,1.836586E-4
2.876210E1,4.715866E-2,1.985681E-4
2.877878E1,4.554339E-2,1.767663E-4
2.879546E1,4.471254E-2,1.747324E-4
2.881215E1,4.388317E-2,1.775737E-4
2.882883E1,4.304145E-2,1.821485E-4
2.884551E1,4.221299E-2,1.835594E-4
2.886220E1,4.136200E-2,1.907042E-4
2.887888E1,4.052587E-2,1.910573E-4
2.889556E1,3.967862E-2,1.903543E-4
2.891225E1,3.884390E-2,1.836235E-4
2.892893E1,3.794141E-2,1.896558E-4
2.894561E1,3.707985E-2,1.941959E-4
2.896230E1,3.622530E-2,1.855218E-4
2.897898E1,3.529824E-2,1.951129E-4
2.899566E1,3.441381E-2,1.935507E-4
2.901235E1,3.348250E-2,1.935257E-4
2.902903E1,3.350097E-2,2.005781E-4
2.904571E1,3.166994E-2,1.886124E-4
2.906240E1,3.077815E-2,1.924202E-4
2.907908E1,3.076192E-2,2.017345E-4
2.909576E1,2.889711E-2,1.963503E-4
2.911245E1,2.797857E-2,1.991616E-4
2.912913E1,2.796844E-2,2.057180E-4
2.914581E1,2.606911E-2,2.089528E-4
2.916250E1,2.610145E-2,2.101392E-4
2.917918E1,2.419396E-2,2.021070E-4
2.919586E1,2.418852E-2,2.063422E-4
2.921255E1,2.418587E-2,2.080772E-4
2.922923E1,2.126905E-2,2.060550E-4
2.924591E1,2.125363E-2,2.065200E-4
2.926260E1,1.928418E-2,2.072711E-4
2.927928E1,1.830421E-2,2.112074E-4
2.929596E1,1.730706E-2,2.152131E-4
2.931265E1,1.631069E-2,2.141319E-4
2.932933E1,1.532172E-2,2.214314E-4
2.934601E1,1.432006E-2,2.234438E-4
2.936270E1,1.333055E-2,2.338116E-4
2.937938E1,1.235255E-2,2.402933E-4
2.939606E1,1.135818E-2,2.397236E-4
2.941275E1,1.036173E-2,2.432174E-4
2.942943E1,9.364878E-3,2.462113E-4
2.944611E1,8.381230E-3,2.461486E-4
2.946280E1,7.398571E-3,2.462448E-4
2.947948E1,6.402820E-3,2.497509E-4
2.949616E1,5.407744E-3,2.386341E-4
2.951285E1,5.377701E-3,2.334036E-4
2.952953E1,3.330839E-3,2.587862E-4
2.954621E1,2.329472E-3,2.577356E-4
2.956290E1,2.353740E-3,2.435011E-4
2.957958E1,3.308068E-4,2.783536E-4
2.959626E1,-6.872407E-4,2.659877E-4
2.961295E1,-2.720956E-3,2.952793E-4
2.962963E1,-2.708457E-3,2.632619E-4
2.964631E1,-4.725057E-3,2.934290E-4
2.966300E1,-4.697950E-3,2.650616E-4
2.967968E1,-5.704246E-3,2.727733E-4
2.969636E1,-5.680439E-3,2.553432E-4
2.971305E1,-5.667697E-3,2.459706E-4
2.972973E1,-9.642012E-3,3.518360E-4
2.974641E1,-9.614402E-3,3.754251E-4
2.976310E1,-1.059227E-2,4.127512E-4
2.977978E1,-1.255650E-2,4.591382E-4
2.979646E1,-1.254547E-2,4.321132E-4
2.981315E1,-1.352251E-2,4.494206E-4
2.982983E1,-1.449029E-2,4.649484E-4
2.984651E1,-1.546666E-2,4.671593E-4
2.986320E1,-1.643937E-2,4.629781E-4
2.987988E1,-1.740846E-2,4.722325E-4
2.989656E1,-1.837946E-2,4.851730E-4
2.991325E1,-1.935569E-2,4.853046E-4
2.992993E1,-2.030388E-2,5.035463E-4
2.994661E1,-2.120992E-2,5.775287E-4
2.996330E1,-2.214276E-2,6.046888E-4
2.997998E1,-2.310220E-2,6.355494E-4
2.999666E1,-2.399918E-2,6.417704E-4
3.001335E1,-2.489012E-2,6.562605E-4
3.003003E1,-2.577948E-2,7.307706E-4
3.004671E1,-2.759454E-2,8.188106E-4
3.006340E1,-2.759828E-2,7.864228E-4
3.008008E1,-2.937154E-2,8.480238E-4
3.009676E1,-2.938477E-2,8.727364E-4
3.011345E1,-3.027118E-2,9.288083E-4
3.013013E1,-3.198695E-2,1.003291E-3
3.014681E1,-3.200243E-2,1.030347E-3
3.016350E1,-3.288239E-2,1.085669E-3
3.018018E1,-3.456558E-2,1.168014E-3
3.019686E1,-3.453182E-2,1.195118E-3
3.021355E1,-3.620009E-2,1.285023E-3
3.023023E1,-3.617206E-2,1.263750E-3
3.024691E1,-3.697580E-2,1.295266E-3
3.026360E1,-3.860405E-2,1.374234E-3
3.028028E1,-3.859752E-2,1.384051E-3
3.029696E1,-4.020251E-2,1.469628E-3
3.031365E1,-4.021337E-2,1.439167E-3
3.033033E1,-4.098702E-2,1.478275E-3
3.034701E1,-4.180886E-2,1.557992E-3
3.036370E1,-4.260663E-2,1.613699E-3
3.038038E1,-4.333603E-2,1.637958E-3
3.039706E1,-4.408858E-2,1.659421E-3
3.041375E1,-4.480426E-2,1.734078E-3
3.043043E1,-4.555383E-2,1.779855E-3
3.044711E1,-4.622538E-2,1.807171E-3
3.046380E1,-4.696773E-2,1.891574E-3
3.048048E1,-4.767774E-2,1.947074E-3
3.049716E1,-4.832521E-2,1.978408E-3
3.051385E1,-4.898337E-2,2.049664E-3
3.053053E1,-4.963223E-2,2.092636E-3
3.054721E1,-5.026809E-2,2.135380E-3
3.056390E1,-5.154836E-2,2.246821E-3
3.058058E1,-5.154603E-2,2.235301E-3
3.059726E1,-5.278442E-2,2.329758E-3
3.061395E1,-5.281059E-2,2.350944E-3
3.063063E1,-5.342378E-2,2.407962E-3
3.064731E1,-5.454616E-2,2.477629E-3
3.066400E1,-5.452377E-2,2.505450E-3
3.068068E1,-5.508880E-2,2.556755E-3
3.069736E1,-5.616447E-2,2.630427E-3
3.071405E1,-5.614990E-2,2.662448E-3
3.073073E1,-5.614229E-2,2.678924E-3
3.074741E1,-5.766943E-2,2.806190E-3
3.076410E1,-5.764259E-2,2.832061E-3
3.078078E1,-5.859321E-2,2.903849E-3
3.079746E1,-5.859233E-2,2.890968E-3
3.081415E1,-5.950606E-2,2.932144E-3
3.083083E1,-5.953377E-2,2.906555E-3
3.084751E1,-5.996495E-2,2.930682E-3
3.086420E1,-6.036971E-2,2.928599E-3
3.088088E1,-6.079904E-2,2.946866E-3
3.089756E1,-6.115120E-2,2.929275E-3
3.091425E1,-6.155577E-2,2.946264E-3
3.093093E1,-6.191736E-2,2.945062E-3
3.094761E1,-6.221974E-2,2.951493E-3
3.096430E1,-6.256707E-2,3.014645E-3
3.098098E1,-6.287991E-2,3.041615E-3
3.099766E1,-6.319262E-2,3.063663E-3
3.101435E1,-6.349654E-2,3.074777E-3
3.103103E1,-6.380407E-2,3.078194E-3
3.104771E1,-6.408453E-2,3.104990E-3
3.106440E1,-6.432171E-2,3.082610E-3
3.108108E1,-6.432493E-2,3.066659E-3
3.109776E1,-6.483319E-2,3.105309E-3
3.111445E1,-6.482828E-2,3.081849E-3
3.113113E1,-6.525609E-2,3.086579E-3
3.114781E1,-6.546986E-2,3.099470E-3
3.116450E1,-6.547166E-2,3.078078E-3
3.118118E1,-6.583509E-2,3.093587E-3
3.119786E1,-6.582289E-2,3.075230E-3
3.121455E1,-6.612855E-2,3.092022E-3
3.123123E1,-6.623970E-2,3.079283E-3
3.124791E1,-6.626199E-2,3.067410E-3
3.126460E1,-6.658866E-2,3.096767E-3
3.128128E1,-6.660228E-2,3.077888E-3
3.129796E1,-6.672146E-2,3.069517E-3
3.131465E1,-6.674925E-2,3.061479E-3
3.133133E1,-6.681646E-2,3.071377E-3
3.134801E1,-6.680421E-2,3.062864E-3
3.136470E1,-6.680364E-2,3.060035E-3
3.138138E1,-6.679520E-2,3.056597E-3
3.139806E1,-6.679107E-2,3.054355E-3
3.141475E1,-6.676138E-2,3.047921E-3
3.143143E1,-6.672647E-2,3.041647E-3
3.144811E1,-6.667121E-2,3.052670E-3
3.146480E1,-6.657108E-2,3.036978E-3
3.148148E1,-6.648427E-2,3.039164E-3
3.149816E1,-6.636181E-2,3.040831E-3
3.151485E1,-6.621115E-2,3.043069E-3
3.153153E1,-6.601794E-2,3.028377E-3
3.154821E1,-6.584538E-2,3.031336E-3
3.156490E1,-6.565032E-2,3.023967E-3
3.158158E1,-6.545431E-2,3.008069E-3
3.159826E1,-6.502548E-2,3.001028E-3
3.161495E1,-6.501029E-2,3.018176E-3
3.163163E1,-6.452644E-2,2.992865E-3
3.164831E1,-6.451462E-2,3.013181E-3
3.166500E1,-6.424768E-2,3.012543E-3
3.168168E1,-6.363090E-2,2.972493E-3
3.169837E1,-6.365135E-2,2.994683E-3
3.171505E1,-6.302265E-2,2.966070E-3
3.173173E1,-6.302250E-2,2.996763E-3
3.174842E1,-6.302238E-2,3.013994E-3
3.176510E1,-6.201350E-2,2.938320E-3
3.178178E1,-6.202326E-2,2.911411E-3
3.179847E1,-6.166883E-2,2.870453E-3
3.181515E1,-6.087173E-2,2.816767E-3
3.183183E1,-6.087974E-2,2.841674E-3
3.184852E1,-6.049107E-2,2.819355E-3
3.186520E1,-6.008460E-2,2.808867E-3
3.188188E1,-5.964300E-2,2.820359E-3
3.189857E1,-5.917494E-2,2.798742E-3
3.191525E1,-5.874394E-2,2.801212E-3
3.193193E1,-5.826980E-2,2.789167E-3
3.194862E1,-5.780578E-2,2.782546E-3
3.196530E1,-5.729871E-2,2.718439E-3
3.198198E1,-5.678873E-2,2.680018E-3
3.199867E1,-5.626282E-2,2.655301E-3
3.201535E1,-5.574548E-2,2.643214E-3
3.203203E1,-5.525872E-2,2.618990E-3
3.204872E1,-5.471794E-2,2.558832E-3
3.206540E1,-5.412580E-2,2.510348E-3
3.208208E1,-5.357624E-2,2.499345E-3
3.209877E1,-5.237654E-2,2.422314E-3
3.211545E1,-5.237394E-2,2.403877E-3
3.213213E1,-5.113350E-2,2.315197E-3
3.214882E1,-5.110465E-2,2.342500E-3
3.216550E1,-5.045655E-2,2.329632E-3
3.218218E1,-4.914846E-2,2.268197E-3
3.219887E1,-4.912955E-2,2.246129E-3
3.221555E1,-4.777964E-2,2.153591E-3
3.223223E1,-4.778260E-2,2.178434E-3
3.224892E1,-4.709477E-2,2.145115E-3
3.226560E1,-4.710798E-2,2.171114E-3
3.228228E1,-4.711567E-2,2.185905E-3
3.229897E1,-4.426121E-2,1.989804E-3
3.231565E1,-4.429633E-2,2.013727E-3
3.233233E1,-4.356892E-2,1.991890E-3
3.234902E1,-4.205403E-2,1.907359E-3
3.236570E1,-4.205262E-2,1.895276E-3
3.238238E1,-4.128187E-2,1.848173E-3
3.239907E1,-4.048801E-2,1.809828E-3
3.241575E1,-3.973540E-2,1.779768E-3
3.243243E1,-3.895341E-2,1.708460E-3
3.244912E1,-3.813764E-2,1.666842E-3
3.246580E1,-3.730787E-2,1.648490E-3
3.248248E1,-3.651718E-2,1.626378E-3
3.249917E1,-3.565644E-2,1.542510E-3
3.251585E1,-3.480763E-2,1.503768E-3
3.253253E1,-3.400122E-2,1.466854E-3
3.254922E1,-3.316110E-2,1.381730E-3
3.256590E1,-3.231232E-2,1.345545E-3
3.258258E1,-3.146905E-2,1.323528E-3
3.259927E1,-2.971308E-2,1.234418E-3
3.261595E1,-2.973268E-2,1.228008E-3
3.263263E1,-2.885622E-2,1.184033E-3
3.264932E1,-2.711203E-2,1.103614E-3
3.266600E1,-2.712239E-2,1.081595E-3
3.268268E1,-2.531375E-2,9.841638E-4
3.269937E1,-2.532089E-2,1.015720E-3
3.271605E1,-2.441862E-2,9.988866E-4
3.273273E1,-2.256418E-2,9.309083E-4
3.274942E1,-2.255699E-2,9.123113E-4
3.276610E1,-2.163154E-2,8.660591E-4
3.278278E1,-1.977173E-2,8.075642E-4
3.279947E1,-1.976954E-2,7.687250E-4
3.281615E1,-1.789160E-2,6.889271E-4
3.283283E1,-1.792211E-2,7.058474E-4
3.284952E1,-1.699961E-2,6.935389E-4
3.286620E1,-1.511554E-2,6.349782E-4
3.288288E1,-1.514310E-2,6.009467E-4
3.289957E1,-1.421009E-2,5.631355E-4
3.291625E1,-1.323631E-2,5.462984E-4
3.293293E1,-1.130392E-2,5.041391E-4
3.294962E1,-1.127925E-2,5.304249E-4
3.296630E1,-1.029373E-2,5.176295E-4
3.298298E1,-9.319773E-3,5.117289E-4
3.299967E1,-8.324517E-3,5.086285E-4
3.301635E1,-7.346732E-3,5.086031E-4
3.303303E1,-6.371273E-3,5.087614E-4
3.304972E1,-5.366652E-3,5.040118E-4
3.306640E1,-4.377004E-3,5.038384E-4
3.308308E1,-3.393272E-3,5.019817E-4
3.309977E1,-2.403817E-3,5.005207E-4
3.311645E1,-1.446080E-3,4.910185E-4
3.313313E1,-4.477352E-4,4.156782E-4
3.314982E1,1.533801E-3,3.649373E-4
3.316650E1,1.530638E-3,3.794552E-4
3.318318E1,3.518352E-3,3.461713E-4
3.319987E1,3.506671E-3,3.687140E-4
3.321655E1,4.486680E-3,3.694709E-4
3.323323E1,6.457605E-3,3.384230E-4
3.324992E1,6.450386E-3,3.615593E-4
3.326660E1,6.446474E-3,3.744968E-4
3.328328E1,9.395678E-3,3.147314E-4
3.329997E1,9.391596E-3,2.740463E-4
3.331665E1,1.136679E-2,2.194927E-4
3.333333E1,1.135739E-2,2.228501E-4
3.335002E1,1.334102E-2,1.886130E-4
3.336670E1,1.333193E-2,2.026910E-4
3.338338E1,1.430263E-2,1.969738E-4
3.340007E1,1.528419E-2,2.041498E-4
3.341675E1,1.626209E-2,1.987686E-4
3.343343E1,1.724531E-2,1.969743E-4
3.345012E1,1.821410E-2,2.010546E-4
3.346680E1,1.918606E-2,2.068304E-4
3.348348E1,2.015964E-2,2.021492E-4
3.350017E1,2.106696E-2,2.062018E-4
3.351685E1,2.200441E-2,2.149312E-4
3.353353E1,2.295708E-2,2.164560E-4
3.355022E1,2.389414E-2,2.156214E-4
3.356690E1,2.482050E-2,2.170935E-4
3.358358E1,2.571927E-2,2.151986E-4
3.360027E1,2.661301E-2,2.190267E-4
3.361695E1,2.752275E-2,2.190679E-4
3.363363E1,2.839953E-2,2.226707E-4
3.365032E1,3.019808E-2,2.250970E-4
3.366700E1,3.020314E-2,2.226599E-4
3.368368E1,3.196588E-2,2.317940E-4
3.370037E1,3.198267E-2,2.263782E-4
3.371705E1,3.287169E-2,2.240491E-4
3.373373E1,3.460133E-2,2.347700E-4
3.375042E1,3.461410E-2,2.296938E-4
3.376710E1,3.631632E-2,2.354222E-4
3.378378E1,3.629837E-2,2.296960E-4
3.380047E1,3.628905E-2,2.264851E-4
3.381715E1,3.878998E-2,2.323312E-4
3.383383E1,3.876609E-2,2.272165E-4
3.385052E1,4.039867E-2,2.364150E-4
3.386720E1,4.038990E-2,2.290862E-4
3.388388E1,4.117919E-2,2.331783E-4
3.390057E1,4.279124E-2,2.407251E-4
3.391725E1,4.281040E-2,2.324450E-4
3.393393E1,4.360069E-2,2.260931E-4
3.395062E1,4.434721E-2,2.309674E-4
3.396730E1,4.510065E-2,2.360831E-4
3.398398E1,4.587832E-2,2.274865E-4
3.400067E1,4.660707E-2,2.394401E-4
3.401735E1,4.735031E-2,2.300167E-4
3.403403E1,4.806216E-2,2.412020E-4
3.405072E1,4.879371E-2,2.340972E-4
3.406740E1,4.949781E-2,2.325529E-4
3.408408E1,5.017665E-2,2.466284E-4
3.410077E1,5.089300E-2,2.413025E-4
3.411745E1,5.157989E-2,2.419199E-4
3.413413E1,5.224709E-2,2.404062E-4
3.415082E1,5.289036E-2,2.437456E-4
3.416750E1,5.418194E-2,2.614356E-4
3.418418E1,5.417270E-2,2.478965E-4
3.420087E1,5.544624E-2,2.700211E-4
3.421755E1,5.545574E-2,2.538721E-4
3.423423E1,5.608601E-2,2.603842E-4
3.425092E1,5.729047E-2,2.702302E-4
3.426760E1,5.728185E-2,2.571951E-4
3.428428E1,5.786880E-2,2.672699E-4
3.430097E1,5.901314E-2,2.885133E-4
3.431765E1,5.903851E-2,2.700182E-4
3.433433E1,5.905131E-2,2.601462E-4
3.435102E1,6.066904E-2,2.950767E-4
3.436770E1,6.068580E-2,2.752365E-4
3.438438E1,6.170936E-2,2.849194E-4
3.440107E1,6.170007E-2,2.706868E-4
3.441775E1,6.217191E-2,2.714004E-4
3.443443E1,6.265671E-2,2.768605E-4
3.445112E1,6.311782E-2,2.857240E-4
3.446780E1,6.359436E-2,2.632915E-4
3.448448E1,6.398694E-2,2.759147E-4
3.450117E1,6.439780E-2,2.672390E-4
3.451785E1,6.476794E-2,2.855885E-4
3.453453E1,6.517913E-2,2.724994E-4
3.455122E1,6.553900E-2,2.697983E-4
3.456790E1,6.587832E-2,2.663167E-4
3.458458E1,6.619676E-2,2.665123E-4
3.460127E1,6.650890E-2,2.717891E-4
3.461795E1,6.681352E-2,2.708629E-4
3.463463E1,6.711757E-2,2.758347E-4
3.465132E1,6.741807E-2,2.826281E-4
3.466800E1,6.798386E-2,2.750101E-4
3.468468E1,6.795940E-2,2.690333E-4
3.470137E1,6.844575E-2,2.766386E-4
3.471805E1,6.843489E-2,2.695943E-4
3.473473E1,6.866777E-2,2.623695E-4
3.475142E1,6.906576E-2,2.828718E-4
3.476810E1,6.906934E-2,2.744579E-4
3.478478E1,6.943497E-2,2.732040E-4
3.480147E1,6.942264E-2,2.690095E-4
3.481815E1,6.941569E-2,2.664462E-4
3.483483E1,6.988114E-2,2.748835E-4
3.485152E1,6.988675E-2,2.700722E-4
3.486820E1,7.011984E-2,2.667681E-4
3.488488E1,7.009520E-2,2.651209E-4
3.490157E1,7.017877E-2,2.732221E-4
3.491825E1,7.027053E-2,2.606066E-4
3.493493E1,7.032007E-2,2.545323E-4
3.495162E1,7.034175E-2,2.705491E-4
3.496830E1,7.039033E-2,2.640595E-4
3.498498E1,7.041151E-2,2.606490E-4
3.500167E1,7.040681E-2,2.612616E-4
3.501835E1,7.040062E-2,2.620354E-4
3.503504E1,7.039656E-2,2.633329E-4
3.505172E1,7.036122E-2,2.663228E-4
3.506840E1,7.032034E-2,2.518445E-4
3.508509E1,7.021381E-2,2.625120E-4
3.510177E1,7.013566E-2,2.545501E-4
3.511845E1,7.000520E-2,2.663077E-4
3.513514E1,6.991605E-2,2.538511E-4
3.515182E1,6.962968E-2,2.463872E-4
3.516850E1,6.960721E-2,2.518105E-4
3.518519E1,6.943317E-2,2.501479E-4
3.520187E1,6.906537E-2,2.549761E-4
3.521855E1,6.907268E-2,2.567155E-4
3.523524E1,6.865484E-2,2.414157E-4
3.525192E1,6.863015E-2,2.485329E-4
3.526860E1,6.838048E-2,2.550074E-4
3.528529E1,6.789223E-2,2.498413E-4
3.530197E1,6.791038E-2,2.533935E-4
3.531865E1,6.733785E-2,2.283004E-4
3.533534E1,6.731545E-2,2.395126E-4
3.535202E1,6.730370E-2,2.459222E-4
3.536870E1,6.633464E-2,2.201441E-4
3.538539E1,6.632263E-2,2.334534E-4
3.540207E1,6.597195E-2,2.398111E-4
3.541875E1,6.525822E-2,2.399465E-4
3.543544E1,6.528337E-2,2.438593E-4
3.545212E1,6.491428E-2,2.476740E-4
3.546880E1,6.453123E-2,2.257933E-4
3.548549E1,6.411986E-2,2.391056E-4
3.550217E1,6.370933E-2,2.180325E-4
3.551885E1,6.326803E-2,2.106771E-4
3.553554E1,6.279860E-2,2.350351E-4
3.555222E1,6.236942E-2,2.250812E-4
3.556890E1,6.189582E-2,2.218737E-4
3.558559E1,6.142165E-2,2.112641E-4
3.560227E1,6.090383E-2,2.193159E-4
3.561895E1,6.040846E-2,2.214671E-4
3.563564E1,5.989229E-2,2.209097E-4
3.565232E1,5.937978E-2,2.244814E-4
3.566900E1,5.886270E-2,2.257882E-4
3.568569E1,5.778891E-2,2.050650E-4
3.570237E1,5.778887E-2,2.187273E-4
3.571905E1,5.721120E-2,2.163899E-4
3.573574E1,5.608365E-2,1.976898E-4
3.575242E1,5.610981E-2,2.116356E-4
3.576910E1,5.490500E-2,1.809551E-4
3.578579E1,5.487552E-2,2.002208E-4
3.580247E1,5.424128E-2,1.912421E-4
3.581915E1,5.294553E-2,1.771410E-4
3.583584E1,5.291961E-2,1.943758E-4
3.585252E1,5.291365E-2,2.046324E-4
3.586920E1,5.090393E-2,1.702267E-4
3.588589E1,5.090819E-2,1.947076E-4
3.590257E1,4.952893E-2,1.835493E-4
3.591925E1,4.955803E-2,1.997342E-4
3.593594E1,4.887591E-2,2.042972E-4
3.595262E1,4.745050E-2,1.811863E-4
3.596930E1,4.745527E-2,1.958253E-4
3.598599E1,4.673720E-2,2.026638E-4
3.600267E1,4.600875E-2,1.889879E-4
3.601935E1,4.525130E-2,1.955503E-4
3.603604E1,4.450551E-2,1.889743E-4
3.605272E1,4.373386E-2,1.822806E-4
3.606940E1,4.293324E-2,1.839973E-4
3.608609E1,4.210265E-2,1.849899E-4
3.610277E1,4.129376E-2,1.868770E-4
3.611945E1,4.046575E-2,1.885203E-4
3.613614E1,3.962385E-2,1.887659E-4
3.615282E1,3.879242E-2,1.910504E-4
3.616950E1,3.796342E-2,1.967348E-4
3.618619E1,3.711637E-2,1.921689E-4
3.620287E1,3.544657E-2,1.887961E-4
3.621955E1,3.546808E-2,2.004248E-4
3.623624E1,3.460319E-2,1.990813E-4
3.625292E1,3.288210E-2,1.824922E-4
3.626960E1,3.287673E-2,1.943437E-4
3.628629E1,3.112104E-2,1.835496E-4
3.630297E1,3.109959E-2,1.951967E-4
3.631965E1,3.020428E-2,1.981632E-4
3.633634E1,2.842271E-2,1.948239E-4
3.635302E1,2.843248E-2,2.033052E-4
3.636970E1,2.843787E-2,2.077117E-4
3.638639E1,2.570719E-2,2.013498E-4
3.640307E1,2.568661E-2,2.062788E-4
3.641975E1,2.382343E-2,1.949716E-4
3.643644E1,2.383628E-2,2.009636E-4
3.645312E1,2.198516E-2,2.032768E-4
3.646980E1,2.201278E-2,2.052769E-4
3.648649E1,2.107972E-2,2.004456E-4
3.650317E1,2.013796E-2,2.076113E-4
3.651985E1,1.916811E-2,2.101619E-4
3.653654E1,1.820411E-2,2.166664E-4
3.655322E1,1.727989E-2,2.140183E-4
3.656990E1,1.634228E-2,2.137659E-4
3.658659E1,1.537344E-2,2.191242E-4
3.660327E1,1.439171E-2,2.195578E-4
3.661995E1,1.341658E-2,2.281566E-4
3.663664E1,1.243946E-2,2.314656E-4
3.665332E1,1.145761E-2,2.370231E-4
3.667000E1,1.047194E-2,2.377188E-4
3.668669E1,9.490396E-3,2.450387E-4
3.670337E1,8.502474E-3,2.450404E-4
3.672005E1,6.556256E-3,2.480754E-4
3.673674E1,6.533265E-3,2.377117E-4
3.675342E1,4.569965E-3,2.468872E-4
3.677010E1,4.554642E-3,2.362936E-4
3.678679E1,3.562025E-3,2.457750E-4
3.680347E1,1.619903E-3,2.619022E-4
3.682015E1,1.606054E-3,2.445610E-4
3.683684E1,6.239879E-4,2.546222E-4
3.685352E1,-1.335791E-3,2.767676E-4
3.687020E1,-1.345066E-3,2.541003E-4
3.688689E1,-3.299916E-3,2.863114E-4
3.690357E1,-3.309247E-3,2.603767E-4
3.692025E1,-4.280536E-3,2.623395E-4
3.693694E1,-6.234754E-3,2.888114E-4
3.695362E1,-6.249799E-3,2.632990E-4
3.697030E1,-8.186512E-3,2.956108E-4
3.698699E1,-8.130870E-3,2.664227E-4
3.700367E1,-9.064751E-3,2.724852E-4
3.702035E1,-1.001165E-2,2.761689E-4
3.703704E1,-1.096960E-2,2.880292E-4
3.705372E1,-1.187844E-2,2.915029E-4
3.707040E1,-1.281351E-2,2.958978E-4
3.708709E1,-1.375050E-2,3.054618E-4
3.710377E1,-1.464563E-2,3.020834E-4
3.712045E1,-1.557228E-2,3.047492E-4
3.713714E1,-1.651300E-2,3.127200E-4
3.715382E1,-1.740217E-2,3.183334E-4
3.717050E1,-1.830142E-2,3.320140E-4
3.718719E1,-1.920642E-2,3.877405E-4
3.720387E1,-2.011576E-2,4.310098E-4
3.722055E1,-2.099913E-2,4.608964E-4
3.723724E1,-2.279128E-2,5.243961E-4
3.725392E1,-2.280529E-2,5.467067E-4
3.727060E1,-2.458021E-2,6.251209E-4
3.728729E1,-2.452994E-2,6.043703E-4
3.730397E1,-2.538258E-2,6.259082E-4
3.732065E1,-2.705870E-2,6.950752E-4
3.733734E1,-2.707149E-2,7.151766E-4
3.735402E1,-2.877828E-2,7.993355E-4
3.737070E1,-2.875809E-2,7.764108E-4
3.738739E1,-2.874758E-2,7.641928E-4
3.740407E1,-3.124189E-2,8.842772E-4
3.742075E1,-3.122031E-2,8.940715E-4
3.743744E1,-3.204148E-2,9.415676E-4
3.745412E1,-3.364413E-2,1.011789E-3
3.747080E1,-3.364779E-2,1.036668E-3
3.748749E1,-3.525534E-2,1.123694E-3
3.750417E1,-3.526638E-2,1.103170E-3
3.752085E1,-3.605042E-2,1.138653E-3
3.753754E1,-3.677980E-2,1.159235E-3
3.755422E1,-3.754400E-2,1.224454E-3
3.757090E1,-3.833556E-2,1.273176E-3
3.758759E1,-3.905359E-2,1.296315E-3
3.760427E1,-3.977969E-2,1.331260E-3
3.762095E1,-4.050769E-2,1.395192E-3
3.763764E1,-4.125956E-2,1.440909E-3
3.765432E1,-4.193969E-2,1.467558E-3
3.767100E1,-4.261908E-2,1.495946E-3
3.768769E1,-4.334781E-2,1.568860E-3
3.770437E1,-4.403276E-2,1.606739E-3
3.772105E1,-4.471104E-2,1.633031E-3
3.773774E1,-4.535035E-2,1.661112E-3
3.775442E1,-4.666664E-2,1.777712E-3
3.777110E1,-4.664292E-2,1.758031E-3
3.778779E1,-4.791315E-2,1.837020E-3
3.780447E1,-4.791747E-2,1.860448E-3
3.782115E1,-4.855301E-2,1.908925E-3
3.783784E1,-4.977712E-2,1.980051E-3
3.785452E1,-4.975606E-2,2.012754E-3
3.787120E1,-5.092514E-2,2.109384E-3
3.788789E1,-5.090496E-2,2.088061E-3
3.790457E1,-5.148860E-2,2.099895E-3
3.792125E1,-5.257956E-2,2.189021E-3
3.793794E1,-5.255309E-2,2.202702E-3
3.795462E1,-5.309298E-2,2.241227E-3
3.797130E1,-5.408212E-2,2.316121E-3
3.798799E1,-5.404503E-2,2.344780E-3
3.800467E1,-5.453863E-2,2.396204E-3
3.802135E1,-5.500938E-2,2.421575E-3
3.803804E1,-5.548510E-2,2.448332E-3
3.805472E1,-5.637551E-2,2.491940E-3
3.807140E1,-5.633986E-2,2.516528E-3
3.808809E1,-5.676417E-2,2.553242E-3
3.810477E1,-5.720395E-2,2.590614E-3
3.812145E1,-5.758073E-2,2.596016E-3
3.813814E1,-5.798178E-2,2.610327E-3
3.815482E1,-5.833727E-2,2.630195E-3
3.817150E1,-5.868784E-2,2.676790E-3
3.818819E1,-5.907205E-2,2.716848E-3
3.820487E1,-5.941600E-2,2.738383E-3
3.822155E1,-5.975782E-2,2.761131E-3
3.823824E1,-6.007160E-2,2.757007E-3
3.825492E1,-6.037612E-2,2.758013E-3
3.827160E1,-6.068853E-2,2.757575E-3
3.828829E1,-6.122622E-2,2.794143E-3
3.830497E1,-6.122047E-2,2.830354E-3
3.832165E1,-6.171368E-2,2.879155E-3
3.833834E1,-6.171013E-2,2.878592E-3
3.835502E1,-6.194653E-2,2.906769E-3
3.837171E1,-6.233286E-2,2.910683E-3
3.838839E1,-6.234420E-2,2.898539E-3
3.840507E1,-6.271790E-2,2.929662E-3
3.842176E1,-6.270623E-2,2.910910E-3
3.843844E1,-6.286060E-2,2.913540E-3
3.845512E1,-6.315413E-2,2.906592E-3
3.847181E1,-6.316473E-2,2.896511E-3
3.848849E1,-6.327756E-2,2.902329E-3
3.850517E1,-6.342040E-2,2.915215E-3
3.852186E1,-6.348895E-2,2.894364E-3
3.853854E1,-6.357382E-2,2.908639E-3
3.855522E1,-6.368217E-2,2.903206E-3
3.857191E1,-6.367947E-2,2.895440E-3
3.858859E1,-6.370991E-2,2.896406E-3
3.860527E1,-6.372402E-2,2.895288E-3
3.862196E1,-6.372133E-2,2.895711E-3
3.863864E1,-6.370272E-2,2.891204E-3
3.865532E1,-6.369102E-2,2.887537E-3
3.867201E1,-6.367096E-2,2.883627E-3
3.868869E1,-6.364533E-2,2.882263E-3
3.870537E1,-6.360176E-2,2.873096E-3
3.872206E1,-6.356685E-2,2.884978E-3
3.873874E1,-6.345621E-2,2.868249E-3
3.875542E1,-6.337125E-2,2.875671E-3
3.877211E1,-6.312416E-2,2.855006E-3
3.878879E1,-6.314707E-2,2.864741E-3
3.880547E1,-6.302276E-2,2.864483E-3
3.882216E1,-6.268754E-2,2.855435E-3
3.883884E1,-6.268862E-2,2.863977E-3
3.885552E1,-6.231015E-2,2.838382E-3
3.887221E1,-6.232952E-2,2.853547E-3
3.888889E1,-6.211845E-2,2.862033E-3
3.890557E1,-6.162603E-2,2.839209E-3
3.892226E1,-6.159211E-2,2.854932E-3
3.893894E1,-6.157383E-2,2.863916E-3
3.895562E1,-6.074711E-2,2.809166E-3
3.897231E1,-6.073946E-2,2.836927E-3
3.898899E1,-6.012388E-2,2.813640E-3
3.900567E1,-6.010365E-2,2.838879E-3
3.902236E1,-5.977913E-2,2.839214E-3
3.903904E1,-5.941553E-2,2.815874E-3
3.905572E1,-5.907087E-2,2.816646E-3
3.907241E1,-5.872734E-2,2.815495E-3
3.908909E1,-5.834173E-2,2.816593E-3
3.910577E1,-5.793612E-2,2.800982E-3
3.912246E1,-5.753546E-2,2.790374E-3
3.913914E1,-5.714808E-2,2.791708E-3
3.915582E1,-5.675019E-2,2.785511E-3
3.917251E1,-5.631382E-2,2.726444E-3
3.918919E1,-5.585606E-2,2.693088E-3
3.920587E1,-5.537768E-2,2.667373E-3
3.922256E1,-5.489471E-2,2.659008E-3
3.923924E1,-5.436688E-2,2.645747E-3
3.925592E1,-5.386529E-2,2.635724E-3
3.927261E1,-5.285487E-2,2.576887E-3
3.928929E1,-5.285950E-2,2.561718E-3
3.930597E1,-5.233349E-2,2.512100E-3
3.932266E1,-5.128567E-2,2.449617E-3
3.933934E1,-5.126338E-2,2.419113E-3
3.935602E1,-5.069412E-2,2.368136E-3
3.937271E1,-4.955298E-2,2.303441E-3
3.938939E1,-4.956749E-2,2.334192E-3
3.940607E1,-4.839809E-2,2.270271E-3
3.942276E1,-4.841556E-2,2.245597E-3
3.943944E1,-4.718906E-2,2.160800E-3
3.945612E1,-4.716495E-2,2.181558E-3
3.947281E1,-4.651974E-2,2.152523E-3
3.948949E1,-4.522137E-2,2.091077E-3
3.950617E1,-4.520123E-2,2.072766E-3
3.952286E1,-4.452958E-2,2.024251E-3
3.953954E1,-4.319952E-2,1.950226E-3
3.955622E1,-4.320220E-2,1.922646E-3
3.957291E1,-4.251070E-2,1.864225E-3
3.958959E1,-4.184361E-2,1.833563E-3
3.960627E1,-4.113395E-2,1.822416E-3
3.962296E1,-4.042427E-2,1.799916E-3
3.963964E1,-3.968113E-2,1.712494E-3
3.965632E1,-3.897994E-2,1.680614E-3
3.967301E1,-3.822579E-2,1.643277E-3
3.968969E1,-3.751237E-2,1.637693E-3
3.970637E1,-3.673279E-2,1.560898E-3
3.972306E1,-3.600214E-2,1.522758E-3
3.973974E1,-3.521964E-2,1.502661E-3
3.975642E1,-3.442419E-2,1.454420E-3
3.977311E1,-3.366964E-2,1.393421E-3
3.978979E1,-3.288618E-2,1.352495E-3
3.980647E1,-3.126813E-2,1.283600E-3
3.982316E1,-3.125806E-2,1.258922E-3
3.983984E1,-2.958988E-2,1.160194E-3
3.985652E1,-2.959500E-2,1.185704E-3
3.987321E1,-2.876575E-2,1.157538E-3
3.988989E1,-2.709906E-2,1.098544E-3
3.990657E1,-2.711811E-2,1.079927E-3
3.992326E1,-2.712879E-2,1.070703E-3
3.993994E1,-2.455905E-2,9.395541E-4
3.995662E1,-2.454375E-2,9.200311E-4
3.997331E1,-2.279357E-2,8.370431E-4
3.998999E1,-2.282952E-2,8.603189E-4
4.000667E1,-2.108786E-2,7.902886E-4
4.002336E1,-2.108357E-2,7.628372E-4
4.004004E1,-2.019923E-2,7.181434E-4
4.005672E1,-1.931192E-2,6.987822E-4
4.007341E1,-1.842384E-2,6.818593E-4
4.009009E1,-1.754554E-2,6.714298E-4
4.010677E1,-1.666314E-2,6.647068E-4
4.012346E1,-1.575177E-2,6.583226E-4
4.014014E1,-1.488438E-2,6.511936E-4
4.015682E1,-1.395728E-2,5.770713E-4
4.017351E1,-1.306769E-2,5.503760E-4
4.019019E1,-1.213418E-2,5.265592E-4
4.020687E1,-1.125038E-2,5.075431E-4
4.022356E1,-1.030555E-2,5.094652E-4
4.024024E1,-9.365643E-3,5.000625E-4
4.025692E1,-8.451792E-3,5.005174E-4
4.027361E1,-7.529087E-3,5.070763E-4
4.029029E1,-6.556911E-3,4.936296E-4
4.030697E1,-4.735288E-3,4.677458E-4
4.032366E1,-4.715166E-3,4.323025E-4
4.034034E1,-2.831135E-3,3.590928E-4
4.035702E1,-2.854990E-3,3.719816E-4
4.037371E1,-1.924885E-3,3.619880E-4
4.039039E1,-5.719079E-5,3.147140E-4
4.040707E1,-7.842877E-5,2.730132E-4
4.042376E1,1.806552E-3,2.296142E-4
4.044044E1,1.828938E-3,2.309800E-4
4.045712E1,1.840702E-3,2.317054E-4
4.047381E1,4.660881E-3,1.755167E-4
4.049049E1,4.651796E-3,2.005786E-4
4.050717E1,6.558856E-3,1.950180E-4
4.052386E1,6.579883E-3,2.103885E-4
4.054054E1,7.533462E-3,1.929113E-4
4.055722E1,9.384744E-3,1.773043E-4
4.057391E1,9.387569E-3,1.974974E-4
4.059059E1,1.033463E-2,1.999134E-4
4.060727E1,1.128576E-2,1.840407E-4
4.062396E1,1.219732E-2,1.878064E-4
4.064064E1,1.313808E-2,1.843671E-4
4.065732E1,1.408982E-2,1.754981E-4
4.067401E1,1.497825E-2,1.901694E-4
4.069069E1,1.590656E-2,1.908652E-4
4.070737E1,1.684847E-2,1.768280E-4
4.072406E1,1.775572E-2,1.870190E-4
4.074074E1,1.868270E-2,1.885877E-4
4.075742E1,1.956346E-2,1.952004E-4
4.077411E1,2.047059E-2,1.935799E-4
4.079079E1,2.136264E-2,2.023675E-4
4.080747E1,2.317656E-2,2.042305E-4
4.082416E1,2.317370E-2,2.098240E-4
4.084084E1,2.407315E-2,2.059560E-4
4.085752E1,2.582554E-2,2.064524E-4
4.087421E1,2.581372E-2,2.115903E-4
4.089089E1,2.755405E-2,2.156094E-4
4.090757E1,2.757082E-2,2.168211E-4
4.092426E1,2.845294E-2,2.114222E-4
4.094094E1,2.843864E-2,2.144792E-4
4.095762E1,3.099814E-2,2.198016E-4
4.097431E1,3.101380E-2,2.177400E-4
4.099099E1,3.270134E-2,2.183850E-4
4.100767E1,3.269172E-2,2.177141E-4
4.102436E1,3.435457E-2,2.258747E-4
4.104104E1,3.434009E-2,2.218396E-4
4.105772E1,3.514939E-2,2.216533E-4
4.107441E1,3.594650E-2,2.280206E-4
4.109109E1,3.676247E-2,2.278947E-4
4.110777E1,3.755608E-2,2.331791E-4
4.112446E1,3.835159E-2,2.208065E-4
4.114114E1,3.909954E-2,2.285789E-4
4.115782E1,3.986336E-2,2.311272E-4
4.117451E1,4.064124E-2,2.211751E-4
4.119119E1,4.135603E-2,2.329572E-4
4.120787E1,4.211843E-2,2.239064E-4
4.122456E1,4.283504E-2,2.358221E-4
4.124124E1,4.356921E-2,2.234730E-4
4.125792E1,4.426810E-2,2.360173E-4
4.127461E1,4.500706E-2,2.291443E-4
4.129129E1,4.570156E-2,2.275427E-4
4.130797E1,4.708946E-2,2.524862E-4
4.132466E1,4.709978E-2,2.387949E-4
4.134134E1,4.845583E-2,2.445333E-4
4.135802E1,4.844432E-2,2.347362E-4
4.137471E1,4.910250E-2,2.376036E-4
4.139139E1,5.040892E-2,2.485431E-4
4.140807E1,5.040631E-2,2.376819E-4
4.142476E1,5.167572E-2,2.550642E-4
4.144144E1,5.168678E-2,2.434878E-4
4.145812E1,5.231784E-2,2.511212E-4
4.147481E1,5.233353E-2,2.420265E-4
4.149149E1,5.413100E-2,2.733742E-4
4.150817E1,5.414224E-2,2.559902E-4
4.152486E1,5.529520E-2,2.643258E-4
4.154154E1,5.529887E-2,2.514375E-4
4.155822E1,5.641113E-2,2.671632E-4
4.157491E1,5.642649E-2,2.549901E-4
4.159159E1,5.695722E-2,2.519008E-4
4.160827E1,5.747090E-2,2.535777E-4
4.162496E1,5.797141E-2,2.600989E-4
4.164164E1,5.845053E-2,2.561177E-4
4.165832E1,5.892113E-2,2.600151E-4
4.167501E1,5.940395E-2,2.631496E-4
4.169169E1,5.988047E-2,2.698418E-4
4.170838E1,6.034259E-2,2.733383E-4
4.172506E1,6.079815E-2,2.554602E-4
4.174174E1,6.119124E-2,2.648665E-4
4.175843E1,6.160815E-2,2.553743E-4
4.177511E1,6.199142E-2,2.759575E-4
4.179179E1,6.239483E-2,2.594943E-4
4.180848E1,6.275161E-2,2.619243E-4
4.182516E1,6.344600E-2,2.858844E-4
4.184184E1,6.347039E-2,2.716239E-4
4.185853E1,6.381109E-2,2.720567E-4
4.187521E1,6.446440E-2,2.807040E-4
4.189189E1,6.447127E-2,2.700886E-4
4.190858E1,6.506706E-2,2.665258E-4
4.192526E1,6.502518E-2,2.621132E-4
4.194194E1,6.528451E-2,2.788251E-4
4.195863E1,6.579283E-2,2.844541E-4
4.197531E1,6.579324E-2,2.739677E-4
4.199199E1,6.579357E-2,2.678605E-4
4.200868E1,6.644922E-2,2.829008E-4
4.202536E1,6.644935E-2,2.735757E-4
4.204204E1,6.680909E-2,2.696938E-4
4.205873E1,6.679664E-2,2.656238E-4
4.207541E1,6.710590E-2,2.716000E-4
4.209209E1,6.710680E-2,2.665513E-4
4.210878E1,6.723451E-2,2.727911E-4
4.212546E1,6.738616E-2,2.786063E-4
4.214214E1,6.750078E-2,2.578607E-4
4.215883E1,6.756279E-2,2.743800E-4
4.217551E1,6.766868E-2,2.596838E-4
4.219219E1,6.770909E-2,2.724165E-4
4.220888E1,6.778250E-2,2.590932E-4
4.222556E1,6.781231E-2,2.542883E-4
4.224224E1,6.781932E-2,2.522329E-4
4.225893E1,6.780787E-2,2.518703E-4
4.227561E1,6.779834E-2,2.527240E-4
4.229229E1,6.778200E-2,2.560163E-4
4.230898E1,6.777182E-2,2.583894E-4
4.232566E1,6.768012E-2,2.436885E-4
4.234234E1,6.764865E-2,2.495042E-4
4.235903E1,6.756896E-2,2.627872E-4
4.237571E1,6.738286E-2,2.585384E-4
4.239239E1,6.740459E-2,2.582988E-4
4.240908E1,6.731732E-2,2.446573E-4
4.242576E1,6.701950E-2,2.322853E-4
4.244244E1,6.699099E-2,2.415789E-4
4.245913E1,6.665404E-2,2.373968E-4
4.247581E1,6.664228E-2,2.445776E-4
4.249249E1,6.663485E-2,2.489308E-4
4.250918E1,6.603037E-2,2.267918E-4
4.252586E1,6.600679E-2,2.371269E-4
4.254254E1,6.553852E-2,2.312239E-4
4.255923E1,6.551565E-2,2.393935E-4
4.257591E1,6.524433E-2,2.572157E-4
4.259259E1,6.500218E-2,2.358825E-4
4.260928E1,6.470815E-2,2.270238E-4
4.262596E1,6.439923E-2,2.273625E-4
4.264264E1,6.406476E-2,2.222627E-4
4.265933E1,6.372625E-2,2.254339E-4
4.267601E1,6.337284E-2,2.288522E-4
4.269269E1,6.302617E-2,2.318799E-4
4.270938E1,6.267126E-2,2.366021E-4
4.272606E1,6.230172E-2,2.454024E-4
4.274274E1,6.193487E-2,2.166446E-4
4.275943E1,6.152419E-2,2.330199E-4
4.277611E1,6.112652E-2,2.194306E-4
4.279279E1,6.068867E-2,2.365224E-4
4.280948E1,6.026293E-2,2.244491E-4
4.282616E1,5.980837E-2,2.158743E-4
4.284284E1,5.886075E-2,2.254185E-4
4.285953E1,5.889181E-2,2.317841E-4
4.287621E1,5.843478E-2,2.235973E-4
4.289289E1,5.744347E-2,2.128971E-4
4.290958E1,5.745127E-2,2.230395E-4
4.292626E1,5.695170E-2,2.179400E-4
4.294294E1,5.590351E-2,2.116283E-4
4.295963E1,5.593944E-2,2.203421E-4
4.297631E1,5.486378E-2,1.891557E-4
4.299299E1,5.485364E-2,2.058506E-4
4.300968E1,5.484937E-2,2.138065E-4
4.302636E1,5.313214E-2,1.895333E-4
4.304304E1,5.316097E-2,2.050675E-4
4.305973E1,5.197477E-2,1.922803E-4
4.307641E1,5.200661E-2,2.068469E-4
4.309309E1,5.140729E-2,2.007179E-4
4.310978E1,5.077652E-2,1.924749E-4
4.312646E1,5.012349E-2,1.865997E-4
4.314314E1,4.946088E-2,1.923885E-4
4.315983E1,4.879369E-2,1.924146E-4
4.317651E1,4.813174E-2,1.923588E-4
4.319319E1,4.746297E-2,1.918729E-4
4.320988E1,4.678369E-2,1.972691E-4
4.322656E1,4.610998E-2,1.960858E-4
4.324324E1,4.542506E-2,1.949990E-4
4.325993E1,4.473668E-2,1.835971E-4
4.327661E1,4.399528E-2,1.864671E-4
4.329329E1,4.329029E-2,1.915024E-4
4.330998E1,4.257021E-2,1.866037E-4
4.332666E1,4.105514E-2,1.778763E-4
4.334334E1,4.106002E-2,1.935864E-4
4.336003E1,4.031010E-2,1.891232E-4
4.337671E1,3.873726E-2,1.917886E-4
4.339339E1,3.875132E-2,2.018443E-4
4.341008E1,3.717183E-2,1.915664E-4
4.342676E1,3.715936E-2,2.008856E-4
4.344344E1,3.636417E-2,1.954554E-4
4.346013E1,3.471978E-2,1.871495E-4
4.347681E1,3.470473E-2,1.963364E-4
4.349349E1,3.386426E-2,1.861109E-4
4.351018E1,3.219125E-2,1.889254E-4
4.352686E1,3.220161E-2,1.976309E-4
4.354354E1,3.052782E-2,1.950107E-4
4.356023E1,3.054596E-2,2.015206E-4
4.357691E1,2.970792E-2,1.987511E-4
4.359359E1,2.799359E-2,1.961637E-4
4.361028E1,2.797685E-2,2.024639E-4
4.362696E1,2.622134E-2,1.965337E-4
4.364364E1,2.619159E-2,2.029022E-4
4.366033E1,2.530499E-2,2.074806E-4
4.367701E1,2.441923E-2,2.020958E-4
4.369369E1,2.349822E-2,2.003246E-4
4.371038E1,2.260893E-2,1.997819E-4
4.372706E1,2.169354E-2,2.035796E-4
4.374374E1,2.079895E-2,2.036277E-4
4.376043E1,1.987184E-2,2.069051E-4
4.377711E1,1.899545E-2,2.086387E-4
4.379379E1,1.807536E-2,2.124611E-4
4.381048E1,1.716838E-2,2.124988E-4
4.382716E1,1.624463E-2,2.158008E-4
4.384384E1,1.534868E-2,2.145917E-4
4.386053E1,1.442801E-2,2.280801E-4
4.387721E1,1.353461E-2,2.272746E-4
4.389389E1,1.167877E-2,2.439778E-4
4.391058E1,1.169981E-2,2.344520E-4
4.392726E1,9.855578E-3,2.539302E-4
4.394394E1,9.884988E-3,2.401932E-4
4.396063E1,8.960840E-3,2.422565E-4
4.397731E1,7.099380E-3,2.532268E-4
4.399399E1,7.115499E-3,2.405586E-4
4.401068E1,6.196000E-3,2.400916E-4
4.402736E1,4.303845E-3,2.588901E-4
4.404404E1,4.325521E-3,2.436115E-4
4.406073E1,4.336965E-3,2.350196E-4
4.407741E1,1.565681E-3,2.741407E-4
4.409409E1,1.569246E-3,2.514818E-4
4.411078E1,-3.065110E-4,2.769694E-4
4.412746E1,-2.734468E-4,2.536195E-4
4.414414E1,-1.203902E-3,2.596566E-4
4.416083E1,-2.142085E-3,2.579969E-4
4.417751E1,-3.098623E-3,2.705688E-4
4.419419E1,-3.999113E-3,2.712283E-4
4.421088E1,-4.914140E-3,2.756261E-4
4.422756E1,-5.815260E-3,2.728682E-4
4.424424E1,-6.741052E-3,2.732034E-4
4.426093E1,-7.684995E-3,2.807741E-4
4.427761E1,-8.563440E-3,2.757088E-4
4.429429E1,-9.499497E-3,2.907340E-4
4.431098E1,-1.037736E-2,2.884837E-4
4.432766E1,-1.128731E-2,2.948568E-4
4.434434E1,-1.216980E-2,2.971886E-4
4.436103E1,-1.308875E-2,3.072485E-4
4.437771E1,-1.396796E-2,3.039985E-4
4.439439E1,-1.574630E-2,3.417628E-4
4.441108E1,-1.576833E-2,3.705705E-4
4.442776E1,-1.665507E-2,4.076016E-4
4.444444E1,-1.840961E-2,4.591315E-4
4.446113E1,-1.841373E-2,4.374508E-4
4.447781E1,-2.013908E-2,4.951391E-4
4.449449E1,-2.010417E-2,5.275462E-4
4.451118E1,-2.096289E-2,5.849955E-4
4.452786E1,-2.264019E-2,6.367105E-4
4.454454E1,-2.265771E-2,6.090659E-4
4.456123E1,-2.266614E-2,5.949177E-4
4.457791E1,-2.518905E-2,6.929465E-4
4.459459E1,-2.516711E-2,7.131436E-4
4.461128E1,-2.681385E-2,8.004953E-4
4.462796E1,-2.680088E-2,7.752101E-4
4.464464E1,-2.840845E-2,8.398776E-4
4.466133E1,-2.841220E-2,8.665418E-4
4.467801E1,-2.920838E-2,9.149655E-4
4.469469E1,-3.001645E-2,9.340350E-4
4.471138E1,-3.083137E-2,9.676168E-4
4.472806E1,-3.160008E-2,9.876659E-4
4.474474E1,-3.234131E-2,1.055876E-3
4.476143E1,-3.312946E-2,1.097930E-3
4.477811E1,-3.390599E-2,1.136322E-3
4.479479E1,-3.462435E-2,1.142657E-3
4.481148E1,-3.534937E-2,1.159543E-3
4.482816E1,-3.608057E-2,1.224347E-3
4.484484E1,-3.681575E-2,1.271668E-3
4.486153E1,-3.753266E-2,1.296382E-3
4.487821E1,-3.820720E-2,1.303659E-3
4.489489E1,-3.890577E-2,1.320078E-3
4.491158E1,-4.029016E-2,1.440783E-3
4.492826E1,-4.026278E-2,1.423318E-3
4.494494E1,-4.157213E-2,1.493242E-3
4.496163E1,-4.155746E-2,1.522951E-3
4.497831E1,-4.221946E-2,1.579777E-3
4.499499E1,-4.349853E-2,1.652658E-3
4.501168E1,-4.350026E-2,1.682760E-3
4.502836E1,-4.477156E-2,1.768375E-3
4.504505E1,-4.478874E-2,1.750427E-3
4.506173E1,-4.479801E-2,1.741003E-3
4.507841E1,-4.659321E-2,1.845900E-3
4.509510E1,-4.660151E-2,1.864595E-3
4.511178E1,-4.777280E-2,1.949128E-3
4.512846E1,-4.776888E-2,1.925278E-3
4.514515E1,-4.885752E-2,1.976298E-3
4.516183E1,-4.887900E-2,2.010328E-3
4.517851E1,-4.943135E-2,2.058929E-3
4.519520E1,-4.995952E-2,2.090026E-3
4.521188E1,-5.045239E-2,2.111954E-3
4.522856E1,-5.093455E-2,2.122502E-3
4.524525E1,-5.141962E-2,2.119514E-3
4.526193E1,-5.186635E-2,2.140433E-3
4.527861E1,-5.235331E-2,2.201568E-3
4.529530E1,-5.281938E-2,2.237138E-3
4.531198E1,-5.328894E-2,2.263668E-3
4.532866E1,-5.374577E-2,2.292327E-3
4.534535E1,-5.414041E-2,2.285624E-3
4.536203E1,-5.456193E-2,2.310936E-3
4.537871E1,-5.493363E-2,2.360035E-3
4.539540E1,-5.533646E-2,2.402025E-3
4.541208E1,-5.608030E-2,2.444233E-3
4.542876E1,-5.609889E-2,2.422236E-3
4.544545E1,-5.646421E-2,2.441733E-3
4.546213E1,-5.711761E-2,2.470452E-3
4.547881E1,-5.711456E-2,2.505160E-3
4.549550E1,-5.773828E-2,2.562358E-3
4.551218E1,-5.774848E-2,2.557305E-3
4.552886E1,-5.832499E-2,2.604202E-3
4.554555E1,-5.829624E-2,2.583093E-3
4.556223E1,-5.855305E-2,2.591439E-3
4.557891E1,-5.905258E-2,2.603144E-3
4.559560E1,-5.906242E-2,2.583478E-3
4.561228E1,-5.950111E-2,2.620428E-3
4.562896E1,-5.946075E-2,2.593692E-3
4.564565E1,-5.964961E-2,2.592591E-3
4.566233E1,-5.997616E-2,2.602451E-3
4.567901E1,-5.994435E-2,2.583269E-3
4.569570E1,-6.008436E-2,2.587404E-3
4.571238E1,-6.022680E-2,2.573240E-3
4.572906E1,-6.035874E-2,2.571630E-3
4.574575E1,-6.048867E-2,2.574944E-3
4.576243E1,-6.062367E-2,2.579220E-3
4.577911E1,-6.069544E-2,2.568208E-3
4.579580E1,-6.077832E-2,2.576426E-3
4.581248E1,-6.082494E-2,2.563958E-3
4.582916E1,-6.090539E-2,2.568249E-3
4.584585E1,-6.093079E-2,2.567925E-3
4.586253E1,-6.094325E-2,2.567251E-3
4.587921E1,-6.092446E-2,2.565589E-3
4.589590E1,-6.091334E-2,2.563829E-3
4.591258E1,-6.090167E-2,2.559640E-3
4.592926E1,-6.087314E-2,2.550456E-3
4.594595E1,-6.087886E-2,2.552457E-3
4.596263E1,-6.077366E-2,2.556693E-3
4.597931E1,-6.075193E-2,2.556396E-3
4.599600E1,-6.067197E-2,2.542897E-3
4.601268E1,-6.049518E-2,2.532129E-3
4.602936E1,-6.052030E-2,2.540109E-3
4.604605E1,-6.042800E-2,2.547333E-3
4.606273E1,-6.013218E-2,2.541663E-3
4.607941E1,-6.010625E-2,2.545577E-3
4.609610E1,-6.009220E-2,2.548274E-3
4.611278E1,-6.008406E-2,2.549979E-3
4.612946E1,-5.938512E-2,2.510077E-3
4.614615E1,-5.939686E-2,2.526107E-3
4.616283E1,-5.918819E-2,2.520981E-3
4.617951E1,-5.876205E-2,2.512790E-3
4.619620E1,-5.876003E-2,2.527795E-3
4.621288E1,-5.850939E-2,2.535112E-3
4.622956E1,-5.821039E-2,2.510056E-3
4.624625E1,-5.796509E-2,2.520290E-3
4.626293E1,-5.766806E-2,2.519989E-3
4.627961E1,-5.734118E-2,2.516417E-3
4.629630E1,-5.700379E-2,2.506271E-3
4.631298E1,-5.665582E-2,2.502770E-3
4.632966E1,-5.630939E-2,2.496737E-3
4.634635E1,-5.596080E-2,2.491882E-3
4.636303E1,-5.559973E-2,2.480066E-3
4.637971E1,-5.524480E-2,2.474746E-3
4.639640E1,-5.487486E-2,2.491888E-3
4.641308E1,-5.446498E-2,2.470648E-3
4.642976E1,-5.406048E-2,2.478170E-3
4.644645E1,-5.319375E-2,2.438825E-3
4.646313E1,-5.319263E-2,2.414039E-3
4.647981E1,-5.275689E-2,2.369381E-3
4.649650E1,-5.179842E-2,2.296626E-3
4.651318E1,-5.183214E-2,2.331623E-3
4.652986E1,-5.088913E-2,2.279519E-3
4.654655E1,-5.089139E-2,2.253236E-3
4.656323E1,-5.039671E-2,2.200827E-3
4.657991E1,-4.935043E-2,2.136137E-3
4.659660E1,-4.937879E-2,2.168040E-3
4.661328E1,-4.833158E-2,2.118436E-3
4.662996E1,-4.830780E-2,2.090184E-3
4.664665E1,-4.773790E-2,2.034133E-3
4.666333E1,-4.661852E-2,1.967051E-3
4.668001E1,-4.662340E-2,2.000665E-3
4.669670E1,-4.546277E-2,1.935315E-3
4.671338E1,-4.547274E-2,1.914009E-3
4.673006E1,-4.486959E-2,1.870131E-3
4.674675E1,-4.424013E-2,1.847023E-3
4.676343E1,-4.359709E-2,1.827133E-3
4.678011E1,-4.294074E-2,1.819237E-3
4.679680E1,-4.226896E-2,1.815174E-3
4.681348E1,-4.159877E-2,1.803846E-3
4.683016E1,-4.095813E-2,1.796243E-3
4.684685E1,-4.027196E-2,1.722835E-3
4.686353E1,-3.958881E-2,1.682976E-3
4.688021E1,-3.890947E-2,1.651954E-3
4.689690E1,-3.822401E-2,1.640386E-3
4.691358E1,-3.756616E-2,1.645518E-3
4.693026E1,-3.690174E-2,1.625112E-3
4.694695E1,-3.620974E-2,1.561349E-3
4.696363E1,-3.472333E-2,1.486212E-3
4.698031E1,-3.470621E-2,1.514468E-3
4.699700E1,-3.395309E-2,1.483850E-3
4.701368E1,-3.250445E-2,1.424119E-3
4.703036E1,-3.252196E-2,1.406219E-3
4.704705E1,-3.099018E-2,1.320554E-3
4.706373E1,-3.102189E-2,1.345623E-3
4.708041E1,-3.027026E-2,1.321661E-3
4.709710E1,-3.026030E-2,1.344909E-3
4.711378E1,-3.025496E-2,1.357837E-3
4.713046E1,-2.708794E-2,1.188704E-3
4.714715E1,-2.710725E-2,1.199741E-3
4.716383E1,-2.631114E-2,1.164053E-3
4.718051E1,-2.468587E-2,1.104784E-3
4.719720E1,-2.468228E-2,1.080336E-3
4.721388E1,-2.385088E-2,1.029271E-3
4.723056E1,-2.301629E-2,9.988930E-4
4.724725E1,-2.218518E-2,9.875169E-4
4.726393E1,-2.136169E-2,9.660924E-4
4.728061E1,-2.054698E-2,8.936550E-4
4.729730E1,-1.970770E-2,8.544479E-4
4.731398E1,-1.886659E-2,8.404392E-4
4.733066E1,-1.801811E-2,8.294367E-4
4.734735E1,-1.714629E-2,8.271670E-4
4.736403E1,-1.627014E-2,8.214461E-4
4.738071E1,-1.542646E-2,8.133661E-4
4.739740E1,-1.458778E-2,7.463617E-4
4.741408E1,-1.367959E-2,7.097121E-4
4.743076E1,-1.280523E-2,6.913121E-4
4.744745E1,-1.194208E-2,6.820947E-4
4.746413E1,-1.016683E-2,6.239422E-4
4.748081E1,-1.020589E-2,5.927119E-4
4.749750E1,-9.323538E-3,5.649089E-4
4.751418E1,-7.518361E-3,5.142506E-4
4.753086E1,-7.497116E-3,5.329156E-4
4.754755E1,-5.685257E-3,5.001908E-4
4.756423E1,-5.679443E-3,5.228099E-4
4.758091E1,-4.786251E-3,5.135091E-4
4.759760E1,-3.023884E-3,4.829667E-4
4.761428E1,-3.035395E-3,4.398376E-4
4.763096E1,-3.041598E-3,4.192422E-4
4.764765E1,-3.278434E-4,3.312822E-4
4.766433E1,-3.713832E-4,3.594933E-4
4.768101E1,1.417293E-3,3.437907E-4
4.769770E1,1.400931E-3,3.619583E-4
4.771438E1,2.310359E-3,3.621832E-4
4.773106E1,4.144753E-3,3.428028E-4
4.774775E1,4.150725E-3,3.640534E-4
4.776443E1,5.048576E-3,3.541885E-4
4.778111E1,5.929922E-3,3.624882E-4
4.779780E1,6.856199E-3,3.461515E-4
4.781448E1,7.727334E-3,3.510980E-4
4.783116E1,8.630641E-3,3.402116E-4
4.784785E1,9.539372E-3,3.498829E-4
4.786453E1,1.045245E-2,3.420643E-4
4.788121E1,1.130834E-2,3.321263E-4
4.789790E1,1.217777E-2,3.344731E-4
4.791458E1,1.306350E-2,3.262381E-4
4.793126E1,1.392921E-2,2.480664E-4
4.794795E1,1.479719E-2,2.277617E-4
4.796463E1,1.568784E-2,2.005328E-4
4.798131E1,1.744208E-2,1.890831E-4
4.799800E1,1.743984E-2,2.001652E-4
4.801468E1,1.919363E-2,1.943632E-4
4.803136E1,1.921189E-2,2.026438E-4
4.804805E1,2.010316E-2,1.996170E-4
4.806473E1,2.183755E-2,1.995481E-4
4.808141E1,2.184707E-2,2.068247E-4
4.809810E1,2.357385E-2,2.018071E-4
4.811478E1,2.354414E-2,2.075118E-4
4.813146E1,2.352781E-2,2.107302E-4
4.814815E1,2.608155E-2,2.121957E-4
4.816483E1,2.609878E-2,2.156841E-4
4.818151E1,2.693489E-2,2.168000E-4
4.819820E1,2.859930E-2,2.136142E-4
4.821488E1,2.859254E-2,2.161627E-4
4.823156E1,3.023188E-2,2.307078E-4
4.824825E1,3.022714E-2,2.240447E-4
4.826493E1,3.102965E-2,2.188374E-4
4.828161E1,3.183780E-2,2.206416E-4
4.829830E1,3.263943E-2,2.236382E-4
4.831498E1,3.344176E-2,2.289764E-4
4.833166E1,3.425966E-2,2.348749E-4
4.834835E1,3.505448E-2,2.229251E-4
4.836503E1,3.579263E-2,2.286655E-4
4.838172E1,3.655234E-2,2.206627E-4
4.839840E1,3.725323E-2,2.296354E-4
4.841508E1,3.801320E-2,2.244370E-4
4.843177E1,3.873369E-2,2.302243E-4
4.844845E1,3.945226E-2,2.257022E-4
4.846513E1,4.014910E-2,2.210950E-4
4.848182E1,4.085850E-2,2.311028E-4
4.849850E1,4.227821E-2,2.289857E-4
4.851518E1,4.224420E-2,2.233257E-4
4.853187E1,4.359226E-2,2.222938E-4
4.854855E1,4.356136E-2,2.192392E-4
4.856523E1,4.422335E-2,2.228437E-4
4.858192E1,4.553463E-2,2.274372E-4
4.859860E1,4.551463E-2,2.235735E-4
4.861528E1,4.615557E-2,2.303050E-4
4.863197E1,4.743417E-2,2.356630E-4
4.864865E1,4.744128E-2,2.293681E-4
4.866533E1,4.869307E-2,2.447745E-4
4.868202E1,4.871818E-2,2.353551E-4
4.869870E1,4.994488E-2,2.361790E-4
4.871538E1,4.992979E-2,2.311989E-4
4.873207E1,5.051284E-2,2.414553E-4
4.874875E1,5.167680E-2,2.506881E-4
4.876543E1,5.168943E-2,2.408352E-4
4.878212E1,5.225514E-2,2.348759E-4
4.879880E1,5.276896E-2,2.341447E-4
4.881548E1,5.328497E-2,2.534591E-4
4.883217E1,5.382992E-2,2.471707E-4
4.884885E1,5.436116E-2,2.441583E-4
4.886553E1,5.485293E-2,2.465004E-4
4.888222E1,5.533727E-2,2.501788E-4
4.889890E1,5.580653E-2,2.530900E-4
4.891558E1,5.629373E-2,2.576242E-4
4.893227E1,5.675324E-2,2.645535E-4
4.894895E1,5.722047E-2,2.727850E-4
4.896563E1,5.769243E-2,2.481263E-4
4.898232E1,5.850088E-2,2.617336E-4
4.899900E1,5.847014E-2,2.534428E-4
4.901568E1,5.884973E-2,2.756742E-4
4.903237E1,5.967134E-2,2.877730E-4
4.904905E1,5.969712E-2,2.703735E-4
4.906573E1,6.008345E-2,2.623717E-4
4.908242E1,6.078472E-2,2.644718E-4
4.909910E1,6.075814E-2,2.577583E-4
4.911578E1,6.140786E-2,2.680441E-4
4.913247E1,6.139508E-2,2.603073E-4
4.914915E1,6.138816E-2,2.559092E-4
4.916583E1,6.226724E-2,2.589887E-4
4.918252E1,6.223697E-2,2.552107E-4
4.919920E1,6.275590E-2,2.580107E-4
4.921588E1,6.272849E-2,2.546658E-4
4.923257E1,6.297920E-2,2.685510E-4
4.924925E1,6.321204E-2,2.572190E-4
4.926593E1,6.340904E-2,2.498024E-4
4.928262E1,6.358941E-2,2.485189E-4
4.929930E1,6.375582E-2,2.487818E-4
4.931598E1,6.390146E-2,2.484170E-4
4.933267E1,6.404939E-2,2.477596E-4
4.934935E1,6.418589E-2,2.528294E-4
4.936603E1,6.433019E-2,2.569134E-4
4.938272E1,6.446080E-2,2.631895E-4
4.939940E1,6.458735E-2,2.706296E-4
4.941608E1,6.471312E-2,2.488459E-4
4.943277E1,6.478275E-2,2.619560E-4
4.944945E1,6.486595E-2,2.478208E-4
4.946613E1,6.490114E-2,2.419539E-4
4.948282E1,6.493078E-2,2.629842E-4
4.949950E1,6.499797E-2,2.517692E-4
4.951618E1,6.499454E-2,2.522958E-4
4.953287E1,6.499331E-2,2.531347E-4
4.954955E1,6.498286E-2,2.552110E-4
4.956623E1,6.498449E-2,2.539644E-4
4.958292E1,6.491165E-2,2.684586E-4
4.959960E1,6.494002E-2,2.626357E-4
4.961628E1,6.490009E-2,2.438112E-4
4.963297E1,6.469801E-2,2.471611E-4
4.964965E1,6.468349E-2,2.492899E-4
4.966633E1,6.446098E-2,2.582523E-4
4.968302E1,6.447511E-2,2.565748E-4
4.969970E1,6.435891E-2,2.444433E-4
4.971638E1,6.404151E-2,2.416240E-4
4.973307E1,6.402861E-2,2.448482E-4
4.974975E1,6.386163E-2,2.430004E-4
4.976643E1,6.346869E-2,2.501611E-4
4.978312E1,6.348822E-2,2.501940E-4
4.979980E1,6.328827E-2,2.528895E-4
4.981648E1,6.309471E-2,2.305073E-4
4.983317E1,6.258035E-2,2.279013E-4
4.984985E1,6.256302E-2,2.355602E-4
4.986653E1,6.229225E-2,2.527172E-4
4.988322E1,6.205617E-2,2.307047E-4
4.989990E1,6.176443E-2,2.196797E-4
4.991658E1,6.144749E-2,2.181598E-4
4.993327E1,6.111386E-2,2.212733E-4
4.994995E1,6.076335E-2,2.180815E-4
4.996663E1,6.042638E-2,2.236666E-4
4.998332E1,6.006928E-2,2.260890E-4
5.000000E1,5.972520E-2,2.296130E-4
5.001668E1,5.937183E-2,2.313404E-4
5.003337E1,5.899436E-2,2.060122E-4
5.005005E1,5.815779E-2,2.065961E-4
5.006673E1,5.814323E-2,2.195942E-4
5.008342E1,5.772986E-2,2.313964E-4
5.010010E1,5.686229E-2,1.984773E-4
5.011678E1,5.684154E-2,2.131073E-4
5.013347E1,5.638558E-2,2.016372E-4
5.015015E1,5.543304E-2,2.097289E-4
5.016683E1,5.546249E-2,2.184042E-4
5.018352E1,5.547768E-2,2.232745E-4
5.020020E1,5.398657E-2,1.932410E-4
5.021688E1,5.400311E-2,2.071516E-4
5.023357E1,5.297261E-2,2.064525E-4
5.025025E1,5.300030E-2,2.143352E-4
5.026693E1,5.192172E-2,1.912613E-4
5.028362E1,5.191023E-2,2.054574E-4
5.030030E1,5.134206E-2,2.110068E-4
5.031698E1,5.080343E-2,1.998434E-4
5.033367E1,5.019987E-2,2.142760E-4
5.035035E1,4.963896E-2,2.010019E-4
5.036703E1,4.901440E-2,2.095008E-4
5.038372E1,4.844058E-2,2.025625E-4
5.040040E1,4.782882E-2,1.997000E-4
5.041708E1,4.719224E-2,2.001367E-4
5.043377E1,4.654321E-2,1.891657E-4
5.045045E1,4.588259E-2,1.897962E-4
5.046713E1,4.520467E-2,1.935222E-4
5.048382E1,4.453643E-2,1.923639E-4
5.050050E1,4.386490E-2,1.965853E-4
5.051718E1,4.317923E-2,1.980628E-4
5.053387E1,4.183529E-2,1.915234E-4
5.055055E1,4.186071E-2,2.013085E-4
5.056723E1,4.045772E-2,1.846505E-4
5.058392E1,4.044775E-2,1.957816E-4
5.060060E1,3.972215E-2,1.981966E-4
5.061728E1,3.827835E-2,1.851730E-4
5.063397E1,3.828397E-2,1.970917E-4
5.065065E1,3.680141E-2,1.851513E-4
5.066733E1,3.680637E-2,1.977872E-4
5.068402E1,3.606345E-2,1.938601E-4
5.070070E1,3.609965E-2,2.012672E-4
5.071738E1,3.380146E-2,1.817898E-4
5.073407E1,3.382289E-2,1.931180E-4
5.075075E1,3.224275E-2,1.811742E-4
5.076743E1,3.223194E-2,1.924005E-4
5.078412E1,3.063095E-2,1.842662E-4
5.080080E1,3.060893E-2,1.970486E-4
5.081748E1,2.978669E-2,1.950117E-4
5.083417E1,2.896031E-2,1.962711E-4
5.085085E1,2.813746E-2,1.992834E-4
5.086753E1,2.729978E-2,2.003443E-4
5.088422E1,2.646458E-2,2.049473E-4
5.090090E1,2.563355E-2,2.040149E-4
5.091758E1,2.479572E-2,2.046739E-4
5.093427E1,2.395339E-2,2.062689E-4
5.095095E1,2.311042E-2,2.003894E-4
5.096763E1,2.224410E-2,2.048744E-4
5.098432E1,2.136323E-2,2.065834E-4
5.100100E1,2.051049E-2,2.093331E-4
5.101768E1,1.966780E-2,2.076719E-4
5.103437E1,1.878062E-2,2.091791E-4
5.105105E1,1.702613E-2,2.204039E-4
5.106773E1,1.700577E-2,2.146381E-4
5.108442E1,1.611551E-2,2.192033E-4
5.110110E1,1.435080E-2,2.296357E-4
5.111778E1,1.435129E-2,2.210641E-4
5.113447E1,1.257128E-2,2.433782E-4
5.115115E1,1.256130E-2,2.314236E-4
5.116783E1,1.167434E-2,2.360115E-4
5.118452E1,9.897810E-3,2.523433E-4
5.120120E1,9.910978E-3,2.388337E-4
5.121788E1,8.126143E-3,2.533613E-4
5.123457E1,8.126618E-3,2.403759E-4
5.125125E1,7.246711E-3,2.414730E-4
5.126793E1,5.476284E-3,2.507088E-4
5.128462E1,5.489135E-3,2.390338E-4
5.130130E1,3.695059E-3,2.570679E-4
5.131798E1,3.698022E-3,2.426448E-4
5.133467E1,2.803049E-3,2.536358E-4
5.135135E1,1.941874E-3,2.468084E-4
5.136803E1,1.033084E-3,2.510740E-4
5.138472E1,1.601258E-4,2.516800E-4
5.140140E1,-7.645267E-4,2.564659E-4
5.141808E1,-1.635180E-3,2.653737E-4
5.143477E1,-2.502302E-3,2.654836E-4
5.145145E1,-3.386571E-3,2.626110E-4
5.146813E1,-4.251882E-3,2.767046E-4
5.148482E1,-5.119563E-3,2.684120E-4
5.150150E1,-6.009307E-3,2.701021E-4
5.151818E1,-6.877381E-3,2.763238E-4
5.153487E1,-7.739827E-3,2.757303E-4
5.155155E1,-8.623840E-3,2.791547E-4
5.156823E1,-9.489181E-3,2.826158E-4
5.158492E1,-1.119954E-2,3.150844E-4
5.160160E1,-1.120537E-2,2.820319E-4
5.161828E1,-1.293479E-2,3.162338E-4
5.163497E1,-1.290037E-2,2.868503E-4
5.165165E1,-1.375075E-2,2.988637E-4
5.166834E1,-1.540870E-2,3.332779E-4
5.168502E1,-1.543509E-2,3.649073E-4
5.170170E1,-1.714561E-2,4.350396E-4
5.171839E1,-1.713129E-2,4.230590E-4
5.173507E1,-1.712364E-2,4.168019E-4
5.175175E1,-1.961326E-2,5.078830E-4
5.176844E1,-1.959398E-2,5.333059E-4
5.178512E1,-2.124169E-2,6.134587E-4
5.180180E1,-2.122793E-2,5.952699E-4
5.181849E1,-2.204220E-2,6.140895E-4
5.183517E1,-2.366343E-2,6.525269E-4
5.185185E1,-2.366536E-2,6.206058E-4
5.186854E1,-2.445794E-2,6.295168E-4
5.188522E1,-2.526550E-2,6.426267E-4
5.190190E1,-2.604249E-2,6.703059E-4
5.191859E1,-2.679461E-2,7.347025E-4
5.193527E1,-2.757071E-2,7.730627E-4
5.195195E1,-2.835117E-2,8.025439E-4
5.196864E1,-2.906372E-2,8.091625E-4
5.198532E1,-2.984980E-2,8.167547E-4
5.200200E1,-3.057997E-2,8.373721E-4
5.201869E1,-3.130999E-2,8.974028E-4
5.203537E1,-3.206479E-2,9.491513E-4
5.205205E1,-3.277649E-2,9.735081E-4
5.206874E1,-3.347250E-2,9.819933E-4
5.208542E1,-3.487487E-2,1.035393E-3
5.210210E1,-3.485009E-2,1.053478E-3
5.211879E1,-3.621915E-2,1.146093E-3
5.213547E1,-3.618143E-2,1.118174E-3
5.215215E1,-3.683852E-2,1.133440E-3
5.216884E1,-3.813516E-2,1.201361E-3
5.218552E1,-3.812102E-2,1.218943E-3
5.220220E1,-3.941187E-2,1.294953E-3
5.221889E1,-3.941132E-2,1.271787E-3
5.223557E1,-3.941082E-2,1.259791E-3
5.225225E1,-4.127890E-2,1.387320E-3
5.226894E1,-4.125150E-2,1.395621E-3
5.228562E1,-4.245266E-2,1.469582E-3
5.230230E1,-4.241608E-2,1.442891E-3
5.231899E1,-4.298593E-2,1.462479E-3
5.233567E1,-4.355776E-2,1.482737E-3
5.235235E1,-4.411776E-2,1.545473E-3
5.236904E1,-4.470064E-2,1.601578E-3
5.238572E1,-4.575831E-2,1.654622E-3
5.240240E1,-4.577717E-2,1.688217E-3
5.241909E1,-4.632831E-2,1.740679E-3
5.243577E1,-4.683513E-2,1.773558E-3
5.245245E1,-4.732834E-2,1.783669E-3
5.246914E1,-4.780758E-2,1.808218E-3
5.248582E1,-4.827343E-2,1.869192E-3
5.250250E1,-4.875067E-2,1.903086E-3
5.251919E1,-4.922981E-2,1.924005E-3
5.253587E1,-4.968936E-2,1.936469E-3
5.255255E1,-5.016730E-2,1.947516E-3
5.256924E1,-5.060594E-2,1.967147E-3
5.258592E1,-5.101759E-2,2.028659E-3
5.260260E1,-5.144020E-2,2.076655E-3
5.261929E1,-5.221464E-2,2.115512E-3
5.263597E1,-5.220802E-2,2.093530E-3
5.265265E1,-5.257876E-2,2.121580E-3
5.266934E1,-5.326733E-2,2.157125E-3
5.268602E1,-5.323201E-2,2.187230E-3
5.270270E1,-5.388747E-2,2.241800E-3
5.271939E1,-5.386961E-2,2.234589E-3
5.273607E1,-5.419263E-2,2.256323E-3
5.275275E1,-5.418398E-2,2.243611E-3
5.276944E1,-5.417882E-2,2.236358E-3
5.278612E1,-5.533415E-2,2.327017E-3
5.280280E1,-5.532775E-2,2.353847E-3
5.281949E1,-5.557617E-2,2.368731E-3
5.283617E1,-5.608786E-2,2.409257E-3
5.285285E1,-5.610587E-2,2.401018E-3
5.286954E1,-5.633188E-2,2.421227E-3
5.288622E1,-5.653783E-2,2.424764E-3
5.290290E1,-5.670946E-2,2.429000E-3
5.291959E1,-5.685744E-2,2.429745E-3
5.293627E1,-5.700428E-2,2.432549E-3
5.295295E1,-5.715148E-2,2.427563E-3
5.296964E1,-5.728124E-2,2.419155E-3
5.298632E1,-5.741879E-2,2.413121E-3
5.300300E1,-5.755699E-2,2.410599E-3
5.301969E1,-5.766824E-2,2.429532E-3
5.303637E1,-5.776164E-2,2.413278E-3
5.305305E1,-5.784353E-2,2.418440E-3
5.306974E1,-5.788373E-2,2.400072E-3
5.308642E1,-5.795623E-2,2.406555E-3
5.310310E1,-5.799798E-2,2.408812E-3
5.311979E1,-5.802040E-2,2.408905E-3
5.313647E1,-5.799024E-2,2.402528E-3
5.315315E1,-5.797269E-2,2.398519E-3
5.316984E1,-5.796236E-2,2.396363E-3
5.318652E1,-5.795392E-2,2.394420E-3
5.320320E1,-5.788220E-2,2.376373E-3
5.321989E1,-5.790720E-2,2.382372E-3
5.323657E1,-5.779783E-2,2.382261E-3
5.325325E1,-5.778673E-2,2.387936E-3
5.326994E1,-5.778457E-2,2.389360E-3
5.328662E1,-5.748959E-2,2.368726E-3
5.330330E1,-5.747642E-2,2.377358E-3
5.331999E1,-5.720740E-2,2.383650E-3
5.333667E1,-5.717537E-2,2.386369E-3
5.335335E1,-5.703072E-2,2.376654E-3
5.337004E1,-5.667391E-2,2.361296E-3
5.338672E1,-5.665959E-2,2.372811E-3
5.340340E1,-5.647172E-2,2.372294E-3
5.342009E1,-5.628593E-2,2.360884E-3
5.343677E1,-5.608153E-2,2.360306E-3
5.345345E1,-5.589255E-2,2.370157E-3
5.347014E1,-5.562146E-2,2.353332E-3
5.348682E1,-5.539837E-2,2.367086E-3
5.350350E1,-5.511639E-2,2.353762E-3
5.352019E1,-5.485892E-2,2.350251E-3
5.353687E1,-5.457525E-2,2.359578E-3
5.355355E1,-5.426047E-2,2.343453E-3
5.357024E1,-5.398008E-2,2.343367E-3
5.358692E1,-5.367794E-2,2.344992E-3
5.360360E1,-5.335509E-2,2.338604E-3
5.362029E1,-5.266087E-2,2.311722E-3
5.363697E1,-5.267739E-2,2.339548E-3
5.365365E1,-5.195129E-2,2.313837E-3
5.367034E1,-5.192271E-2,2.341265E-3
5.368702E1,-5.112525E-2,2.311898E-3
5.370370E1,-5.110243E-2,2.340701E-3
5.372039E1,-5.067710E-2,2.320423E-3
5.373707E1,-4.985941E-2,2.269242E-3
5.375375E1,-4.988476E-2,2.245438E-3
5.377044E1,-4.989828E-2,2.233967E-3
5.378712E1,-4.854037E-2,2.140151E-3
5.380380E1,-4.856703E-2,2.171516E-3
5.382049E1,-4.763231E-2,2.121065E-3
5.383717E1,-4.763164E-2,2.091783E-3
5.385385E1,-4.713642E-2,2.038398E-3
5.387054E1,-4.662343E-2,2.009220E-3
5.388722E1,-4.610563E-2,1.993383E-3
5.390390E1,-4.562643E-2,1.966372E-3
5.392059E1,-4.508795E-2,1.894707E-3
5.393727E1,-4.457055E-2,1.863868E-3
5.395395E1,-4.399236E-2,1.837606E-3
5.397064E1,-4.343357E-2,1.829763E-3
5.398732E1,-4.283622E-2,1.807017E-3
5.400400E1,-4.225199E-2,1.805096E-3
5.402069E1,-4.166459E-2,1.790158E-3
5.403737E1,-4.108609E-2,1.725943E-3
5.405405E1,-4.047324E-2,1.692206E-3
5.407074E1,-3.922821E-2,1.619182E-3
5.408742E1,-3.924602E-2,1.592167E-3
5.410410E1,-3.862559E-2,1.549319E-3
5.412079E1,-3.732017E-2,1.496896E-3
5.413747E1,-3.731345E-2,1.520436E-3
5.415415E1,-3.664283E-2,1.496989E-3
5.417084E1,-3.533453E-2,1.440067E-3
5.418752E1,-3.533644E-2,1.418974E-3
5.420420E1,-3.397070E-2,1.338918E-3
5.422089E1,-3.399201E-2,1.358607E-3
5.423757E1,-3.331339E-2,1.334887E-3
5.425425E1,-3.194166E-2,1.291136E-3
5.427094E1,-3.192411E-2,1.263106E-3
5.428762E1,-3.047478E-2,1.187884E-3
5.430430E1,-3.045249E-2,1.203996E-3
5.432099E1,-2.970946E-2,1.175288E-3
5.433767E1,-2.826731E-2,1.112588E-3
5.435435E1,-2.827817E-2,1.088571E-3
5.437104E1,-2.678232E-2,1.019113E-3
5.438772E1,-2.679514E-2,1.034567E-3
5.440440E1,-2.603359E-2,1.006036E-3
5.442109E1,-2.523862E-2,1.002221E-3
5.443777E1,-2.444957E-2,9.870281E-4
5.445445E1,-2.369552E-2,9.749784E-4
5.447114E1,-2.292101E-2,9.028813E-4
5.448782E1,-2.212586E-2,8.723780E-4
5.450450E1,-2.128727E-2,8.450887E-4
5.452119E1,-2.046094E-2,8.287452E-4
5.453787E1,-1.965039E-2,8.339965E-4
5.455455E1,-1.882347E-2,8.296816E-4
5.457124E1,-1.799977E-2,8.239180E-4
5.458792E1,-1.715641E-2,8.290963E-4
5.460460E1,-1.632440E-2,8.274532E-4
5.462129E1,-1.550833E-2,8.283781E-4
5.463797E1,-1.384829E-2,7.807558E-4
5.465465E1,-1.385806E-2,7.544085E-4
5.467134E1,-1.302876E-2,7.227588E-4
5.468802E1,-1.134452E-2,6.681586E-4
5.470470E1,-1.137268E-2,6.912283E-4
5.472139E1,-9.712401E-3,6.381294E-4
5.473807E1,-9.738879E-3,6.012049E-4
5.475475E1,-8.893909E-3,5.639010E-4
5.477144E1,-7.190270E-3,5.269973E-4
5.478812E1,-7.172681E-3,5.414541E-4
5.480480E1,-7.164052E-3,5.490100E-4
5.482149E1,-4.566199E-3,4.940399E-4
5.483817E1,-4.551564E-3,5.204829E-4
5.485485E1,-2.843638E-3,4.765658E-4
5.487154E1,-2.866932E-3,4.389904E-4
5.488822E1,-2.016173E-3,3.925256E-4
5.490490E1,-1.165630E-3,3.675182E-4
5.492159E1,-3.201806E-4,3.684720E-4
5.493827E1,5.600198E-4,3.591580E-4
5.495495E1,1.425953E-3,3.553551E-4
5.497164E1,2.267903E-3,3.540760E-4
5.498832E1,3.107579E-3,3.501412E-4
5.500501E1,3.947723E-3,3.575573E-4
5.502169E1,4.822730E-3,3.588740E-4
5.503837E1,5.683430E-3,3.624444E-4
5.505506E1,6.531041E-3,3.538840E-4
5.507174E1,7.363093E-3,3.518809E-4
5.508842E1,8.203683E-3,3.616978E-4
5.510511E1,9.088947E-3,3.563853E-4
5.512179E1,1.077464E-2,3.275733E-4
5.513847E1,1.074371E-2,2.778297E-4
5.515516E1,1.160342E-2,2.289579E-4
5.517184E1,1.329073E-2,2.102634E-4
5.518852E1,1.330695E-2,2.143159E-4
5.520521E1,1.417433E-2,2.020512E-4
5.522189E1,1.587423E-2,1.849167E-4
5.523857E1,1.583851E-2,1.985341E-4
5.525526E1,1.751806E-2,1.787468E-4
5.527194E1,1.748202E-2,1.936705E-4
5.528862E1,1.829726E-2,1.892879E-4
5.530531E1,1.828034E-2,1.994549E-4
5.532199E1,1.827124E-2,2.050599E-4
5.533867E1,2.162066E-2,1.813919E-4
5.535536E1,2.158629E-2,1.956548E-4
5.537204E1,2.240017E-2,2.058626E-4
5.538872E1,2.402338E-2,2.036935E-4
5.540541E1,2.401313E-2,2.082554E-4
5.542209E1,2.481833E-2,2.092335E-4
5.543877E1,2.561595E-2,2.126565E-4
5.545546E1,2.643732E-2,2.108285E-4
5.547214E1,2.724256E-2,2.140689E-4
5.548882E1,2.803397E-2,2.189723E-4
5.550551E1,2.885010E-2,2.203100E-4
5.552219E1,2.965859E-2,2.136389E-4
5.553887E1,3.039474E-2,2.181502E-4
5.555556E1,3.114432E-2,2.140359E-4
5.557224E1,3.187394E-2,2.187490E-4
5.558892E1,3.263178E-2,2.203946E-4
5.560561E1,3.339914E-2,2.169025E-4
5.562229E1,3.409995E-2,2.276717E-4
5.563897E1,3.489063E-2,2.198714E-4
5.565566E1,3.631790E-2,2.267657E-4
5.567234E1,3.630874E-2,2.221122E-4
5.568902E1,3.771384E-2,2.353391E-4
5.570571E1,3.773801E-2,2.272959E-4
5.572239E1,3.844700E-2,2.263731E-4
5.573907E1,3.981215E-2,2.278370E-4
5.575576E1,3.978142E-2,2.229768E-4
5.577244E1,4.044312E-2,2.251460E-4
5.578912E1,4.175130E-2,2.274192E-4
5.580581E1,4.173537E-2,2.218142E-4
5.582249E1,4.303023E-2,2.394125E-4
5.583917E1,4.302729E-2,2.290583E-4
5.585586E1,4.367119E-2,2.295599E-4
5.587254E1,4.492263E-2,2.401424E-4
5.588922E1,4.494854E-2,2.314391E-4
5.590591E1,4.617716E-2,2.327729E-4
5.592259E1,4.616133E-2,2.258704E-4
5.593927E1,4.674947E-2,2.337660E-4
5.595596E1,4.734874E-2,2.213402E-4
5.597264E1,4.790172E-2,2.350685E-4
5.598932E1,4.847643E-2,2.275002E-4
5.600601E1,4.901962E-2,2.427899E-4
5.602269E1,4.959938E-2,2.309785E-4
5.603937E1,5.012881E-2,2.292852E-4
5.605606E1,5.063813E-2,2.297254E-4
5.607274E1,5.113135E-2,2.307437E-4
5.608942E1,5.160876E-2,2.298536E-4
5.610611E1,5.208447E-2,2.337717E-4
5.612279E1,5.256085E-2,2.366992E-4
5.613947E1,5.302653E-2,2.452438E-4
5.615616E1,5.395928E-2,2.616622E-4
5.617284E1,5.397927E-2,2.482717E-4
5.618952E1,5.444041E-2,2.528583E-4
5.620621E1,5.532887E-2,2.526211E-4
5.622289E1,5.532292E-2,2.449356E-4
5.623957E1,5.614091E-2,2.562233E-4
5.625626E1,5.613845E-2,2.469091E-4
5.627294E1,5.652606E-2,2.402429E-4
5.628962E1,5.726475E-2,2.676611E-4
5.630631E1,5.727219E-2,2.566173E-4
5.632299E1,5.727601E-2,2.503025E-4
5.633967E1,5.832711E-2,2.546498E-4
5.635636E1,5.830032E-2,2.498938E-4
5.637304E1,5.893449E-2,2.650703E-4
5.638972E1,5.892824E-2,2.570959E-4
5.640641E1,5.921850E-2,2.652181E-4
5.642309E1,5.981335E-2,2.549274E-4
5.643977E1,5.978320E-2,2.510700E-4
5.645646E1,6.003584E-2,2.640702E-4
5.647314E1,6.029444E-2,2.476019E-4
5.648982E1,6.052247E-2,2.662124E-4
5.650651E1,6.076216E-2,2.545611E-4
5.652319E1,6.097064E-2,2.460172E-4
5.653987E1,6.114443E-2,2.706243E-4
5.655656E1,6.136376E-2,2.601851E-4
5.657324E1,6.153783E-2,2.585100E-4
5.658992E1,6.171199E-2,2.552816E-4
5.660661E1,6.186163E-2,2.608098E-4
5.662329E1,6.200442E-2,2.589505E-4
5.663997E1,6.213795E-2,2.665891E-4
5.665666E1,6.227889E-2,2.400078E-4
5.667334E1,6.243086E-2,2.447168E-4
5.669002E1,6.240322E-2,2.464026E-4
5.670671E1,6.252176E-2,2.569952E-4
5.672339E1,6.253260E-2,2.530920E-4
5.674007E1,6.257372E-2,2.429279E-4
5.675676E1,6.260414E-2,2.354894E-4
5.677344E1,6.257634E-2,2.400521E-4
5.679012E1,6.256294E-2,2.430815E-4
5.680681E1,6.255207E-2,2.452074E-4
5.682349E1,6.254603E-2,2.462190E-4
5.684017E1,6.249107E-2,2.577888E-4
5.685686E1,6.250590E-2,2.546891E-4
5.687354E1,6.237323E-2,2.461303E-4
5.689022E1,6.237083E-2,2.472700E-4
5.690691E1,6.230163E-2,2.593082E-4
5.692359E1,6.211102E-2,2.347337E-4
5.694027E1,6.208254E-2,2.400687E-4
5.695696E1,6.194805E-2,2.331779E-4
5.697364E1,6.179540E-2,2.301967E-4
5.699032E1,6.162074E-2,2.279975E-4
5.700701E1,6.144495E-2,2.305069E-4
5.702369E1,6.125121E-2,2.366955E-4
5.704037E1,6.106507E-2,2.382453E-4
5.705706E1,6.087227E-2,2.405035E-4
5.707374E1,6.067004E-2,2.447837E-4
5.709042E1,6.047370E-2,2.250591E-4
5.710711E1,6.022287E-2,2.375000E-4
5.712379E1,5.998993E-2,2.223945E-4
5.714047E1,5.970616E-2,2.393598E-4
5.715716E1,5.945097E-2,2.278713E-4
5.717384E1,5.886636E-2,2.356579E-4
5.719052E1,5.889580E-2,2.385191E-4
5.720721E1,5.860659E-2,2.271900E-4
5.722389E1,5.796432E-2,2.236666E-4
5.724057E1,5.796056E-2,2.300093E-4
5.725726E1,5.761910E-2,2.312553E-4
5.727394E1,5.691096E-2,2.267458E-4
5.729062E1,5.693404E-2,2.308090E-4
5.730731E1,5.618166E-2,2.066365E-4
5.732399E1,5.616926E-2,2.182940E-4
5.734067E1,5.576655E-2,2.296569E-4
5.735736E1,5.578929E-2,2.316597E-4
5.737404E1,5.580176E-2,2.330063E-4
5.739072E1,5.411250E-2,1.956548E-4
5.740741E1,5.414077E-2,2.089567E-4
5.742409E1,5.369620E-2,2.010580E-4
5.744077E1,5.275827E-2,1.813141E-4
5.745746E1,5.273703E-2,2.004344E-4
5.747414E1,5.225153E-2,1.969815E-4
5.749082E1,5.173544E-2,2.040524E-4
5.750751E1,5.123719E-2,2.059142E-4
5.752419E1,5.071532E-2,2.086382E-4
5.754087E1,5.020434E-2,2.131424E-4
5.755756E1,4.967867E-2,2.107209E-4
5.757424E1,4.915296E-2,1.948275E-4
5.759092E1,4.859068E-2,2.041978E-4
5.760761E1,4.804325E-2,2.110551E-4
5.762429E1,4.748178E-2,2.009762E-4
5.764097E1,4.689421E-2,2.060466E-4
5.765766E1,4.633244E-2,1.975541E-4
5.767434E1,4.572316E-2,1.916246E-4
5.769102E1,4.508463E-2,2.063188E-4
5.770771E1,4.449398E-2,1.975499E-4
5.772439E1,4.323490E-2,1.809733E-4
5.774107E1,4.322127E-2,1.955053E-4
5.775776E1,4.191515E-2,1.834744E-4
5.777444E1,4.190643E-2,1.949070E-4
5.779112E1,4.124104E-2,1.945663E-4
5.780781E1,3.990266E-2,1.880778E-4
5.782449E1,3.991078E-2,1.990985E-4
5.784117E1,3.854111E-2,1.915407E-4
5.785786E1,3.857173E-2,2.018216E-4
5.787454E1,3.789201E-2,2.051772E-4
5.789122E1,3.649508E-2,1.831166E-4
5.790791E1,3.648404E-2,1.953940E-4
5.792459E1,3.502920E-2,1.859764E-4
5.794127E1,3.501733E-2,1.965255E-4
5.795796E1,3.428846E-2,1.989737E-4
5.797464E1,3.356489E-2,1.897259E-4
5.799132E1,3.279362E-2,1.906343E-4
5.800801E1,3.207885E-2,1.868619E-4
5.802469E1,3.130199E-2,1.907707E-4
5.804137E1,3.051897E-2,1.988590E-4
5.805806E1,2.975451E-2,1.917714E-4
5.807474E1,2.897984E-2,1.936608E-4
5.809142E1,2.818710E-2,1.919770E-4
5.810811E1,2.737085E-2,1.963403E-4
5.812479E1,2.654634E-2,1.992055E-4
5.814147E1,2.572049E-2,2.001996E-4
5.815816E1,2.489119E-2,1.991568E-4
5.817484E1,2.406752E-2,2.002057E-4
5.819152E1,2.322207E-2,2.034122E-4
5.820821E1,2.157721E-2,2.033754E-4
5.822489E1,2.157237E-2,2.048542E-4
5.824157E1,1.991561E-2,2.035714E-4
5.825826E1,1.992043E-2,2.050725E-4
5.827494E1,1.908962E-2,2.125860E-4
5.829162E1,1.741964E-2,2.215532E-4
5.830831E1,1.744046E-2,2.158161E-4
5.832499E1,1.660926E-2,2.192747E-4
5.834168E1,1.492194E-2,2.303987E-4
5.835836E1,1.495706E-2,2.206193E-4
5.837504E1,1.497576E-2,2.150418E-4
5.839173E1,1.498646E-2,2.117339E-4
5.840841E1,1.156321E-2,2.529395E-4
5.842509E1,1.156341E-2,2.374307E-4
5.844178E1,1.069305E-2,2.488710E-4
5.845846E1,8.995263E-3,2.518719E-4
5.847514E1,8.973159E-3,2.390808E-4
5.849183E1,8.120308E-3,2.509161E-4
5.850851E1,7.252848E-3,2.571882E-4
5.852519E1,6.402859E-3,2.555448E-4
5.854188E1,5.521995E-3,2.676343E-4
5.855856E1,4.659441E-3,2.756620E-4
5.857524E1,3.801710E-3,2.706323E-4
5.859193E1,2.922506E-3,2.798317E-4
5.860861E1,2.063587E-3,2.843653E-4
5.862529E1,1.199373E-3,2.877849E-4
5.864198E1,3.639708E-4,2.888925E-4
5.865866E1,-5.263335E-4,2.991164E-4
5.867534E1,-1.379436E-3,3.094029E-4
5.869203E1,-2.226675E-3,3.173278E-4
5.870871E1,-3.071628E-3,3.195795E-4
5.872539E1,-4.751395E-3,3.328287E-4
5.874208E1,-4.763769E-3,3.595252E-4
5.875876E1,-6.475815E-3,4.213760E-4
5.877544E1,-6.464048E-3,4.194127E-4
5.879213E1,-7.298995E-3,4.426681E-4
5.880881E1,-8.954531E-3,4.859222E-4
5.882549E1,-8.935379E-3,5.167829E-4
5.884218E1,-1.061058E-2,5.821279E-4
5.885886E1,-1.058681E-2,5.834958E-4
5.887554E1,-1.139420E-2,6.012197E-4
5.889223E1,-1.304618E-2,6.452554E-4
5.890891E1,-1.303033E-2,6.257179E-4
5.892559E1,-1.383350E-2,6.417029E-4
5.894228E1,-1.544763E-2,6.867063E-4
5.895896E1,-1.544730E-2,7.040729E-4
5.897564E1,-1.706812E-2,7.670659E-4
5.899233E1,-1.707237E-2,7.588929E-4
5.900901E1,-1.787569E-2,7.828058E-4
5.902569E1,-1.867669E-2,7.928108E-4
5.904238E1,-1.948106E-2,8.243010E-4
5.905906E1,-2.027823E-2,8.845283E-4
5.907574E1,-2.104378E-2,9.162242E-4
5.909243E1,-2.181827E-2,9.424587E-4
5.910911E1,-2.259819E-2,9.523150E-4
5.912579E1,-2.336305E-2,9.799124E-4
5.914248E1,-2.412011E-2,1.033320E-3
5.915916E1,-2.487254E-2,1.073658E-3
5.917584E1,-2.561728E-2,1.096606E-3
5.919253E1,-2.635173E-2,1.120738E-3
5.920921E1,-2.708987E-2,1.152791E-3
5.922589E1,-2.781339E-2,1.202607E-3
5.924258E1,-2.924066E-2,1.264648E-3
5.925926E1,-2.923095E-2,1.256080E-3
5.927594E1,-3.062608E-2,1.316033E-3
5.929263E1,-3.064165E-2,1.338663E-3
5.930931E1,-3.134668E-2,1.383133E-3
5.932599E1,-3.271771E-2,1.447663E-3
5.934268E1,-3.269875E-2,1.432231E-3
5.935936E1,-3.401325E-2,1.494231E-3
5.937604E1,-3.399965E-2,1.512738E-3
5.939273E1,-3.399040E-2,1.523982E-3
5.940941E1,-3.594536E-2,1.621356E-3
5.942609E1,-3.594155E-2,1.603221E-3
5.944278E1,-3.657340E-2,1.624381E-3
5.945946E1,-3.781369E-2,1.693094E-3
5.947614E1,-3.779016E-2,1.701805E-3
5.949283E1,-3.839125E-2,1.735997E-3
5.950951E1,-3.899154E-2,1.761121E-3
5.952619E1,-3.959479E-2,1.792143E-3
5.954288E1,-4.014980E-2,1.804479E-3
5.955956E1,-4.073160E-2,1.867872E-3
5.957624E1,-4.129803E-2,1.902292E-3
5.959293E1,-4.185607E-2,1.944978E-3
5.960961E1,-4.239619E-2,1.957840E-3
5.962629E1,-4.292194E-2,1.977405E-3
5.964298E1,-4.345385E-2,2.035145E-3
5.965966E1,-4.397280E-2,2.072993E-3
5.967634E1,-4.448974E-2,2.099225E-3
5.969303E1,-4.498242E-2,2.119808E-3
5.970971E1,-4.544753E-2,2.135987E-3
5.972639E1,-4.640104E-2,2.214418E-3
5.974308E1,-4.640635E-2,2.213723E-3
5.975976E1,-4.686561E-2,2.245743E-3
5.977644E1,-4.774383E-2,2.303323E-3
5.979313E1,-4.774006E-2,2.324363E-3
5.980981E1,-4.859853E-2,2.399694E-3
5.982649E1,-4.858500E-2,2.392884E-3
5.984318E1,-4.898122E-2,2.394849E-3
5.985986E1,-4.979261E-2,2.427548E-3
5.987654E1,-4.981191E-2,2.413979E-3
5.989323E1,-5.019772E-2,2.434565E-3
5.990991E1,-5.019498E-2,2.420719E-3
5.992659E1,-5.019330E-2,2.410915E-3
5.994328E1,-5.155886E-2,2.498574E-3
5.995996E1,-5.154272E-2,2.511698E-3
5.997664E1,-5.186589E-2,2.540091E-3
5.999333E1,-5.245798E-2,2.565594E-3
6.001001E1,-5.246508E-2,2.559364E-3
6.002669E1,-5.276513E-2,2.575652E-3
6.004338E1,-5.304704E-2,2.591157E-3
6.006006E1,-5.328899E-2,2.594516E-3
6.007674E1,-5.378093E-2,2.610700E-3
6.009343E1,-5.378480E-2,2.593749E-3
6.011011E1,-5.401698E-2,2.604052E-3
6.012679E1,-5.418794E-2,2.617343E-3
6.014348E1,-5.438636E-2,2.639124E-3
6.016016E1,-5.458705E-2,2.677786E-3
6.017684E1,-5.477345E-2,2.691702E-3
6.019353E1,-5.493977E-2,2.712153E-3
6.021021E1,-5.510531E-2,2.721743E-3
6.022689E1,-5.523938E-2,2.725581E-3
6.024358E1,-5.538951E-2,2.728113E-3
6.026026E1,-5.551891E-2,2.745435E-3
6.027694E1,-5.559378E-2,2.736443E-3
6.029363E1,-5.577777E-2,2.747673E-3
6.031031E1,-5.577533E-2,2.739206E-3
6.032699E1,-5.589349E-2,2.735716E-3
6.034368E1,-5.590305E-2,2.729758E-3
6.036036E1,-5.595358E-2,2.734257E-3
6.037704E1,-5.598735E-2,2.739589E-3
6.039373E1,-5.597379E-2,2.733667E-3
6.041041E1,-5.596543E-2,2.728593E-3
6.042709E1,-5.595680E-2,2.724049E-3
6.044378E1,-5.595056E-2,2.720473E-3
6.046046E1,-5.589613E-2,2.707236E-3
6.047714E1,-5.590278E-2,2.707801E-3
6.049383E1,-5.586099E-2,2.701766E-3
6.051051E1,-5.571828E-2,2.700187E-3
6.052719E1,-5.573062E-2,2.702687E-3
6.054388E1,-5.565177E-2,2.707634E-3
6.056056E1,-5.553718E-2,2.691032E-3
6.057724E1,-5.543891E-2,2.690587E-3
6.059393E1,-5.530023E-2,2.684892E-3
6.061061E1,-5.515549E-2,2.688270E-3
6.062729E1,-5.498467E-2,2.683890E-3
6.064398E1,-5.481152E-2,2.679109E-3
6.066066E1,-5.463782E-2,2.672907E-3
6.067734E1,-5.444657E-2,2.668644E-3
6.069403E1,-5.425104E-2,2.652574E-3
6.071071E1,-5.404673E-2,2.666976E-3
6.072739E1,-5.380948E-2,2.654581E-3
6.074408E1,-5.357589E-2,2.643392E-3
6.076076E1,-5.334098E-2,2.649484E-3
6.077744E1,-5.307413E-2,2.635765E-3
6.079413E1,-5.253795E-2,2.624103E-3
6.081081E1,-5.252253E-2,2.643166E-3
6.082749E1,-5.194739E-2,2.599177E-3
6.084418E1,-5.196141E-2,2.580871E-3
6.086086E1,-5.166101E-2,2.548812E-3
6.087754E1,-5.099888E-2,2.510318E-3
6.089423E1,-5.100097E-2,2.514776E-3
6.091091E1,-5.030659E-2,2.474055E-3
6.092759E1,-5.031997E-2,2.490517E-3
6.094428E1,-4.995543E-2,2.495400E-3
6.096096E1,-4.916018E-2,2.458725E-3
6.097764E1,-4.917528E-2,2.479309E-3
6.099433E1,-4.839617E-2,2.446983E-3
6.101101E1,-4.839485E-2,2.423328E-3
6.102769E1,-4.797493E-2,2.391544E-3
6.104438E1,-4.751526E-2,2.346575E-3
6.106106E1,-4.709343E-2,2.335659E-3
6.107774E1,-4.662860E-2,2.316353E-3
6.109443E1,-4.615288E-2,2.298685E-3
6.111111E1,-4.568333E-2,2.287339E-3
6.112779E1,-4.518952E-2,2.234524E-3
6.114448E1,-4.467380E-2,2.203121E-3
6.116116E1,-4.416687E-2,2.169383E-3
6.117784E1,-4.363885E-2,2.146124E-3
6.119453E1,-4.312452E-2,2.127443E-3
6.121121E1,-4.262052E-2,2.108940E-3
6.122789E1,-4.208219E-2,2.068547E-3
6.124458E1,-4.150499E-2,2.024005E-3
6.126126E1,-4.041260E-2,1.960189E-3
6.127794E1,-4.040014E-2,1.936741E-3
6.129463E1,-3.980483E-2,1.881931E-3
6.131131E1,-3.866864E-2,1.813628E-3
6.132799E1,-3.868456E-2,1.831531E-3
6.134468E1,-3.808221E-2,1.805134E-3
6.136136E1,-3.687578E-2,1.748754E-3
6.137804E1,-3.688900E-2,1.738377E-3
6.139473E1,-3.564154E-2,1.658496E-3
6.141141E1,-3.563357E-2,1.673450E-3
6.142809E1,-3.498276E-2,1.645835E-3
6.144478E1,-3.497591E-2,1.663085E-3
6.146146E1,-3.497130E-2,1.674697E-3
6.147814E1,-3.235504E-2,1.540447E-3
6.149483E1,-3.235101E-2,1.541803E-3
6.151151E1,-3.168698E-2,1.515467E-3
6.152819E1,-3.033222E-2,1.444083E-3
6.154488E1,-3.034421E-2,1.426136E-3
6.156156E1,-2.966634E-2,1.385149E-3
6.157824E1,-2.896081E-2,1.357256E-3
6.159493E1,-2.824392E-2,1.332589E-3
6.161161E1,-2.754776E-2,1.309465E-3
6.162829E1,-2.685006E-2,1.285129E-3
6.164498E1,-2.614429E-2,1.244676E-3
6.166166E1,-2.540365E-2,1.205601E-3
6.167835E1,-2.467705E-2,1.176863E-3
6.169503E1,-2.393649E-2,1.160447E-3
6.171171E1,-2.321315E-2,1.140454E-3
6.172840E1,-2.245381E-2,1.079640E-3
6.174508E1,-2.169817E-2,1.059417E-3
6.176176E1,-2.093988E-2,1.029128E-3
6.177845E1,-2.016198E-2,1.008564E-3
6.179513E1,-1.863380E-2,9.813563E-4
6.181181E1,-1.861637E-2,1.004282E-3
6.182850E1,-1.784318E-2,9.839273E-4
6.184518E1,-1.629749E-2,9.414579E-4
6.186186E1,-1.629353E-2,9.245034E-4
6.187855E1,-1.470865E-2,8.657136E-4
6.189523E1,-1.469318E-2,8.726638E-4
6.191191E1,-1.388666E-2,8.590083E-4
6.192860E1,-1.228811E-2,8.079916E-4
6.194528E1,-1.230989E-2,7.804808E-4
6.196196E1,-1.232287E-2,7.650760E-4
6.197865E1,-9.876014E-3,6.852611E-4
6.199533E1,-9.883057E-3,6.977410E-4
6.201201E1,-8.276187E-3,6.475308E-4
6.202870E1,-8.273569E-3,6.219548E-4
6.204538E1,-6.624950E-3,5.726800E-4
6.206206E1,-6.625762E-3,5.708499E-4
6.207875E1,-5.799009E-3,5.497805E-4
6.209543E1,-4.974913E-3,5.333988E-4
6.211211E1,-4.150835E-3,5.122226E-4
6.212880E1,-3.329857E-3,5.110157E-4
6.214548E1,-2.498852E-3,4.941276E-4
6.216216E1,-1.681192E-3,4.917608E-4
6.217885E1,-8.535711E-4,4.909686E-4
6.219553E1,-2.304196E-5,4.929627E-4
6.221221E1,7.538146E-4,4.836775E-4
6.222890E1,1.607511E-3,4.365182E-4
6.224558E1,2.417272E-3,4.049155E-4
6.226226E1,3.259818E-3,3.868334E-4
6.227895E1,4.087877E-3,3.782979E-4
6.229563E1,4.902381E-3,3.677270E-4
6.231231E1,6.552507E-3,3.449877E-4
6.232900E1,6.537380E-3,3.555193E-4
6.234568E1,8.197028E-3,3.380737E-4
6.236236E1,8.181591E-3,3.499032E-4
6.237905E1,9.015424E-3,3.415153E-4
6.239573E1,1.066352E-2,3.267174E-4
6.241241E1,1.064711E-2,3.403316E-4
6.242910E1,1.146629E-2,3.320428E-4
6.244578E1,1.309900E-2,3.260800E-4
6.246246E1,1.308923E-2,3.383244E-4
6.247915E1,1.472911E-2,3.273928E-4
6.249583E1,1.472221E-2,3.395052E-4
6.251251E1,1.634959E-2,3.324881E-4
6.252920E1,1.634782E-2,3.439602E-4
6.254588E1,1.714656E-2,3.467753E-4
6.256256E1,1.877189E-2,3.446184E-4
6.257925E1,1.878009E-2,3.537789E-4
6.259593E1,1.958927E-2,3.566427E-4
6.261261E1,2.039387E-2,3.595875E-4
6.262930E1,2.118726E-2,3.644885E-4
6.264598E1,2.200296E-2,3.638176E-4
6.266266E1,2.355487E-2,3.678103E-4
6.267935E1,2.355345E-2,3.720689E-4
6.269603E1,2.432142E-2,3.735747E-4
6.271271E1,2.511487E-2,3.746903E-4
6.272940E1,2.585589E-2,3.827472E-4
6.274608E1,2.662153E-2,3.858501E-4
6.276276E1,2.738008E-2,3.852795E-4
6.277945E1,2.811935E-2,3.881821E-4
6.279613E1,2.888593E-2,3.882086E-4
6.281281E1,2.959895E-2,3.955225E-4
6.282950E1,3.033022E-2,3.946469E-4
6.284618E1,3.103834E-2,4.010745E-4
6.286286E1,3.178653E-2,4.039517E-4
6.287955E1,3.320210E-2,4.122199E-4
6.289623E1,3.320767E-2,4.065305E-4
6.291291E1,3.391273E-2,4.020609E-4
6.292960E1,3.530783E-2,4.137998E-4
6.294628E1,3.532104E-2,4.078641E-4
6.296296E1,3.668743E-2,4.136992E-4
6.297965E1,3.668048E-2,4.081657E-4
6.299633E1,3.667602E-2,4.044327E-4
6.301301E1,3.866652E-2,4.182515E-4
6.302970E1,3.865637E-2,4.120025E-4
6.304638E1,3.993581E-2,4.206804E-4
6.306306E1,3.993756E-2,4.141712E-4
6.307975E1,4.056978E-2,4.205690E-4
6.309643E1,4.182396E-2,4.179276E-4
6.311311E1,4.180012E-2,4.126672E-4
6.312980E1,4.239032E-2,4.200291E-4
6.314648E1,4.300330E-2,4.239216E-4
6.316316E1,4.359253E-2,4.150433E-4
6.317985E1,4.417045E-2,4.262807E-4
6.319653E1,4.475602E-2,4.181937E-4
6.321321E1,4.531755E-2,4.265011E-4
6.322990E1,4.586791E-2,4.240360E-4
6.324658E1,4.640742E-2,4.195138E-4
6.326326E1,4.694180E-2,4.330119E-4
6.327995E1,4.748673E-2,4.315324E-4
6.329663E1,4.800244E-2,4.311253E-4
6.331331E1,4.850300E-2,4.281372E-4
6.333000E1,4.899757E-2,4.360117E-4
6.334668E1,4.997333E-2,4.451374E-4
6.336336E1,4.996428E-2,4.348679E-4
6.338005E1,5.089238E-2,4.512193E-4
6.339673E1,5.090054E-2,4.402050E-4
6.341341E1,5.134986E-2,4.442804E-4
6.343010E1,5.223968E-2,4.518381E-4
6.344678E1,5.223710E-2,4.415948E-4
6.346346E1,5.306913E-2,4.527886E-4
6.348015E1,5.306403E-2,4.423393E-4
6.349683E1,5.306067E-2,4.348867E-4
6.351351E1,5.424409E-2,4.530883E-4
6.353020E1,5.422883E-2,4.431670E-4
6.354688E1,5.494658E-2,4.446304E-4
6.356356E1,5.491876E-2,4.366835E-4
6.358025E1,5.524535E-2,4.378390E-4
6.359693E1,5.557007E-2,4.366963E-4
6.361361E1,5.587810E-2,4.369449E-4
6.363030E1,5.617831E-2,4.405538E-4
6.364698E1,5.648426E-2,4.472680E-4
6.366366E1,5.678988E-2,4.467053E-4
6.368035E1,5.708390E-2,4.470202E-4
6.369703E1,5.736974E-2,4.311400E-4
6.371371E1,5.762195E-2,4.406628E-4
6.373040E1,5.785740E-2,4.281246E-4
6.374708E1,5.809317E-2,4.395597E-4
6.376376E1,5.832683E-2,4.295774E-4
6.378045E1,5.852064E-2,4.213184E-4
6.379713E1,5.872743E-2,4.404612E-4
6.381381E1,5.909629E-2,4.323976E-4
6.383050E1,5.910237E-2,4.284776E-4
6.384718E1,5.926509E-2,4.332406E-4
6.386386E1,5.956207E-2,4.366683E-4
6.388055E1,5.957539E-2,4.317235E-4
6.389723E1,5.982565E-2,4.199346E-4
6.391391E1,5.981094E-2,4.195058E-4
6.393060E1,5.990263E-2,4.306623E-4
6.394728E1,6.007885E-2,4.256900E-4
6.396396E1,6.008459E-2,4.237075E-4
6.398065E1,6.020238E-2,4.340222E-4
6.399733E1,6.021788E-2,4.298771E-4
6.401401E1,6.027455E-2,4.218929E-4
6.403070E1,6.027774E-2,4.189583E-4
6.404738E1,6.028078E-2,4.169105E-4
6.406406E1,6.027805E-2,4.167006E-4
6.408075E1,6.027624E-2,4.164569E-4
6.409743E1,6.023099E-2,4.283471E-4
6.411411E1,6.023536E-2,4.262424E-4
6.413080E1,6.019033E-2,4.100709E-4
6.414748E1,6.011011E-2,4.216387E-4
6.416416E1,6.003732E-2,4.333479E-4
6.418085E1,5.995024E-2,4.190206E-4
6.419753E1,5.984167E-2,4.092189E-4
6.421421E1,5.971029E-2,4.291427E-4
6.423090E1,5.959702E-2,4.206428E-4
6.424758E1,5.946444E-2,4.136626E-4
6.426426E1,5.930579E-2,4.126308E-4
6.428095E1,5.914084E-2,4.134830E-4
6.429763E1,5.896907E-2,4.108784E-4
6.431431E1,5.877653E-2,4.152648E-4
6.433100E1,5.858233E-2,4.201675E-4
6.434768E1,5.837275E-2,4.015735E-4
6.436436E1,5.790027E-2,3.931021E-4
6.438105E1,5.787388E-2,3.990270E-4
6.439773E1,5.762253E-2,4.078880E-4
6.441441E1,5.711150E-2,4.005596E-4
6.443110E1,5.712285E-2,4.042227E-4
6.444778E1,5.653973E-2,3.879378E-4
6.446446E1,5.652825E-2,3.946813E-4
6.448115E1,5.623575E-2,3.837083E-4
6.449783E1,5.557373E-2,3.764720E-4
6.451451E1,5.555779E-2,3.862291E-4
6.453120E1,5.554676E-2,3.931255E-4
6.454788E1,5.450780E-2,3.841010E-4
6.456456E1,5.451496E-2,3.918572E-4
6.458125E1,5.376314E-2,3.708840E-4
6.459793E1,5.374992E-2,3.820702E-4
6.461461E1,5.335567E-2,3.882653E-4
6.463130E1,5.255699E-2,3.754148E-4
6.464798E1,5.255797E-2,3.856936E-4
6.466466E1,5.213872E-2,3.711545E-4
6.468135E1,5.169324E-2,3.865791E-4
6.469803E1,5.125920E-2,3.813202E-4
6.471471E1,5.081079E-2,3.732879E-4
6.473140E1,5.033747E-2,3.739878E-4
6.474808E1,4.984587E-2,3.738627E-4
6.476476E1,4.933160E-2,3.797258E-4
6.478145E1,4.884511E-2,3.743570E-4
6.479813E1,4.832059E-2,3.807103E-4
6.481481E1,4.781311E-2,3.823601E-4
6.483150E1,4.728376E-2,3.866607E-4
6.484818E1,4.677088E-2,3.903167E-4
6.486486E1,4.624223E-2,3.769622E-4
6.488155E1,4.511384E-2,3.657542E-4
6.489823E1,4.509184E-2,3.753684E-4
6.491491E1,4.392855E-2,3.779207E-4
6.493160E1,4.391885E-2,3.841775E-4
6.494828E1,4.332328E-2,3.926989E-4
6.496496E1,4.214521E-2,3.712044E-4
6.498165E1,4.212986E-2,3.788272E-4
6.499833E1,4.151663E-2,3.896313E-4
6.501502E1,4.154081E-2,3.922976E-4
6.503170E1,4.155630E-2,3.942732E-4
6.504838E1,3.902480E-2,3.552206E-4
6.506507E1,3.901677E-2,3.642859E-4
6.508175E1,3.770115E-2,3.564701E-4
6.509843E1,3.769242E-2,3.677708E-4
6.511512E1,3.702985E-2,3.677908E-4
6.513180E1,3.634874E-2,3.662799E-4
6.514848E1,3.567243E-2,3.658651E-4
6.516517E1,3.500654E-2,3.717834E-4
6.518185E1,3.431498E-2,3.685687E-4
6.519853E1,3.363048E-2,3.580943E-4
6.521522E1,3.291221E-2,3.628576E-4
6.523190E1,3.219976E-2,3.654426E-4
6.524858E1,3.149825E-2,3.624007E-4
6.526527E1,3.076756E-2,3.670701E-4
6.528195E1,3.005387E-2,3.696294E-4
6.529863E1,2.932636E-2,3.648853E-4
6.531532E1,2.858173E-2,3.671740E-4
6.533200E1,2.786378E-2,3.642349E-4
6.534868E1,2.711744E-2,3.724407E-4
6.536537E1,2.559125E-2,3.665114E-4
6.538205E1,2.557618E-2,3.721229E-4
6.539873E1,2.402255E-2,3.731413E-4
6.541542E1,2.403532E-2,3.758274E-4
6.543210E1,2.327904E-2,3.738946E-4
6.544878E1,2.169331E-2,3.767709E-4
6.546547E1,2.171699E-2,3.773987E-4
6.548215E1,2.094474E-2,3.760232E-4
6.549883E1,1.936078E-2,3.805600E-4
6.551552E1,1.934901E-2,3.795876E-4
6.553220E1,1.772329E-2,3.885869E-4
6.554888E1,1.771243E-2,3.848459E-4
6.556557E1,1.770515E-2,3.819226E-4
6.558225E1,1.529279E-2,4.016713E-4
6.559893E1,1.531888E-2,3.937831E-4
6.561562E1,1.369612E-2,3.965269E-4
6.563230E1,1.371042E-2,3.904384E-4
6.564898E1,1.290558E-2,3.943682E-4
6.566567E1,1.126514E-2,3.980108E-4
6.568235E1,1.127094E-2,3.914729E-4
6.569903E1,1.045472E-2,3.929007E-4
6.571572E1,9.631153E-3,3.979488E-4
6.573240E1,8.812385E-3,4.032160E-4
6.574908E1,7.980562E-3,4.018775E-4
6.576577E1,7.161727E-3,4.054034E-4
6.578245E1,6.336451E-3,4.093684E-4
6.579913E1,5.513461E-3,4.137612E-4
6.581582E1,4.689570E-3,4.116291E-4
6.583250E1,3.856476E-3,4.213878E-4
6.584918E1,3.036782E-3,4.229711E-4
6.586587E1,2.221788E-3,4.238822E-4
6.588255E1,1.410341E-3,4.343443E-4
6.589923E1,5.792473E-4,4.349848E-4
6.591592E1,-1.063177E-3,4.591947E-4
6.593260E1,-1.051392E-3,4.435771E-4
6.594928E1,-1.873163E-3,4.522849E-4
6.596597E1,-3.522941E-3,4.728903E-4
6.598265E1,-3.511334E-3,4.541758E-4
6.599933E1,-4.309740E-3,4.663653E-4
6.601602E1,-5.938984E-3,4.884962E-4
6.603270E1,-5.938355E-3,5.134569E-4
6.604938E1,-5.938181E-3,5.282532E-4
6.606607E1,-8.375409E-3,6.017492E-4
6.608275E1,-8.379751E-3,5.914795E-4
6.609943E1,-9.999580E-3,6.265932E-4
6.611612E1,-1.000789E-2,6.100711E-4
6.613280E1,-1.161679E-2,6.475267E-4
6.614948E1,-1.163038E-2,6.255388E-4
6.616617E1,-1.242300E-2,6.327327E-4
6.618285E1,-1.323977E-2,6.331701E-4
6.619953E1,-1.400712E-2,6.653981E-4
6.621622E1,-1.477897E-2,7.152695E-4
6.623290E1,-1.556455E-2,7.460186E-4
6.624958E1,-1.634065E-2,7.759946E-4
6.626627E1,-1.709311E-2,7.842910E-4
6.628295E1,-1.784523E-2,7.967136E-4
6.629963E1,-1.862947E-2,8.085890E-4
6.631632E1,-1.934789E-2,8.246033E-4
6.633300E1,-2.011021E-2,8.756596E-4
6.634968E1,-2.083020E-2,9.064671E-4
6.636637E1,-2.158476E-2,9.378824E-4
6.638305E1,-2.229203E-2,9.484810E-4
6.639973E1,-2.303608E-2,9.676519E-4
6.641642E1,-2.446901E-2,1.010406E-3
6.643310E1,-2.446349E-2,1.027900E-3
6.644978E1,-2.516074E-2,1.057511E-3
6.646647E1,-2.656779E-2,1.116524E-3
6.648315E1,-2.657253E-2,1.103128E-3
6.649983E1,-2.795072E-2,1.167904E-3
6.651652E1,-2.793379E-2,1.184851E-3
6.653320E1,-2.928779E-2,1.258265E-3
6.654988E1,-2.926434E-2,1.249780E-3
6.656657E1,-2.924928E-2,1.244567E-3
6.658325E1,-3.122546E-2,1.352730E-3
6.659993E1,-3.121190E-2,1.363672E-3
6.661662E1,-3.250252E-2,1.423997E-3
6.663330E1,-3.249844E-2,1.415484E-3
6.664998E1,-3.313243E-2,1.440068E-3
6.666667E1,-3.376240E-2,1.465854E-3
6.668335E1,-3.437479E-2,1.489144E-3
6.670003E1,-3.497272E-2,1.531296E-3
6.671672E1,-3.617195E-2,1.605985E-3
6.673340E1,-3.614998E-2,1.592770E-3
6.675008E1,-3.672088E-2,1.613076E-3
6.676677E1,-3.728516E-2,1.645694E-3
6.678345E1,-3.785615E-2,1.688738E-3
6.680013E1,-3.841995E-2,1.739872E-3
6.681682E1,-3.898271E-2,1.752980E-3
6.683350E1,-3.953445E-2,1.783665E-3
6.685018E1,-4.005021E-2,1.800489E-3
6.686687E1,-4.057807E-2,1.861898E-3
6.688355E1,-4.107736E-2,1.901156E-3
6.690023E1,-4.158818E-2,1.925288E-3
6.691692E1,-4.204605E-2,1.947847E-3
6.693360E1,-4.300262E-2,1.997768E-3
6.695028E1,-4.299647E-2,2.012865E-3
6.696697E1,-4.393099E-2,2.070918E-3
6.698365E1,-4.394004E-2,2.064451E-3
6.700033E1,-4.438810E-2,2.082594E-3
6.701702E1,-4.526314E-2,2.129738E-3
6.703370E1,-4.526512E-2,2.153903E-3
6.705038E1,-4.611893E-2,2.224838E-3
6.706707E1,-4.611171E-2,2.221200E-3
6.708375E1,-4.650285E-2,2.240602E-3
6.710043E1,-4.726213E-2,2.280146E-3
6.711712E1,-4.725678E-2,2.262137E-3
6.713380E1,-4.796596E-2,2.310494E-3
6.715048E1,-4.794646E-2,2.329728E-3
6.716717E1,-4.828216E-2,2.362137E-3
6.718385E1,-4.893687E-2,2.401784E-3
6.720053E1,-4.892290E-2,2.394587E-3
6.721722E1,-4.923923E-2,2.404909E-3
6.723390E1,-4.954412E-2,2.415821E-3
6.725058E1,-4.984293E-2,2.413859E-3
6.726727E1,-5.013901E-2,2.416053E-3
6.728395E1,-5.042229E-2,2.433272E-3
6.730063E1,-5.067352E-2,2.429922E-3
6.731732E1,-5.092059E-2,2.441630E-3
6.733400E1,-5.117086E-2,2.438690E-3
6.735068E1,-5.139573E-2,2.447852E-3
6.736737E1,-5.159626E-2,2.434741E-3
6.738405E1,-5.183150E-2,2.441088E-3
6.740073E1,-5.202137E-2,2.451779E-3
6.741742E1,-5.217688E-2,2.456551E-3
6.743410E1,-5.251693E-2,2.500330E-3
6.745078E1,-5.251023E-2,2.512116E-3
6.746747E1,-5.264421E-2,2.537797E-3
6.748415E1,-5.292786E-2,2.548002E-3
6.750083E1,-5.294236E-2,2.546785E-3
6.751752E1,-5.317657E-2,2.574650E-3
6.753420E1,-5.316832E-2,2.567134E-3
6.755088E1,-5.325049E-2,2.562558E-3
6.756757E1,-5.341429E-2,2.565082E-3
6.758425E1,-5.342989E-2,2.560607E-3
6.760093E1,-5.344043E-2,2.557360E-3
6.761762E1,-5.358668E-2,2.562591E-3
6.763430E1,-5.359931E-2,2.558904E-3
6.765098E1,-5.362264E-2,2.556675E-3
6.766767E1,-5.362502E-2,2.554612E-3
6.768435E1,-5.362454E-2,2.552093E-3
6.770103E1,-5.361556E-2,2.547261E-3
6.771772E1,-5.361714E-2,2.548436E-3
6.773440E1,-5.359118E-2,2.541637E-3
6.775108E1,-5.354643E-2,2.554374E-3
6.776777E1,-5.347093E-2,2.543053E-3
6.778445E1,-5.340276E-2,2.528740E-3
6.780113E1,-5.332679E-2,2.536065E-3
6.781782E1,-5.322993E-2,2.535317E-3
6.783450E1,-5.309746E-2,2.516053E-3
6.785118E1,-5.298645E-2,2.515324E-3
6.786787E1,-5.284629E-2,2.516327E-3
6.788455E1,-5.269792E-2,2.520352E-3
6.790123E1,-5.253043E-2,2.513955E-3
6.791792E1,-5.234706E-2,2.509276E-3
6.793460E1,-5.216825E-2,2.501959E-3
6.795128E1,-5.178699E-2,2.479233E-3
6.796797E1,-5.179957E-2,2.494893E-3
6.798465E1,-5.135335E-2,2.476493E-3
6.800133E1,-5.134908E-2,2.492576E-3
6.801802E1,-5.113292E-2,2.486485E-3
6.803470E1,-5.064308E-2,2.467135E-3
6.805138E1,-5.065514E-2,2.485610E-3
6.806807E1,-5.038669E-2,2.487463E-3
6.808475E1,-4.982516E-2,2.467464E-3
6.810143E1,-4.983652E-2,2.484631E-3
6.811812E1,-4.984409E-2,2.496687E-3
6.813480E1,-4.984934E-2,2.505316E-3
6.815148E1,-4.858745E-2,2.453646E-3
6.816817E1,-4.857870E-2,2.473578E-3
6.818485E1,-4.823928E-2,2.467348E-3
6.820153E1,-4.755116E-2,2.430459E-3
6.821822E1,-4.755631E-2,2.411796E-3
6.823490E1,-4.719222E-2,2.374735E-3
6.825158E1,-4.682322E-2,2.362889E-3
6.826827E1,-4.640910E-2,2.334130E-3
6.828495E1,-4.600671E-2,2.325640E-3
6.830163E1,-4.557727E-2,2.293710E-3
6.831832E1,-4.515229E-2,2.297795E-3
6.833500E1,-4.475181E-2,2.273063E-3
6.835169E1,-4.430229E-2,2.225774E-3
6.836837E1,-4.386196E-2,2.201297E-3
6.838505E1,-4.337770E-2,2.186126E-3
6.840174E1,-4.288896E-2,2.150922E-3
6.841842E1,-4.238066E-2,2.139711E-3
6.843510E1,-4.188635E-2,2.125338E-3
6.845179E1,-4.140131E-2,2.097302E-3
6.846847E1,-4.036627E-2,2.017544E-3
6.848515E1,-4.036681E-2,2.023670E-3
6.850184E1,-3.983693E-2,1.992480E-3
6.851852E1,-3.879551E-2,1.939198E-3
6.853520E1,-3.877762E-2,1.920158E-3
6.855189E1,-3.766405E-2,1.838465E-3
6.856857E1,-3.768702E-2,1.848148E-3
6.858525E1,-3.712362E-2,1.832611E-3
6.860194E1,-3.711468E-2,1.843085E-3
6.861862E1,-3.539527E-2,1.729531E-3
6.863530E1,-3.540918E-2,1.723233E-3
6.865199E1,-3.420237E-2,1.665520E-3
6.866867E1,-3.418509E-2,1.677602E-3
6.868535E1,-3.297558E-2,1.612809E-3
6.870204E1,-3.298057E-2,1.593230E-3
6.871872E1,-3.236360E-2,1.558963E-3
6.873540E1,-3.172211E-2,1.532674E-3
6.875209E1,-3.107086E-2,1.507242E-3
6.876877E1,-3.042546E-2,1.494096E-3
6.878545E1,-2.975286E-2,1.474247E-3
6.880214E1,-2.910729E-2,1.457823E-3
6.881882E1,-2.843586E-2,1.406326E-3
6.883550E1,-2.775759E-2,1.367628E-3
6.885219E1,-2.708629E-2,1.345389E-3
6.886887E1,-2.640520E-2,1.326576E-3
6.888555E1,-2.573360E-2,1.305733E-3
6.890224E1,-2.507051E-2,1.284322E-3
6.891892E1,-2.438098E-2,1.244532E-3
6.893560E1,-2.365823E-2,1.208785E-3
6.895229E1,-2.295138E-2,1.176975E-3
6.896897E1,-2.225411E-2,1.156112E-3
6.898565E1,-2.084039E-2,1.099664E-3
6.900234E1,-2.084940E-2,1.085037E-3
6.901902E1,-1.940195E-2,1.033114E-3
6.903570E1,-1.940016E-2,1.039648E-3
6.905239E1,-1.867874E-2,1.007746E-3
6.906907E1,-1.721038E-2,9.750191E-4
6.908575E1,-1.722798E-2,9.465114E-4
6.910244E1,-1.573192E-2,8.734506E-4
6.911912E1,-1.574911E-2,8.785813E-4
6.913580E1,-1.576079E-2,8.820696E-4
6.915249E1,-1.348455E-2,8.171689E-4
6.916917E1,-1.348791E-2,8.386914E-4
6.918585E1,-1.273222E-2,8.259529E-4
6.920254E1,-1.117873E-2,7.809552E-4
6.921922E1,-1.118624E-2,7.614497E-4
6.923590E1,-9.629563E-3,7.075517E-4
6.925259E1,-9.611924E-3,7.129737E-4
6.926927E1,-8.833644E-3,6.873330E-4
6.928595E1,-8.077414E-3,6.820090E-4
6.930264E1,-7.283020E-3,6.779650E-4
6.931932E1,-6.492902E-3,6.687076E-4
6.933600E1,-5.689775E-3,6.592898E-4
6.935269E1,-4.913020E-3,6.426629E-4
6.936937E1,-4.134563E-3,6.044952E-4
6.938605E1,-3.351716E-3,5.783522E-4
6.940274E1,-2.554211E-3,5.397078E-4
6.941942E1,-1.750867E-3,5.259936E-4
6.943610E1,-9.340724E-4,5.232254E-4
6.945279E1,-1.352754E-4,5.053564E-4
6.946947E1,6.466781E-4,5.009600E-4
6.948615E1,1.432066E-3,4.948204E-4
6.950284E1,2.994499E-3,4.842923E-4
6.951952E1,3.006698E-3,4.529218E-4
6.953620E1,4.628837E-3,3.964466E-4
6.955289E1,4.597730E-3,3.948133E-4
6.956957E1,6.189076E-3,3.716208E-4
6.958625E1,6.182545E-3,3.765350E-4
6.960294E1,6.959908E-3,3.692505E-4
6.961962E1,8.579559E-3,3.526929E-4
6.963630E1,8.591216E-3,3.611240E-4
6.965299E1,1.019803E-2,3.347052E-4
6.966967E1,1.017014E-2,3.449138E-4
6.968635E1,1.094334E-2,3.439434E-4
6.970304E1,1.253441E-2,3.293558E-4
6.971972E1,1.254219E-2,3.414876E-4
6.973640E1,1.333231E-2,3.357342E-4
6.975309E1,1.414165E-2,3.418831E-4
6.976977E1,1.492876E-2,3.399099E-4
6.978645E1,1.568547E-2,3.423741E-4
6.980314E1,1.647013E-2,3.429405E-4
6.981982E1,1.725480E-2,3.491376E-4
6.983650E1,1.802918E-2,3.511256E-4
6.985319E1,1.879645E-2,3.551436E-4
6.986987E1,1.956353E-2,3.596998E-4
6.988655E1,2.033628E-2,3.575258E-4
6.990324E1,2.107808E-2,3.642594E-4
6.991992E1,2.183234E-2,3.651824E-4
6.993660E1,2.256359E-2,3.665656E-4
6.995329E1,2.330831E-2,3.661844E-4
6.996997E1,2.402730E-2,3.751994E-4
6.998665E1,2.551177E-2,3.781622E-4
7.000334E1,2.551139E-2,3.800421E-4
7.002002E1,2.697294E-2,3.862533E-4
7.003670E1,2.697617E-2,3.861986E-4
7.005339E1,2.768971E-2,3.852211E-4
7.007007E1,2.909135E-2,3.948186E-4
7.008675E1,2.909819E-2,3.929520E-4
7.010344E1,3.050588E-2,3.969974E-4
7.012012E1,3.048406E-2,3.948498E-4
7.013680E1,3.115481E-2,3.960184E-4
7.015349E1,3.113659E-2,3.946217E-4
7.017017E1,3.317420E-2,4.113982E-4
7.018685E1,3.318744E-2,4.059152E-4
7.020354E1,3.453611E-2,4.090630E-4
7.022022E1,3.453424E-2,4.044473E-4
7.023690E1,3.582788E-2,4.125753E-4
7.025359E1,3.583124E-2,4.073121E-4
7.027027E1,3.647901E-2,4.117775E-4
7.028695E1,3.711173E-2,4.126281E-4
7.030364E1,3.775408E-2,4.140207E-4
7.032032E1,3.838293E-2,4.107741E-4
7.033700E1,3.896323E-2,4.124137E-4
7.035369E1,3.957048E-2,4.200276E-4
7.037037E1,4.017828E-2,4.115661E-4
7.038705E1,4.074884E-2,4.173399E-4
7.040374E1,4.132586E-2,4.110750E-4
7.042042E1,4.187856E-2,4.228513E-4
7.043710E1,4.245306E-2,4.181623E-4
7.045379E1,4.299765E-2,4.243844E-4
7.047047E1,4.355908E-2,4.192731E-4
7.048715E1,4.409399E-2,4.121620E-4
7.050384E1,4.513597E-2,4.365159E-4
7.052052E1,4.566040E-2,4.356470E-4
7.053720E1,4.566434E-2,4.270745E-4
7.055389E1,4.666501E-2,4.351229E-4
7.057057E1,4.666056E-2,4.282490E-4
7.058725E1,4.762483E-2,4.371254E-4
7.060394E1,4.809976E-2,4.389612E-4
7.062062E1,4.810831E-2,4.303789E-4
7.063730E1,4.900797E-2,4.323540E-4
7.065399E1,4.899230E-2,4.258859E-4
7.067067E1,4.898250E-2,4.215909E-4
7.068735E1,5.026685E-2,4.390302E-4
7.070404E1,5.026561E-2,4.314674E-4
7.072072E1,5.108091E-2,4.451221E-4
7.073740E1,5.145826E-2,4.414292E-4
7.075409E1,5.181785E-2,4.323749E-4
7.077077E1,5.216019E-2,4.282077E-4
7.078745E1,5.251250E-2,4.518467E-4
7.080414E1,5.286173E-2,4.513503E-4
7.082082E1,5.320952E-2,4.467941E-4
7.083750E1,5.353523E-2,4.460125E-4
7.085419E1,5.385523E-2,4.440564E-4
7.087087E1,5.417275E-2,4.488008E-4
7.088755E1,5.448234E-2,4.501698E-4
7.090424E1,5.477245E-2,4.301484E-4
7.092092E1,5.502611E-2,4.411519E-4
7.093760E1,5.528445E-2,4.521905E-4
7.095429E1,5.554543E-2,4.325637E-4
7.097097E1,5.553530E-2,4.288682E-4
7.098765E1,5.600273E-2,4.389500E-4
7.100434E1,5.621849E-2,4.261299E-4
7.102102E1,5.620382E-2,4.238000E-4
7.103770E1,5.659633E-2,4.427344E-4
7.105439E1,5.661403E-2,4.360896E-4
7.107107E1,5.680091E-2,4.356794E-4
7.108775E1,5.714157E-2,4.309100E-4
7.110444E1,5.714358E-2,4.273585E-4
7.112112E1,5.743484E-2,4.357255E-4
7.113780E1,5.744525E-2,4.302845E-4
7.115449E1,5.769372E-2,4.176117E-4
7.117117E1,5.767787E-2,4.175137E-4
7.118785E1,5.776065E-2,4.280156E-4
7.120454E1,5.795496E-2,4.269004E-4
7.122122E1,5.795825E-2,4.244656E-4
7.123790E1,5.806091E-2,4.097574E-4
7.125459E1,5.803635E-2,4.115930E-4
7.127127E1,5.806574E-2,4.074068E-4
7.128795E1,5.806095E-2,4.076301E-4
7.130464E1,5.805668E-2,4.086554E-4
7.132132E1,5.804327E-2,4.104373E-4
7.133800E1,5.801433E-2,4.134311E-4
7.135469E1,5.798419E-2,4.164256E-4
7.137137E1,5.798114E-2,4.167701E-4
7.138805E1,5.794309E-2,4.224867E-4
7.140474E1,5.788706E-2,4.079555E-4
7.142142E1,5.780245E-2,4.184818E-4
7.143810E1,5.771888E-2,4.081959E-4
7.145479E1,5.761473E-2,4.231763E-4
7.147147E1,5.751053E-2,4.120493E-4
7.148815E1,5.739188E-2,4.071384E-4
7.150484E1,5.724053E-2,4.045014E-4
7.152152E1,5.708368E-2,4.255397E-4
7.153820E1,5.694535E-2,4.163722E-4
7.155489E1,5.661429E-2,4.199233E-4
7.157157E1,5.662771E-2,4.183824E-4
7.158825E1,5.645657E-2,4.150241E-4
7.160494E1,5.605025E-2,3.955822E-4
7.162162E1,5.603760E-2,4.002935E-4
7.163830E1,5.558247E-2,3.923656E-4
7.165499E1,5.556394E-2,3.985253E-4
7.167167E1,5.531233E-2,4.066486E-4
7.168836E1,5.532287E-2,4.084278E-4
7.170504E1,5.532974E-2,4.096622E-4
7.172172E1,5.424888E-2,3.815717E-4
7.173841E1,5.423568E-2,3.900309E-4
7.175509E1,5.393705E-2,3.856019E-4
7.177177E1,5.328662E-2,3.783671E-4
7.178846E1,5.326725E-2,3.882555E-4
7.180514E1,5.292766E-2,3.863129E-4
7.182182E1,5.258182E-2,3.858187E-4
7.183851E1,5.223190E-2,3.884681E-4
7.185519E1,5.187924E-2,3.919206E-4
7.187187E1,5.152055E-2,3.919394E-4
7.188856E1,5.115485E-2,3.759558E-4
7.190524E1,5.074293E-2,3.892576E-4
7.192192E1,5.034498E-2,3.766219E-4
7.193861E1,4.990570E-2,3.872871E-4
7.195529E1,4.949699E-2,3.800282E-4
7.197197E1,4.904963E-2,3.741048E-4
7.198866E1,4.859126E-2,3.854753E-4
7.200534E1,4.814943E-2,3.791822E-4
7.202202E1,4.768336E-2,3.763304E-4
7.203871E1,4.671736E-2,3.661031E-4
7.205539E1,4.670522E-2,3.762856E-4
7.207207E1,4.621966E-2,3.758242E-4
7.208876E1,4.519151E-2,3.767042E-4
7.210544E1,4.519445E-2,3.836633E-4
7.212212E1,4.415407E-2,3.861497E-4
7.213881E1,4.417212E-2,3.904775E-4
7.215549E1,4.364600E-2,3.924353E-4
7.217217E1,4.256480E-2,3.792324E-4
7.218886E1,4.256827E-2,3.848485E-4
7.220554E1,4.257094E-2,3.888120E-4
7.222222E1,4.085768E-2,3.795815E-4
7.223891E1,4.088119E-2,3.850682E-4
7.225559E1,3.971259E-2,3.717012E-4
7.227227E1,3.973373E-2,3.782905E-4
7.228896E1,3.853219E-2,3.607834E-4
7.230564E1,3.789794E-2,3.596878E-4
7.232232E1,3.725306E-2,3.751427E-4
7.233901E1,3.666023E-2,3.718285E-4
7.235569E1,3.601455E-2,3.695855E-4
7.237237E1,3.536653E-2,3.717006E-4
7.238906E1,3.471186E-2,3.737653E-4
7.240574E1,3.405069E-2,3.718121E-4
7.242242E1,3.338115E-2,3.761531E-4
7.243911E1,3.271802E-2,3.744902E-4
7.245579E1,3.204541E-2,3.730268E-4
7.247247E1,3.137425E-2,3.744290E-4
7.248916E1,3.070377E-2,3.744529E-4
7.250584E1,3.002229E-2,3.653964E-4
7.252252E1,2.930534E-2,3.711943E-4
7.253921E1,2.930473E-2,3.759504E-4
7.255589E1,2.788452E-2,3.715895E-4
7.257257E1,2.714603E-2,3.760154E-4
7.258926E1,2.715412E-2,3.791006E-4
7.260594E1,2.569230E-2,3.768862E-4
7.262262E1,2.569395E-2,3.788409E-4
7.263931E1,2.421600E-2,3.764217E-4
7.265599E1,2.348456E-2,3.752826E-4
7.267267E1,2.350813E-2,3.773773E-4
7.268936E1,2.201309E-2,3.776758E-4
7.270604E1,2.203501E-2,3.782775E-4
7.272272E1,2.204943E-2,3.787744E-4
7.273941E1,1.977465E-2,3.776651E-4
7.275609E1,1.977987E-2,3.772886E-4
7.277277E1,1.824822E-2,3.827946E-4
7.278946E1,1.826888E-2,3.807537E-4
7.280614E1,1.672985E-2,3.811269E-4
7.282282E1,1.593250E-2,3.769895E-4
7.283951E1,1.514056E-2,3.841588E-4
7.285619E1,1.437374E-2,3.834656E-4
7.287287E1,1.358428E-2,3.869546E-4
7.288956E1,1.279078E-2,3.859340E-4
7.290624E1,1.199455E-2,3.880017E-4
7.292292E1,1.118770E-2,3.903487E-4
7.293961E1,1.040945E-2,3.933854E-4
7.295629E1,9.621759E-3,3.955173E-4
7.297297E1,8.822914E-3,3.959046E-4
7.298966E1,8.036188E-3,3.973677E-4
7.300634E1,7.219832E-3,3.973108E-4
7.302302E1,6.412548E-3,4.002428E-4
7.303971E1,5.598735E-3,4.064869E-4
7.305639E1,5.584257E-3,4.012266E-4
7.307307E1,3.970594E-3,4.121963E-4
7.308976E1,3.954475E-3,4.064882E-4
7.310644E1,2.339247E-3,4.412524E-4
7.312312E1,1.570799E-3,4.395194E-4
7.313981E1,1.580320E-3,4.278003E-4
7.315649E1,-1.804361E-5,4.505046E-4
7.317317E1,-2.134393E-5,4.368723E-4
7.318986E1,-1.626180E-3,4.640417E-4
7.320654E1,-2.418899E-3,4.682091E-4
7.322322E1,-2.391933E-3,4.505566E-4
7.323991E1,-2.375195E-3,4.386558E-4
7.325659E1,-4.731800E-3,4.876272E-4
7.327327E1,-4.746475E-3,5.121268E-4
7.328996E1,-6.331386E-3,5.644730E-4
7.330664E1,-6.311877E-3,5.650143E-4
7.332332E1,-7.876981E-3,6.038211E-4
7.334001E1,-7.883228E-3,5.938644E-4
7.335669E1,-8.652778E-3,6.014370E-4
7.337337E1,-9.446800E-3,6.225297E-4
7.339006E1,-1.019118E-2,6.201028E-4
7.340674E1,-1.096806E-2,6.275102E-4
7.342342E1,-1.174296E-2,6.378829E-4
7.344011E1,-1.247947E-2,6.396430E-4
7.345679E1,-1.325739E-2,6.453211E-4
7.347347E1,-1.398495E-2,6.607617E-4
7.349016E1,-1.472725E-2,7.066856E-4
7.350684E1,-1.548714E-2,7.457118E-4
7.352352E1,-1.622126E-2,7.550482E-4
7.354021E1,-1.696041E-2,7.727783E-4
7.355689E1,-1.768655E-2,7.795731E-4
7.357357E1,-1.844912E-2,8.034291E-4
7.359026E1,-1.984353E-2,8.312242E-4
7.360694E1,-1.984681E-2,8.517170E-4
7.362362E1,-2.056552E-2,8.922679E-4
7.364031E1,-2.197683E-2,9.437442E-4
7.365699E1,-2.197807E-2,9.289652E-4
7.367367E1,-2.267607E-2,9.530383E-4
7.369036E1,-2.404381E-2,9.985392E-4
7.370704E1,-2.401751E-2,1.019913E-3
7.372372E1,-2.536881E-2,1.068873E-3
7.374041E1,-2.538777E-2,1.066784E-3
7.375709E1,-2.606289E-2,1.096154E-3
7.377377E1,-2.738115E-2,1.158200E-3
7.379046E1,-2.738492E-2,1.178057E-3
7.380714E1,-2.869150E-2,1.249462E-3
7.382382E1,-2.869456E-2,1.243100E-3
7.384051E1,-2.934592E-2,1.267842E-3
7.385719E1,-2.998470E-2,1.283552E-3
7.387387E1,-3.058919E-2,1.306041E-3
7.389056E1,-3.119672E-2,1.370303E-3
7.390724E1,-3.180648E-2,1.401310E-3
7.392392E1,-3.299505E-2,1.471640E-3
7.394061E1,-3.298757E-2,1.494859E-3
7.395729E1,-3.357814E-2,1.533027E-3
7.397397E1,-3.417347E-2,1.567019E-3
7.399066E1,-3.473595E-2,1.584688E-3
